,ID_long,area_des,area_des_recoded,same_area_recoded
0,3104718669-60949-001_3104718669-60949-002,Manhattan - East Side,Manhattan,
1,3104718669-60949-003_3104718669-60949-004,Queens,Queens,
2,3104718669-60949-005_3104718669-60949-006,Neighborhood,Manhattan,1.0
3,3104718669-60949-007_3104718669-60949-008,Manhattan,Manhattan,
4,3104718669-60949-009_3104718669-60949-010,Manhattan,Manhattan,
5,3104718669-60949-011_3104718669-60949-012,Manhattan,Manhattan,
6,3104718669-60949-013_3104718669-60949-014,,,
7,3104718669-60949-015_3104718669-60949-016,,,
8,3104734180-60950-001_3104734180-60950-002,,,
9,3104734180-60950-003_3104734180-60950-004,,,
10,3104734180-60950-005_3104734180-60950-006,,,
11,3104734180-60950-007_3104734180-60950-008,Manhattan,Manhattan,
12,3104734180-60950-009_3104734180-60950-010,,,
13,3104734180-60950-011_3104734180-60950-012,,,
14,3104734180-60950-013_3104734180-60950-014,,,
15,3104734180-60950-015_3104734180-60950-016,Manhattan,Manhattan,
16,3104744331-60951-001_3104744331-60951-002,,,
17,3104744331-60951-003_3104744331-60951-004,Queens,Queens,
18,3104744331-60951-005_3104744331-60951-006,,,
19,3104744331-60951-007_3104744331-60951-008,Sunnyside Queens,Queens,
20,3104744331-60951-009_3104744331-60951-010,Manhattan,Manhattan,
21,3104744331-60951-011_3104744331-60951-012,Queens,Queens,
22,3104744331-60951-013_3104744331-60951-014,anyplace,Any,
23,3104744331-60951-015_3104744331-60951-016,Manhattan,Manhattan,
24,3104744331-60951-017_3104744331-60951-018,L.I. (Queens) or Bronx,"Bronx, Queens",
25,3104750306-60952-001_3104750306-60952-002,Brooklyn or Manhattan,"Brooklyn, Manhattan",
26,3104750306-60952-003_3104750306-60952-004,Manhattan,Manhattan,
27,3104750306-60952-005_3104750306-60952-006,,,
28,3104750306-60952-007_3104750306-60952-008,,,
29,3104750306-60952-009_3104750306-60952-010,Manhattan,Manhattan,
30,3104750306-60952-011_3104750306-60952-012,,,
31,3104750306-60952-013_3104750306-60952-014,Any,Any,
32,3104750306-60952-015_3104750306-60952-016,,,
33,3105040525-60953-001_3105040525-60953-002,,,
34,3105040525-60953-003_3105040525-60953-004,Manhattan,Manhattan,
35,3105040525-60953-005_3105040525-60953-006,Manhattan,Manhattan,
36,3105040525-60953-007_3105040525-60953-008,,,
37,3105040525-60953-009_3105040525-60953-010,,,
38,3105040525-60953-011_3105040525-60953-012,"Brooklyn, Manhattan ","Brooklyn, Manhattan",
39,3105040525-60953-013_3105040525-60953-014,Manhattan,Manhattan,
40,3105040525-60953-015_3105040525-60953-016,,,
41,3105040525-60953-017_3105040525-60953-018,,,
42,3105040525-60953-019_3105040525-60953-020,"Manhattan, Queens ","Manhattan, Queens",
43,3105053683-60954-001_3105053683-60954-002,Manhattan - this area,Manhattan,1.0
44,3105053683-60954-003_3105053683-60954-004,Manhattan,Manhattan,
45,3105053683-60954-005_3105053683-60954-006,,,
46,3105053683-60954-007_3105053683-60954-008,Manhattan,Manhattan,
47,3105053683-60954-009_3105053683-60954-010,Manhattan,Manhattan,
48,3105053683-60954-011_3105053683-60954-012,Manhattan,Manhattan,
49,3105053683-60954-013_3105053683-60954-014,Manhattan,Manhattan,
50,3105053683-60954-015_3105053683-60954-016,L.I. Queens,Queens,
51,3105078105-60955-001_3105078105-60955-002,Manhattan,Manhattan,
52,3105078105-60955-003_3105078105-60955-004,Mid Manhattan or Upper Manhattan,Manhattan,
53,3105078105-60955-005_3105078105-60955-006,Manhattan,Manhattan,
54,3105078105-60955-007_3105078105-60955-008,,,
55,3105078105-60955-009_3105078105-60955-010,,,
56,3105078105-60955-011_3105078105-60955-012,Manhattan,Manhattan,
57,3105078105-60955-013_3105078105-60955-014,Queens,Queens,
58,3105078105-60955-015_3105078105-60955-016,Manhattan,Manhattan,
59,3105078105-60955-017_3105078105-60955-018,Manhattan,Manhattan,
60,3105078105-60955-019_3105078105-60955-020,Queens,Queens,
61,3105078105-60955-021_3105078105-60955-022,,,
62,3105078105-60955-023_3105078105-60955-024,,,
63,3105082501-60956-001_3105082501-60956-002,,,
64,3105082501-60956-003_3105082501-60956-004,Midtown Manhattan,Manhattan,
65,3105082501-60956-005_3105082501-60956-006,Manhattan,Manhattan,
66,3105082501-60956-007_3105082501-60956-008,,,
67,3105082501-60956-009_3105082501-60956-010,Sunnyside L.I.,Queens,
68,3105082501-60956-011_3105082501-60956-012,,,
69,3105082501-60956-013_3105082501-60956-014,,,
70,3105082501-60956-015_3105082501-60956-016,Manhattan,Manhattan,
71,3105082501-60956-017_3105082501-60956-018,,,
72,3105086719-60957-001_3105086719-60957-002,Astoria or Manhattan,"Manhattan, Queens",
73,3105086719-60957-003_3105086719-60957-004,Manhattan,Manhattan,
74,3105086719-60957-005_3105086719-60957-006,,,
75,3105086719-60957-007_3105086719-60957-008,,,
76,3105086719-60957-009_3105086719-60957-010,Manhattan,Manhattan,
77,3105086719-60957-011_3105086719-60957-012,Manhattan,Manhattan,
78,3105086719-60957-013_3105086719-60957-014,,,
79,3105086719-60957-015_3105086719-60957-016,,,
80,3105086719-60957-017_3105086719-60957-018,,,
81,3105086719-60957-019_3105086719-60957-020,Manhattan,Manhattan,
82,3105086719-60957-021_3105086719-60957-022,Manhattan,Manhattan,
83,3105086719-60957-023_3105086719-60957-024,Jersey,New Jersey,
84,3105154754-60958-001_3105154754-60958-002,Manhattan,Manhattan,
85,3105154754-60958-003_3105154754-60958-004,Manhattan (West Side),Manhattan,1.0
86,3105154754-60958-005_3105154754-60958-006,,,
87,3105154754-60958-007_3105154754-60958-008,,,
88,3105154754-60958-009_3105154754-60958-010,,,
89,3105154754-60958-011_3105154754-60958-012,Long Island City Queens,Queens,
90,3105154754-60958-013_3105154754-60958-014,,,
91,3105154754-60958-015_3105154754-60958-016,Manhattan,Manhattan,
92,3105154754-60958-017_3105154754-60958-018,,,
93,3105154754-60958-019_3105154754-60958-020,Manhattan,Manhattan,
94,3105154754-60958-021_3105154754-60958-022,Manhattan,Manhattan,
95,3105160556-60959-001_3105160556-60959-002,Same,Manhattan,1.0
96,3105160556-60959-003_3105160556-60959-004,West side,Manhattan,1.0
97,3105160556-60959-005_3105160556-60959-006,Manhattan,Manhattan,
98,3105160556-60959-007_3105160556-60959-008,,,
99,3105160556-60959-009_3105160556-60959-010,Bronx. Washington Heights,"Bronx, Manhattan",
100,3105160556-60959-011_3105160556-60959-012,,,
101,3105160556-60959-013_3105160556-60959-014,,,
102,3105160556-60959-015_3105160556-60959-016,,,
103,3105160556-60959-017_3105160556-60959-018,,,
104,3105160556-60959-019_3105160556-60959-020,Manhattan,Manhattan,
105,3105160556-60959-021_3105160556-60959-022,,,
106,3105160556-60959-023_3105160556-60959-024,Manhattan,Manhattan,
107,3105160556-60959-025_3105160556-60959-026,Manhattan or queens,"Manhattan, Queens",
108,3105160556-60959-027_3105160556-60959-028,,,
109,3105160556-60959-029_3105160556-60959-030,,,
110,3105160556-60959-031_3105160556-60959-032,Manhattan,Manhattan,
111,3105160556-60959-033_3105160556-60959-034,Manhattan,Manhattan,
112,3105164959-60960-001_3105164959-60960-002,,,
113,3105164959-60960-003_3105164959-60960-004,Manhattan,Manhattan,
114,3105164959-60960-005_3105164959-60960-006,Manhattan,Manhattan,
115,3105164959-60960-007_3105164959-60960-008,Mid Manhattan,Manhattan,
116,3105164959-60960-009_3105164959-60960-010,Manhattan,Manhattan,
117,3105164959-60960-011_3105164959-60960-012,West Side or Village,Manhattan,1.0
118,3105164959-60960-013_3105164959-60960-014,,,
119,3105164959-60960-015_3105164959-60960-016,,,
120,3105164959-60960-017_3105164959-60960-018,Neighborhood,Manhattan,1.0
121,3105164959-60960-019_3105164959-60960-020,Manhattan,Manhattan,
122,3105164959-60960-021_3105164959-60960-022,Manhattan,Manhattan,
123,3105164959-60960-023_3105164959-60960-024,Manhattan,Manhattan,
124,3105164959-60960-025_3105164959-60960-026,,,
125,3105164959-60960-027_3105164959-60960-028,Manhattan or Brooklyn,"Brooklyn, Manhattan",
126,3105164959-60960-029_3105164959-60960-030,"Mid Manhattan, West",Manhattan,1.0
127,3105164959-60960-031_3105164959-60960-032,Manhattan,Manhattan,
128,3105164959-60960-033_3105164959-60960-034,Manhattan,Manhattan,
129,3105164959-60960-035_3105164959-60960-036,Mid Manhattan up to 104,Manhattan,
130,3105164959-60960-037_3105164959-60960-038,Long Island,Long Island,
131,3105164959-60960-039_3105164959-60960-040,Manhattan,Manhattan,
132,3105169069-60961-001_3105169069-60961-002,Manhattan,Manhattan,
133,3105169069-60961-003_3105169069-60961-004,,,
134,3105169069-60961-005_3105169069-60961-006,Staten Island,Staten Island,
135,3105169069-60961-007_3105169069-60961-008,Manhattan,Manhattan,
136,3105169069-60961-009_3105169069-60961-010,,,
137,3105169069-60961-011_3105169069-60961-012,,,
138,3105169069-60961-013_3105169069-60961-014,,,
139,3105169069-60961-015_3105169069-60961-016,"Manhattan, bronx ","Bronx, Manhattan",
140,3105169069-60961-017_3105169069-60961-018,,,
141,3105169069-60961-019_3105169069-60961-020,Manhattan,Manhattan,
142,3105169069-60961-021_3105169069-60961-022,Manhattan,Manhattan,
143,3105169069-60961-023_3105169069-60961-024,,,
144,3105169069-60961-025_3105169069-60961-026,Manhattan,Manhattan,
145,3105169069-60961-027_3105169069-60961-028,Manhattan,Manhattan,
146,3105169069-60961-029_3105169069-60961-030,Manhattan,Manhattan,
147,3105170895-60962-001_3105170895-60962-002,Queens - Manhattan,"Manhattan, Queens",
148,3105170895-60962-003_3105170895-60962-004,Manhattan,Manhattan,
149,3105170895-60962-005_3105170895-60962-006,Brooklyn,Brooklyn,
150,3105170895-60962-007_3105170895-60962-008,,,
151,3105170895-60962-009_3105170895-60962-010,,,
152,3105170895-60962-011_3105170895-60962-012,Bonx or L. I. (Queens),"Bronx, Queens",
153,3105170895-60962-013_3105170895-60962-014,Manhattan,Manhattan,
154,3105170895-60962-015_3105170895-60962-016,Manhattan,Manhattan,
155,3105170895-60962-017_3105170895-60962-018,Manhattan,Manhattan,
156,3105170895-60962-019_3105170895-60962-020,Connecticut,Connecticut,
157,3105195350-60963-001_3105195350-60963-002,Manhattan or bronx,"Bronx, Manhattan",
158,3105195350-60963-003_3105195350-60963-004,Manhattan or Long Island,"Long Island, Manhattan",
159,3105195350-60963-005_3105195350-60963-006,,,
160,3105195350-60963-007_3105195350-60963-008,Manhattan,Manhattan,
161,3105195350-60963-009_3105195350-60963-010,Manhattan,Manhattan,
162,3105195350-60963-011_3105195350-60963-012,,,
163,3105195350-60963-013_3105195350-60963-014,,,
164,3105195350-60963-015_3105195350-60963-016,Manhattan,Manhattan,
165,3105195350-60963-017_3105195350-60963-018,Manhattan or queens,"Manhattan, Queens",
166,3105195350-60963-019_3105195350-60963-020,,,
167,3105195350-60963-021_3105195350-60963-022,,,
168,3105195350-60963-023_3105195350-60963-024,,,
169,3105195350-60963-025_3105195350-60963-026,Manhattan,Manhattan,
170,3105195350-60963-027_3105195350-60963-028,any,Any,
171,3105195350-60963-029_3105195350-60963-030,bronx,Bronx,
172,3105200949-60964-001_3105200949-60964-002,This area - Manhattan,Manhattan,1.0
173,3105200949-60964-003_3105200949-60964-004,,,
174,3105200949-60964-005_3105200949-60964-006,,,
175,3105200949-60964-007_3105200949-60964-008,,,
176,3105200949-60964-009_3105200949-60964-010,Manhattan,Manhattan,
177,3105211839-60965-001_3105211839-60965-002,,,
178,3105211839-60965-003_3105211839-60965-004,Same,Manhattan,1.0
179,3105211839-60965-005_3105211839-60965-006,Manhattan,Manhattan,
180,3105211839-60965-007_3105211839-60965-008,,,
181,3105211839-60965-009_3105211839-60965-010,Manhattan,Manhattan,
182,3105211839-60965-011_3105211839-60965-012,Manhattan,Manhattan,
183,3105211839-60965-013_3105211839-60965-014,Manhattan,Manhattan,
184,3105211839-60965-015_3105211839-60965-016,,,
185,3105211839-60965-017_3105211839-60965-018,,,
186,3105211839-60965-019_3105211839-60965-020,Manhattan,Manhattan,
187,3105211839-60965-021_3105211839-60965-022,Manhattan,Manhattan,
188,3105211839-60965-023_3105211839-60965-024,Manhattan,Manhattan,
189,3105211839-60965-025_3105211839-60965-026,Manhattan,Manhattan,
190,3105211839-60965-027_3105211839-60965-028,West Bronx,Bronx,
191,3105211839-60965-029_3105211839-60965-030,,,
192,3105211839-60965-031_3105211839-60965-032,,,
193,3105211839-60965-033_3105211839-60965-034,Bronx-Washington Heights,"Manhattan, Bronx",
194,3105211839-60965-035_3105211839-60965-036,Manhattan,Manhattan,
195,3105211839-60965-037_3105211839-60965-038,,,
196,3105211839-60965-039_3105211839-60965-040,,,
197,3105221470-60967-001_3105221470-60967-002,,,
198,3105221470-60967-003_3105221470-60967-004,,,
199,3105221470-60967-005_3105221470-60967-006,Manhattan-Brooklyn,"Brooklyn, Manhattan",
200,3105221470-60967-007_3105221470-60967-008,Mid Manhattan - West Manhattan - Long Island,"Long Island, Manhattan",1.0
201,3105221470-60967-009_3105221470-60967-010,Queens - Astoria - Bay Side,Queens,
202,3105221470-60967-011_3105221470-60967-012,Manhattan - Mid or West,Manhattan,1.0
203,3105221470-60967-013_3105221470-60967-014,Manhattan,Manhattan,
204,3105221470-60967-015_3105221470-60967-016,,,
205,3105221470-60967-017_3105221470-60967-018,Manhattan,Manhattan,
206,3105221470-60967-019_3105221470-60967-020,Manhattan,Manhattan,
207,3105221470-60967-021_3105221470-60967-022,Mid Manhattan,Manhattan,
208,3105228825-60968-001_3105228825-60968-002,Mid Manhattan,Manhattan,
209,3105228825-60968-003_3105228825-60968-004,West Side Manhattan,Manhattan,1.0
210,3105228825-60968-005_3105228825-60968-006,Manhattan,Manhattan,
211,3105228825-60968-007_3105228825-60968-008,,,
212,3105228825-60968-009_3105228825-60968-010,Manhattan - West Side,Manhattan,1.0
213,3105228825-60968-011_3105228825-60968-012,Manhattan,Manhattan,
214,3105228825-60968-013_3105228825-60968-014,,,
215,3105228825-60968-015_3105228825-60968-016,Mid Manhattan,Manhattan,
216,3105228825-60968-017_3105228825-60968-018,Same - Manhattan,Manhattan,1.0
217,3105228825-60968-019_3105228825-60968-020,Long Island,Long Island,
218,3105231609-60969-001_3105231609-60969-002,Manhattan,Manhattan,
219,3105231609-60969-003_3105231609-60969-004,Manhattan,Manhattan,
220,3105231609-60969-005_3105231609-60969-006,Manhattan,Manhattan,
221,3105231609-60969-007_3105231609-60969-008,Manhattan,Manhattan,
222,3105231609-60969-009_3105231609-60969-010,Manhattan,Manhattan,
223,3105231609-60969-011_3105231609-60969-012,,,
224,3105231609-60969-013_3105231609-60969-014,Manhattan,Manhattan,
225,3105231609-60969-015_3105231609-60969-016,Manhattan,Manhattan,
226,3105231609-60969-017_3105231609-60969-018,,,
227,3105231609-60969-019_3105231609-60969-020,Manhattan,Manhattan,
228,3105231609-60969-021_3105231609-60969-022,Manhattan,Manhattan,
229,3105231609-60969-023_3105231609-60969-024,,,
230,3105247721-60970-001_3105247721-60970-002,,,
231,3105247721-60970-003_3105247721-60970-004,?,Undecided/?,
232,3105247721-60970-005_3105247721-60970-006,,,
233,3105247721-60970-007_3105247721-60970-008,,,
234,3105247721-60970-009_3105247721-60970-010,,,
235,3105247721-60970-011_3105247721-60970-012,Manhattan,Manhattan,
236,3105247721-60970-013_3105247721-60970-014,Manhattan,Manhattan,
237,3105247721-60970-015_3105247721-60970-016,Manhattan,Manhattan,
238,3105247721-60970-017_3105247721-60970-018,,,
239,3105247721-60970-019_3105247721-60970-020,,,
240,3105247721-60970-021_3105247721-60970-022,Manhattan or Queens,"Manhattan, Queens",
241,3105247721-60970-023_3105247721-60970-024,,,
242,3105247721-60970-025_3105247721-60970-026,Manhattan,Manhattan,
243,3105247721-60970-027_3105247721-60970-028,,,
244,3105255100-60971-001_3105255100-60971-002,,,
245,3105255100-60971-003_3105255100-60971-004,,,
246,3105255100-60971-005_3105255100-60971-006,Manhattan,Manhattan,
247,3105255100-60971-007_3105255100-60971-008,Manhattan,Manhattan,
248,3105255100-60971-009_3105255100-60971-010,Manhattan,Manhattan,
249,3105255100-60971-011_3105255100-60971-012,Manhattan,Manhattan,
250,3105255100-60971-013_3105255100-60971-014,Manhattan,Manhattan,
251,3105255100-60971-015_3105255100-60971-016,,,
252,3105255100-60971-017_3105255100-60971-018,,,
253,3105255100-60971-019_3105255100-60971-020,Manhattan,Manhattan,
254,3105255100-60971-021_3105255100-60971-022,Manhattan,Manhattan,
255,3105255100-60971-023_3105255100-60971-024,[unintelligible],Unintelligible,
256,3105257795-60972-001_3105257795-60972-002,,,
257,3105257795-60972-003_3105257795-60972-004,,,
258,3105257795-60972-005_3105257795-60972-006,[unintelligible],Unintelligible,
259,3105257795-60972-007_3105257795-60972-008,,,
260,3105257795-60972-009_3105257795-60972-010,Manhattan,Manhattan,
261,3105257795-60972-011_3105257795-60972-012,[unintelligible],Unintelligible,
262,3105257795-60972-013_3105257795-60972-014,,,
263,3105257795-60972-015_3105257795-60972-016,"Bronx, Manhattan","Bronx, Manhattan",
264,3105257795-60972-017_3105257795-60972-018,Manhattan,Manhattan,
265,3105257795-60972-019_3105257795-60972-020,Manhattan,Manhattan,
266,3105257795-60972-021_3105257795-60972-022,[Unintelligible],Unintelligible,
267,3105257795-60972-023_3105257795-60972-024,Manhattan,Manhattan,
268,3105260901-60973-001_3105260901-60973-002,Manhattan,Manhattan,
269,3105260901-60973-003_3105260901-60973-004,Manhattan,Manhattan,
270,3105260901-60973-005_3105260901-60973-006,Manhattan,Manhattan,
271,3105260901-60973-007_3105260901-60973-008,queens,Queens,
272,3105260901-60973-009_3105260901-60973-010,Manhattan,Manhattan,
273,3105260901-60973-011_3105260901-60973-012,Manhattan,Manhattan,
274,3105260901-60973-013_3105260901-60973-014,Manhattan,Manhattan,
275,3105260901-60973-015_3105260901-60973-016,Manhattan,Manhattan,
276,3105260901-60973-017_3105260901-60973-018,Manhattan,Manhattan,
277,3105260901-60973-019_3105260901-60973-020,Manhattan,Manhattan,
278,3105260901-60973-021_3105260901-60973-022,Manhattan,Manhattan,
279,3105260901-60973-023_3105260901-60973-024,Manhattan,Manhattan,
280,3105260901-60973-025_3105260901-60973-026,,,
281,3105260901-60973-027_3105260901-60973-028,,,
282,3105260901-60973-029_3105260901-60973-030,Manhattan,Manhattan,
283,3105271794-60974-001_3105271794-60974-002,,,
284,3105271794-60974-003_3105271794-60974-004,Manhattan,Manhattan,
285,3105271794-60974-005_3105271794-60974-006,,,
286,3105271794-60974-007_3105271794-60974-008,Manhattan,Manhattan,
287,3105271794-60974-009_3105271794-60974-010,,,
288,3105271794-60974-011_3105271794-60974-012,,,
289,3105271794-60974-013_3105271794-60974-014,Manhattan,Manhattan,
290,3105271794-60974-015_3105271794-60974-016,Manhattan,Manhattan,
291,3105271794-60974-017_3105271794-60974-018,Manhattan,Manhattan,
292,3105271794-60974-019_3105271794-60974-020,Manhattan,Manhattan,
293,3105271794-60974-021_3105271794-60974-022,Manhattan,Manhattan,
294,3105271794-60974-023_3105271794-60974-024,queens,Queens,
295,3105271794-60974-025_3105271794-60974-026,,,
296,3105271794-60974-027_3105271794-60974-028,,,
297,3105271794-60974-029_3105271794-60974-030,,,
298,3105283572-60975-001_3105283572-60975-002,Manhattan,Manhattan,
299,3105283572-60975-003_3105283572-60975-004,"Manhattan, Long Island, bronx ","Bronx, Long Island, Manhattan",
300,3105283572-60975-005_3105283572-60975-006,any,Any,
301,3105283572-60975-007_3105283572-60975-008,Manhattan,Manhattan,
302,3105283572-60975-009_3105283572-60975-010,Manhattan or bronx,"Bronx, Manhattan",
303,3105283572-60975-011_3105283572-60975-012,Manhattan,Manhattan,
304,3105283572-60975-013_3105283572-60975-014,Manhattan or bronx,"Bronx, Manhattan",
305,3105283572-60975-015_3105283572-60975-016,staten island,Staten Island,
306,3105283572-60975-017_3105283572-60975-018,bronx or Long Island,"Bronx, Long Island",
307,3105283572-60975-019_3105283572-60975-020,,,
308,3105283572-60975-021_3105283572-60975-022,Astoria,Queens,
309,3105283572-60975-023_3105283572-60975-024,upstate,New York,
310,3105283572-60975-025_3105283572-60975-026,,,
311,3105283572-60975-027_3105283572-60975-028,Manhattan,Manhattan,
312,3105283572-60975-029_3105283572-60975-030,Manhattan or bronx,"Bronx, Manhattan",
313,3105288010-60976-001_3105288010-60976-002,Manhattan,Manhattan,
314,3105288010-60976-003_3105288010-60976-004,Manhattan,Manhattan,
315,3105288010-60976-005_3105288010-60976-006,Manhattan,Manhattan,
316,3105288010-60976-007_3105288010-60976-008,Manhattan,Manhattan,
317,3105288010-60976-009_3105288010-60976-010,Outside N.Y. suburbs,New York,
318,3105288010-60976-011_3105288010-60976-012,Upstate,New York,
319,3105288010-60976-013_3105288010-60976-014,Manhattan,Manhattan,
320,3105288010-60976-015_3105288010-60976-016,,,
321,3105288010-60976-017_3105288010-60976-018,,,
322,3105288010-60976-019_3105288010-60976-020,Manhattan,Manhattan,
323,3105288010-60976-021_3105288010-60976-022,Manhattan,Manhattan,
324,3105288010-60976-023_3105288010-60976-024,Manhattan,Manhattan,
325,3105291390-60977-001_3105291390-60977-002,,,
326,3105291390-60977-003_3105291390-60977-004,Manhattan,Manhattan,
327,3105291390-60977-005_3105291390-60977-006,,,
328,3105291390-60977-007_3105291390-60977-008,will relocate send,will relocate self,
329,3105291390-60977-009_3105291390-60977-010,Manhattan,Manhattan,
330,3105291390-60977-011_3105291390-60977-012,will try to relocate self,will relocate self,
331,3105291390-60977-013_3105291390-60977-014,Brooklyn or queens,"Brooklyn, Queens",
332,3105291390-60977-015_3105291390-60977-016,Manhattan,Manhattan,
333,3105291390-60977-017_3105291390-60977-018,,,
334,3105291390-60977-019_3105291390-60977-020,will relocate self,will relocate self,
335,3105291390-60977-021_3105291390-60977-022,Manhattan,Manhattan,
336,3105291390-60977-023_3105291390-60977-024,Manhattan,Manhattan,
337,3105291390-60977-025_3105291390-60977-026,Manhattan,Manhattan,
338,3105291390-60977-027_3105291390-60977-028,Manhattan or queens,"Manhattan, Queens",
339,3105291390-60977-029_3105291390-60977-030,queens,Queens,
340,3105293794-60978-001_3105293794-60978-002,In this area - Manahattan,Manhattan,1.0
341,3105293794-60978-003_3105293794-60978-004,,,
342,3105293794-60978-005_3105293794-60978-006,Flushing (Queens) or L.I.,"Long Island, Queens",
343,3105293794-60978-007_3105293794-60978-008,Undecided,Undecided/?,
344,3105293794-60978-009_3105293794-60978-010,East Side (Manhattan),Manhattan,
345,3105293794-60978-011_3105293794-60978-012,,,
346,3105293794-60978-013_3105293794-60978-014,,,
347,3105293794-60978-015_3105293794-60978-016,,,
348,3105293794-60978-017_3105293794-60978-018,Manhattan,Manhattan,
349,3105293794-60978-019_3105293794-60978-020,Queens,Queens,
350,3105296384-60979-001_3105296384-60979-002,,,
351,3105296384-60979-003_3105296384-60979-004,Manhattan,Manhattan,
352,3105296384-60979-005_3105296384-60979-006,queens,Queens,
353,3105296384-60979-007_3105296384-60979-008,Manhattan,Manhattan,
354,3105296384-60979-009_3105296384-60979-010,,,
355,3105296384-60979-011_3105296384-60979-012,,,
356,3105296384-60979-013_3105296384-60979-014,Manhattan,Manhattan,
357,3105296384-60979-015_3105296384-60979-016,Manhattan,Manhattan,
358,3105296384-60979-017_3105296384-60979-018,Manhattan,Manhattan,
359,3105296384-60979-019_3105296384-60979-020,Manhattan,Manhattan,
360,3105296384-60979-021_3105296384-60979-022,Manhattan,Manhattan,
361,3105296384-60979-023_3105296384-60979-024,Manhattan or Astoria,"Manhattan, Queens",
362,3105296384-60979-025_3105296384-60979-026,Manhattan,Manhattan,
363,3105296384-60979-027_3105296384-60979-028,,,
364,3105296384-60979-029_3105296384-60979-030,Manhattan,Manhattan,
365,3105296384-60979-031_3105296384-60979-032,Manhattan,Manhattan,
366,3105298148-60980-001_3105298148-60980-002,Manhattan,Manhattan,
367,3105298148-60980-003_3105298148-60980-004,,,
368,3105298148-60980-005_3105298148-60980-006,Manhattan,Manhattan,
369,3105298148-60980-007_3105298148-60980-008,Manhattan,Manhattan,
370,3105298148-60980-009_3105298148-60980-010,Manhattan,Manhattan,
371,3105298148-60980-011_3105298148-60980-012,Manhattan,Manhattan,
372,3105298148-60980-013_3105298148-60980-014,Manhattan or Bronx,"Bronx, Manhattan",
373,3105298148-60980-015_3105298148-60980-016,,,
374,3105298148-60980-017_3105298148-60980-018,,,
375,3105298148-60980-019_3105298148-60980-020,,,
376,3105298148-60980-021_3105298148-60980-022,,,
377,3105300183-60981-001_3105300183-60981-002,,,
378,3105300183-60981-003_3105300183-60981-004,Manhattan,Manhattan,
379,3105300183-60981-005_3105300183-60981-006,Manhattan,Manhattan,
380,3105300183-60981-007_3105300183-60981-008,Manhattan,Manhattan,
381,3105300183-60981-009_3105300183-60981-010,Brooklyn or Long Island,"Brooklyn, Long Island",
382,3105300183-60981-011_3105300183-60981-012,Manhattan,Manhattan,
383,3105300183-60981-013_3105300183-60981-014,,,
384,3105300183-60981-015_3105300183-60981-016,Manhattan,Manhattan,
385,3105300183-60981-017_3105300183-60981-018,Manhattan,Manhattan,
386,3105300183-60981-019_3105300183-60981-020,,,
387,3105300183-60981-021_3105300183-60981-022,Manhattan,Manhattan,
388,3105300183-60981-023_3105300183-60981-024,Manhattan,Manhattan,
389,3105300183-60981-025_3105300183-60981-026,Manhattan,Manhattan,
390,3105300183-60981-027_3105300183-60981-028,Manhattan,Manhattan,
391,3105300183-60981-029_3105300183-60981-030,Manhattan,Manhattan,
392,3105302993-60982-001_3105302993-60982-002,,,
393,3105302993-60982-003_3105302993-60982-004,,,
394,3105302993-60982-005_3105302993-60982-006,,,
395,3105302993-60982-007_3105302993-60982-008,Manhattan,Manhattan,
396,3105302993-60982-009_3105302993-60982-010,Manhattan,Manhattan,
397,3105302993-60982-011_3105302993-60982-012,,,
398,3105302993-60982-013_3105302993-60982-014,Manhattan - Washington Heights,Manhattan,
399,3105302993-60982-015_3105302993-60982-016,,,
400,3105302993-60982-017_3105302993-60982-018,Manhattan,Manhattan,
401,3105302993-60982-019_3105302993-60982-020,,,
402,3105302993-60982-021_3105302993-60982-022,,,
403,3150219515-60966-001_3150219515-60966-002,same,Manhattan,1.0
404,3150219515-60966-003_3150219515-60966-004,Manhattan,Manhattan,
405,3150219515-60966-005_3150219515-60966-006,,,
406,3150219515-60966-007_3150219515-60966-008,Neighborhood,Manhattan,1.0
407,3150219515-60966-009_3150219515-60966-010,Near,Manhattan,1.0
408,3150219515-60966-011_3150219515-60966-012,Manhattan,Manhattan,
409,3150219515-60966-013_3150219515-60966-014,Manhattan,Manhattan,
410,3150219515-60966-015_3150219515-60966-016,,,
411,3150219515-60966-017_3150219515-60966-018,W 50's,Manhattan,1.0
412,3150219515-60966-019_3150219515-60966-020,,,
413,3150219515-60966-021_3150219515-60966-022,Middle Manhattan,Manhattan,
414,3150219515-60966-023_3150219515-60966-024,Long Island or Manhattan,"Long Island, Manhattan",
415,3150219515-60966-025_3150219515-60966-026,,,
416,3150219515-60966-027_3150219515-60966-028,,,
417,3150219515-60966-029_3150219515-60966-030,Long Island,Long Island,
418,3150219515-60966-031_3150219515-60966-032,,,
419,3150219515-60966-033_3150219515-60966-034,W 60s,Manhattan,1.0
420,3150219515-60966-035_3150219515-60966-036,East Side Manhattan or West,Manhattan,1.0
421,3150219515-60966-037_3150219515-60966-038,Mid Manhattan,Manhattan,
422,3150219515-60966-039_3150219515-60966-040,Same Area,Manhattan,1.0
423,3150219515-60966-041_3150219515-60966-042,,,
424,3150219515-60966-043_3150219515-60966-044,,,
425,3195236545-60983-001_3195236545-60983-002,Manhattan,Manhattan,
426,3195236545-60983-003_3195236545-60983-004,?,Undecided/?,
427,3195236545-60983-005_3195236545-60983-006,Manhattan,Manhattan,
428,3195236545-60983-007_3195236545-60983-008,Manhattan,Manhattan,
429,3195236545-60983-009_3195236545-60983-010,Manhattan,Manhattan,
430,3195236545-60983-011_3195236545-60983-012,Manhattan,Manhattan,
431,3195236545-60983-013_3195236545-60983-014,Manhattan,Manhattan,
432,3195236545-60983-015_3195236545-60983-016,Manhattan,Manhattan,
433,3195236545-60983-017_3195236545-60983-018,,,
434,3195236545-60983-019_3195236545-60983-020,Manhattan,Manhattan,
435,3195236545-60983-021_3195236545-60983-022,,,
436,3195236545-60983-023_3195236545-60983-024,Manhattan,Manhattan,
437,3195236545-60983-025_3195236545-60983-026,Manhattan,Manhattan,
438,3195263566-61020-001_3195263566-61020-002,,,
439,3195263566-61020-003_3195263566-61020-004,,,
440,3195263566-61020-005_3195263566-61020-006,,,
441,3195263566-61020-007_3195263566-61020-008,,,
442,3195263566-61020-009_3195263566-61020-010,,,
443,3195263566-61020-011_3195263566-61020-012,,,
444,3195263566-61020-013_3195263566-61020-014,,,
445,3195263566-61020-015_3195263566-61020-016,Manhattan,Manhattan,
446,3195263566-61020-017_3195263566-61020-018,,,
447,3195263566-61020-019_3195263566-61020-020,,,
448,3195263566-61020-021_3195263566-61020-022,,,
449,3195263566-61020-023_3195263566-61020-024,,,
450,3195263566-61020-025_3195263566-61020-026,,,
451,3195263566-61020-027_3195263566-61020-028,,,
452,3195263566-61020-029_3195263566-61020-030,,,
453,3195263566-61020-031_3195263566-61020-032,,,
454,3195263566-61020-033_3195263566-61020-034,,,
455,3195263566-61020-035_3195263566-61020-036,,,
456,3195275806-61021-001_3195275806-61021-002,,,
457,3195275806-61021-003_3195275806-61021-004,,,
458,3195275806-61021-005_3195275806-61021-006,,,
459,3195275806-61021-007_3195275806-61021-008,,,
460,3195275806-61021-009_3195275806-61021-010,,,
461,3195275806-61021-011_3195275806-61021-012,,,
462,3195275806-61021-013_3195275806-61021-014,,,
463,3195275806-61021-015_3195275806-61021-016,,,
464,3195275806-61021-017_3195275806-61021-018,,,
465,3195275806-61021-019_3195275806-61021-020,,,
466,3195275806-61021-021_3195275806-61021-022,,,
467,3195275806-61021-023_3195275806-61021-024,,,
468,3195276858-61051-001_3195276858-61051-002,,,
469,3195276858-61051-003_3195276858-61051-004,,,
470,3195276858-61051-005_3195276858-61051-006,,,
471,3195276858-61051-007_3195276858-61051-008,Manhattan,Manhattan,
472,3195276858-61051-009_3195276858-61051-010,,,
473,3195276858-61051-011_3195276858-61051-012,Manhattan,Manhattan,
474,3195276858-61051-013_3195276858-61051-014,Anywhere,Any,
475,3195276858-61051-015_3195276858-61051-016,,,
476,3195364380-61052-001_3195364380-61052-002,,,
477,3195364380-61052-003_3195364380-61052-004,,,
478,3195364380-61052-005_3195364380-61052-006,,,
479,3195364380-61052-007_3195364380-61052-008,,,
480,3195364380-61052-009_3195364380-61052-010,,,
481,3195364380-61052-011_3195364380-61052-012,,,
482,3195364380-61052-013_3195364380-61052-014,,,
483,3195364380-61052-015_3195364380-61052-016,,,
484,3195364380-61052-017_3195364380-61052-018,Anywhere,Any,
485,3195364380-61052-019_3195364380-61052-020,,,
486,3195364380-61052-021_3195364380-61052-022,Long Island,Long Island,
487,3195364380-61052-023_3195364380-61052-024,,,
488,3195364380-61052-025_3195364380-61052-026,,,
489,3195364380-61052-027_3195364380-61052-028,,,
490,3195364380-61052-029_3195364380-61052-030,,,
491,3195364380-61052-031_3195364380-61052-032,,,
492,3195364380-61052-033_3195364380-61052-034,,,
493,3195364380-61052-035_3195364380-61052-036,Anywhere,Any,
494,3195364380-61052-037_3195364380-61052-038,,,
495,3195364380-61052-039_3195364380-61052-040,,,
496,3195364380-61052-041_3195364380-61052-042,,,
497,3195364380-61052-043_3195364380-61052-044,,,
498,3195364380-61052-045_3195364380-61052-046,,,
499,3195364380-61052-047_3195364380-61052-048,Bronx or Manhattan,"Bronx, Manhattan",
500,3195364380-61052-049_3195364380-61052-050,,,
501,3195364380-61052-051_3195364380-61052-052,,,
502,3195364380-61052-053_3195364380-61052-054,,,
503,3195364380-61052-055_3195364380-61052-056,,,
504,3195368322-61081-001_3195368322-61081-002,Manhattan,Manhattan,
505,3195368322-61081-003_3195368322-61081-004,,,
506,3195368322-61081-005_3195368322-61081-006,,,
507,3195368322-61081-007_3195368322-61081-008,,,
508,3195368322-61081-009_3195368322-61081-010,Manhattan,Manhattan,
509,3195368322-61081-011_3195368322-61081-012,,,
510,3195368322-61081-013_3195368322-61081-014,Manhattan,Manhattan,
511,3195368322-61081-015_3195368322-61081-016,,,
512,3195368322-61081-017_3195368322-61081-018,Manhattan,Manhattan,
513,3195368322-61081-019_3195368322-61081-020,Bronx,Bronx,
514,3195373134-61082-001_3195373134-61082-002,Manhattan,Manhattan,
515,3195373134-61082-003_3195373134-61082-004,,,
516,3195373134-61082-005_3195373134-61082-006,,,
517,3195373134-61082-007_3195373134-61082-008,,,
518,3195373134-61082-009_3195373134-61082-010,Manhattan,Manhattan,
519,3195373134-61082-011_3195373134-61082-012,Manhattan,Manhattan,
520,3195373134-61082-013_3195373134-61082-014,,,
521,3195373134-61082-015_3195373134-61082-016,,,
522,3195373134-61082-017_3195373134-61082-018,,,
523,3195373134-61082-019_3195373134-61082-020,,,
524,3195373134-61082-021_3195373134-61082-022,,,
525,3195374663-61114-001_3195374663-61114-002,,,
526,3195374663-61114-003_3195374663-61114-004,Manhattan,Manhattan,
527,3195374663-61114-007_3195374663-61114-008,,,
528,3195374663-61114-009_3195374663-61114-010,,,
529,3195374663-61114-011_3195374663-61114-012,,,
530,3195374663-61114-013_3195374663-61114-014,Manhattan,Manhattan,
531,3195374663-61114-015_3195374663-61114-016,,,
532,3195374663-61114-017_3195374663-61114-018,Manhattan,Manhattan,
533,3195374663-61114-019_3195374663-61114-020,,,
534,3195374663-61114-021_3195374663-61114-022,,,
535,3195374663-61114-023_3195374663-61114-024,Manhattan,Manhattan,
536,3262897985-60984-001_3262897985-60984-002,Manhattan,Manhattan,
537,3262897985-60984-003_3262897985-60984-004,Manhattan,Manhattan,
538,3262897985-60984-005_3262897985-60984-006,Manhattan east,Manhattan,
539,3262897985-60984-007_3262897985-60984-008,,,
540,3262897985-60984-009_3262897985-60984-010,Manhattan,Manhattan,
541,3262897985-60984-011_3262897985-60984-012,Bronx,Bronx,
542,3262897985-60984-013_3262897985-60984-014,Manhattan,Manhattan,
543,3262897985-60984-015_3262897985-60984-016,,,
544,3262897985-60984-017_3262897985-60984-018,Manhattan,Manhattan,
545,3262897985-60984-019_3262897985-60984-020,,,
546,3262897985-60984-021_3262897985-60984-022,Manhattan,Manhattan,
547,3262901080-60985-001_3262901080-60985-002,Manhattan,Manhattan,
548,3262901080-60985-003_3262901080-60985-004,,,
549,3262901080-60985-005_3262901080-60985-006,Manhattan,Manhattan,
550,3262901080-60985-007_3262901080-60985-008,,,
551,3262901080-60985-009_3262901080-60985-010,Manhattan,Manhattan,
552,3262901080-60985-011_3262901080-60985-012,New Jersey,New Jersey,
553,3262901080-60985-013_3262901080-60985-014,,,
554,3262901080-60985-015_3262901080-60985-016,,,
555,3262901080-60985-017_3262901080-60985-018,,,
556,3262901080-60985-019_3262901080-60985-020,Manhattan,Manhattan,
557,3262901080-60985-021_3262901080-60985-022,"Manhattan, bronx ","Bronx, Manhattan",
558,3262901080-60985-023_3262901080-60985-024,Manhattan,Manhattan,
559,3262901080-60985-025_3262901080-60985-026,,,
560,3262901080-60985-027_3262901080-60985-028,,,
561,3262901080-60985-029_3262901080-60985-030,Manhattan,Manhattan,
562,3262901378-60986-001_3262901378-60986-002,,,
563,3262901378-60986-003_3262901378-60986-004,,,
564,3262901378-60986-005_3262901378-60986-006,,,
565,3262901378-60986-007_3262901378-60986-008,Manhattan,Manhattan,
566,3262901378-60986-009_3262901378-60986-010,,,
567,3262901378-60986-011_3262901378-60986-012,,,
568,3262901378-60986-013_3262901378-60986-014,,,
569,3262901378-60986-015_3262901378-60986-016,Manhattan,Manhattan,
570,3262901378-60986-017_3262901378-60986-018,Manhattan,Manhattan,
571,3262901378-60986-019_3262901378-60986-020,Manhattan,Manhattan,
572,3262901378-60986-021_3262901378-60986-022,Manhattan,Manhattan,
573,3262901378-60986-023_3262901378-60986-024,L.I,Long Island,
574,3262901378-60986-025_3262901378-60986-026,,,
575,3262901378-60986-027_3262901378-60986-028,,,
576,3262901378-60986-029_3262901378-60986-030,,,
577,3262901378-60986-031_3262901378-60986-032,Manhattan,Manhattan,
578,3262901700-60987-001_3262901700-60987-002,,,
579,3262901700-60987-003_3262901700-60987-004,,,
580,3262901700-60987-005_3262901700-60987-006,,,
581,3262901700-60987-007_3262901700-60987-008,,,
582,3262901700-60987-009_3262901700-60987-010,,,
583,3262901700-60987-011_3262901700-60987-012,,,
584,3262901700-60987-013_3262901700-60987-014,,,
585,3262901700-60987-015_3262901700-60987-016,Manhattan,Manhattan,
586,3262901700-60987-017_3262901700-60987-018,Manhattan,Manhattan,
587,3262901700-60987-019_3262901700-60987-020,Manhattan,Manhattan,
588,3262901700-60987-021_3262901700-60987-022,,,
589,3262901700-60987-023_3262901700-60987-024,Other area,Other,
590,3262901700-60987-025_3262901700-60987-026,Manhattan,Manhattan,
591,3262901700-60987-027_3262901700-60987-028,,,
592,3262901700-60987-029_3262901700-60987-030,,,
593,3262901700-60987-031_3262901700-60987-032,,,
594,3262901700-60987-033_3262901700-60987-034,Manhattan,Manhattan,
595,3262901700-60987-035_3262901700-60987-036,Any,Any,
596,3262902027-60988-001_3262902027-60988-002,Manhattan,Manhattan,
597,3262902027-60988-003_3262902027-60988-004,,,
598,3262902027-60988-005_3262902027-60988-006,,,
599,3262902027-60988-007_3262902027-60988-008,Long Island or Upper Manhattan,"Long Island, Manhattan",
600,3262902027-60988-009_3262902027-60988-010,,,
601,3262902027-60988-011_3262902027-60988-012,Manhattan,Manhattan,
602,3262902027-60988-013_3262902027-60988-014,Same Area,Manhattan,1.0
603,3262902027-60988-015_3262902027-60988-016,Manhattan,Manhattan,
604,3262902027-60988-017_3262902027-60988-018,Manhattan,Manhattan,
605,3262902027-60988-019_3262902027-60988-020,,,
606,3262902338-60989-001_3262902338-60989-002,,,
607,3262902338-60989-003_3262902338-60989-004,Manhattan,Manhattan,
608,3262902338-60989-005_3262902338-60989-006,Manhattan,Manhattan,
609,3262902338-60989-007_3262902338-60989-008,,,
610,3262902338-60989-009_3262902338-60989-010,westside,Manhattan,1.0
611,3262902338-60989-011_3262902338-60989-012,Manhattan,Manhattan,
612,3262902338-60989-013_3262902338-60989-014,Manhattan,Manhattan,
613,3262902338-60989-015_3262902338-60989-016,,,
614,3262902338-60989-017_3262902338-60989-018,any,Any,
615,3262902338-60989-019_3262902338-60989-020,,,
616,3262902338-60989-021_3262902338-60989-022,Manhattan,Manhattan,
617,3262902338-60989-023_3262902338-60989-024,,,
618,3262902338-60989-025_3262902338-60989-026,,,
619,3262902338-60989-027_3262902338-60989-028,Manhattan,Manhattan,
620,3262902338-60989-029_3262902338-60989-030,Long Island,Long Island,
621,3262902617-60990-001_3262902617-60990-002,,,
622,3262902617-60990-003_3262902617-60990-004,"Manhattan, bronx ","Bronx, Manhattan",
623,3262902617-60990-005_3262902617-60990-006,Manhattan,Manhattan,
624,3262902617-60990-007_3262902617-60990-008,Manhattan,Manhattan,
625,3262902617-60990-009_3262902617-60990-010,Manhattan,Manhattan,
626,3262902617-60990-011_3262902617-60990-012,,,
627,3262902617-60990-013_3262902617-60990-014,Manhattan,Manhattan,
628,3262902617-60990-015_3262902617-60990-016,,,
629,3262902617-60990-017_3262902617-60990-018,,,
630,3262902617-60990-019_3262902617-60990-020,Manhattan,Manhattan,
631,3262902617-60990-021_3262902617-60990-022,Manhattan,Manhattan,
632,3262902861-60991-001_3262902861-60991-002,queens,Queens,
633,3262902861-60991-003_3262902861-60991-004,,,
634,3262902861-60991-005_3262902861-60991-006,Manhattan,Manhattan,
635,3262902861-60991-007_3262902861-60991-008,,,
636,3262902861-60991-009_3262902861-60991-010,,,
637,3262902861-60991-011_3262902861-60991-012,,,
638,3262902861-60991-013_3262902861-60991-014,,,
639,3262902861-60991-015_3262902861-60991-016,,,
640,3262902861-60991-017_3262902861-60991-018,,,
641,3262902861-60991-019_3262902861-60991-020,L.I,Long Island,
642,3262902861-60991-021_3262902861-60991-022,Manhattan,Manhattan,
643,3262902861-60991-023_3262902861-60991-024,bronx,Bronx,
644,3262902861-60991-025_3262902861-60991-026,,,
645,3262905290-60992-001_3262905290-60992-002,,,
646,3262905290-60992-003_3262905290-60992-004,,,
647,3262905290-60992-005_3262905290-60992-006,Manhattan,Manhattan,
648,3262905290-60992-007_3262905290-60992-008,,,
649,3262905290-60992-009_3262905290-60992-010,,,
650,3262905290-60992-011_3262905290-60992-012,,,
651,3262905290-60992-013_3262905290-60992-014,Manhattan,Manhattan,
652,3262905290-60992-015_3262905290-60992-016,,,
653,3262905290-60992-017_3262905290-60992-018,Manhattan,Manhattan,
654,3262905290-60992-019_3262905290-60992-020,Any,Any,
655,3262905290-60992-021_3262905290-60992-022,,,
656,3262905290-60992-023_3262905290-60992-024,Manhattan,Manhattan,
657,3262905290-60992-025_3262905290-60992-026,Manhattan,Manhattan,
658,3262905290-60992-027_3262905290-60992-028,,,
659,3262905290-60992-029_3262905290-60992-030,Manhattan,Manhattan,
660,3262905290-60992-031_3262905290-60992-032,,,
661,3262905290-60992-033_3262905290-60992-034,Manhattan,Manhattan,
662,3262905290-60992-035_3262905290-60992-036,,,
663,3262905290-60992-037_3262905290-60992-038,,,
664,3262905511-60993-001_3262905511-60993-002,Same Vecinity,Manhattan,1.0
665,3262905511-60993-003_3262905511-60993-004,,,
666,3262905511-60993-005_3262905511-60993-006,,,
667,3262905511-60993-007_3262905511-60993-008,"Astoria, L.I.","Long Island, Queens",
668,3262905663-60994-001_3262905663-60994-002,,,
669,3262905663-60994-003_3262905663-60994-004,,,
670,3262905663-60994-005_3262905663-60994-006,Manhattan - Neighborhood,Manhattan,1.0
671,3262905663-60994-007_3262905663-60994-008,Manhattan - Neighborhood,Manhattan,1.0
672,3262905663-60994-009_3262905663-60994-010,Jersey,New Jersey,
673,3262905663-60994-011_3262905663-60994-012,Queens,Queens,
674,3262905663-60994-013_3262905663-60994-014,Manhattan,Manhattan,
675,3262905663-60994-015_3262905663-60994-016,Manhattan,Manhattan,
676,3262905663-60994-017_3262905663-60994-018,Manhattan,Manhattan,
677,3262906641-60995-001_3262906641-60995-002,Manhattan - Bronx,"Bronx, Manhattan",
678,3262906641-60995-003_3262906641-60995-004,Manhattan - Bronx,"Bronx, Manhattan",
679,3262906641-60995-005_3262906641-60995-006,,,
680,3262906641-60995-007_3262906641-60995-008,Manhattan,Manhattan,
681,3262906641-60995-009_3262906641-60995-010,,,
682,3262906641-60995-011_3262906641-60995-012,Manhattan,Manhattan,
683,3262906641-60995-013_3262906641-60995-014,Manhattan - Lower Manhattan,Manhattan,
684,3262906641-60995-015_3262906641-60995-016,New Jersey,New Jersey,
685,3262906930-60996-001_3262906930-60996-002,Queens or Manhattan,"Manhattan, Queens",
686,3262906930-60996-003_3262906930-60996-004,,,
687,3262906930-60996-005_3262906930-60996-006,Manhattan,Manhattan,
688,3262906930-60996-007_3262906930-60996-008,Manhattan - Neighborhood,Manhattan,1.0
689,3262906930-60996-009_3262906930-60996-010,Manhattan - Midtown,Manhattan,
690,3262906930-60996-011_3262906930-60996-012,Manhattan,Manhattan,
691,3262906930-60996-013_3262906930-60996-014,Long Island,Long Island,
692,3262906930-60996-015_3262906930-60996-016,Any,Any,
693,3262907180-60997-001_3262907180-60997-002,,,
694,3262907180-60997-003_3262907180-60997-004,,,
695,3262907180-60997-005_3262907180-60997-006,Manhattan,Manhattan,
696,3262907180-60997-007_3262907180-60997-008,Manhattan,Manhattan,
697,3262907180-60997-009_3262907180-60997-010,,,
698,3262907180-60997-011_3262907180-60997-012,Queens,Queens,
699,3262907180-60997-013_3262907180-60997-014,,,
700,3262907180-60997-015_3262907180-60997-016,,,
701,3262907343-60998-001_3262907343-60998-002,Manhattan,Manhattan,
702,3262907343-60998-003_3262907343-60998-004,Bronx,Bronx,
703,3262907343-60998-005_3262907343-60998-006,,,
704,3262907343-60998-007_3262907343-60998-008,Manhattan - Same,Manhattan,1.0
705,3262907343-60998-009_3262907343-60998-010,Queens,Queens,
706,3262907343-60998-011_3262907343-60998-012,,,
707,3262907343-60998-013_3262907343-60998-014,New Jersey,New Jersey,
708,3262907343-60998-015_3262907343-60998-016,,,
709,3262907343-60998-017_3262907343-60998-018,,,
710,3262908386-60999-001_3262908386-60999-002,Manhattan,Manhattan,
711,3262908386-60999-003_3262908386-60999-004,,,
712,3262908386-60999-005_3262908386-60999-006,,,
713,3262908386-60999-007_3262908386-60999-008,,,
714,3262908386-60999-009_3262908386-60999-010,Manhattan,Manhattan,
715,3262908386-60999-011_3262908386-60999-012,Manhattan,Manhattan,
716,3262908386-60999-013_3262908386-60999-014,,,
717,3262908386-60999-015_3262908386-60999-016,Manhattan,Manhattan,
718,3262908386-60999-017_3262908386-60999-018,"Brooklyn, Manhattan","Brooklyn, Manhattan",
719,3262908386-60999-019_3262908386-60999-020,Manhattan,Manhattan,
720,3262908556-60100-001_3262908556-60100-002,Manhattan,Manhattan,
721,3262908556-60100-003_3262908556-60100-004,,,
722,3262908556-60100-005_3262908556-60100-006,Bronx,Bronx,
723,3262908556-60100-007_3262908556-60100-008,Manhattan - Same,Manhattan,1.0
724,3262908556-60100-009_3262908556-60100-010,Manhattan - Midtown,Manhattan,
725,3262908556-60100-011_3262908556-60100-012,Manhattan,Manhattan,
726,3262908556-60100-013_3262908556-60100-014,Manhattan - West Side Uptown,Manhattan,1.0
727,3262908556-60100-015_3262908556-60100-016,Bronx,Bronx,
728,3262908556-60100-017_3262908556-60100-018,,,
729,3262908762-60101-001_3262908762-60101-002,,,
730,3262908762-60101-003_3262908762-60101-004,Manhattan,Manhattan,
731,3262908762-60101-005_3262908762-60101-006,,,
732,3262908762-60101-007_3262908762-60101-008,Manhattan - Neighborhood,Manhattan,1.0
733,3262908762-60101-009_3262908762-60101-010,Manhattan - Westside (23st to 80st),Manhattan,1.0
734,3262908762-60101-011_3262908762-60101-012,Manhattan,Manhattan,
735,3262908762-60101-013_3262908762-60101-014,Manhattan,Manhattan,
736,3262908762-60101-015_3262908762-60101-016,,,
737,3262908762-60101-017_3262908762-60101-018,Manhattan,Manhattan,
738,3262908762-60101-019_3262908762-60101-020,,,
739,3262908917-60102-001_3262908917-60102-002,,,
740,3262908917-60102-003_3262908917-60102-004,,,
741,3262911388-61003-001_3262911388-61003-002,,,
742,3262911388-61003-003_3262911388-61003-004,,,
743,3262911388-61003-005_3262911388-61003-006,Manhattan,Manhattan,
744,3262911388-61003-007_3262911388-61003-008,,,
745,3262911388-61003-009_3262911388-61003-010,anywhere,Any,
746,3262911388-61003-011_3262911388-61003-012,bronx,Bronx,
747,3262911388-61003-013_3262911388-61003-014,,,
748,3262911388-61003-015_3262911388-61003-016,Manhattan,Manhattan,
749,3262911388-61003-017_3262911388-61003-018,,,
750,3262911388-61003-019_3262911388-61003-020,,,
751,3262911388-61003-021_3262911388-61003-022,anywhere,Any,
752,3262911388-61003-023_3262911388-61003-024,Staten Island,Staten Island,
753,3262911388-61003-025_3262911388-61003-026,,,
754,3262911388-61003-027_3262911388-61003-028,,,
755,3262911388-61003-029_3262911388-61003-030,,,
756,3262911388-61003-031_3262911388-61003-032,,,
757,3262911615-61004-001_3262911615-61004-002,West Side Manhattan,Manhattan,1.0
758,3262911615-61004-003_3262911615-61004-004,,,
759,3262911615-61004-005_3262911615-61004-006,Anywhere,Any,
760,3262911615-61004-007_3262911615-61004-008,Brooklyn,Brooklyn,
761,3262911615-61004-009_3262911615-61004-010,,,
762,3262911615-61004-011_3262911615-61004-012,Anywhere or Manhattan,"Any, Manhattan",
763,3262911615-61004-013_3262911615-61004-014,,,
764,3262911615-61004-015_3262911615-61004-016,,,
765,3262911615-61004-017_3262911615-61004-018,,,
766,3262911615-61004-019_3262911615-61004-020,,,
767,3262911615-61004-021_3262911615-61004-022,,,
768,3262911615-61004-023_3262911615-61004-024,,,
769,3262911615-61004-025_3262911615-61004-026,26 St-49st Westside,Manhattan,1.0
770,3262911615-61004-027_3262911615-61004-028,,,
771,3262911615-61004-029_3262911615-61004-030,,,
772,3262911615-61004-031_3262911615-61004-032,,,
773,3262911615-61004-033_3262911615-61004-034,Anywhere,Any,
774,3262911615-61004-035_3262911615-61004-036,,,
775,3262911615-61004-037_3262911615-61004-038,,,
776,3262911615-61004-039_3262911615-61004-040,Manhattan,Manhattan,
777,3262911615-61004-041_3262911615-61004-042,Bronx,Bronx,
778,3262911615-61004-043_3262911615-61004-044,,,
779,3262911615-61004-045_3262911615-61004-046,,,
780,3262911615-61004-047_3262911615-61004-048,Manhattan,Manhattan,
781,3262911802-61005-001_3262911802-61005-002,,,
782,3262911802-61005-003_3262911802-61005-004,,,
783,3262911802-61005-005_3262911802-61005-006,Bronx,Bronx,
784,3262911802-61005-007_3262911802-61005-008,Manhattan - anywhere,Manhattan,
785,3262911802-61005-009_3262911802-61005-010,,,
786,3262911802-61005-011_3262911802-61005-012,,,
787,3262911802-61005-013_3262911802-61005-014,,,
788,3262912784-61006-001_3262912784-61006-002,Manhattan,Manhattan,
789,3262912784-61006-003_3262912784-61006-004,Manhattan - Mid,Manhattan,
790,3262912784-61006-005_3262912784-61006-006,Manhattan - Mid West Side,Manhattan,1.0
791,3262912784-61006-007_3262912784-61006-008,Manhattan Long Island,"Long Island, Manhattan",
792,3262912784-61006-009_3262912784-61006-010,Manhattan,Manhattan,
793,3262912784-61006-011_3262912784-61006-012,Manhattan - Neighborhood,Manhattan,1.0
794,3262912784-61006-013_3262912784-61006-014,,,
795,3262912784-61006-015_3262912784-61006-016,Manhattan,Manhattan,
796,3262912784-61006-017_3262912784-61006-018,Manhattan - Lower Man or Mid West,Manhattan,1.0
797,3262912784-61006-019_3262912784-61006-020,Long Island (Queens) Astoria,Queens,
798,3262913099-61007-001_3262913099-61007-002,Manhattan,Manhattan,
799,3262913099-61007-003_3262913099-61007-004,Manhattan,Manhattan,
800,3262913099-61007-005_3262913099-61007-006,Manhattan,Manhattan,
801,3262913099-61007-007_3262913099-61007-008,Bronx,Bronx,
802,3262913099-61007-009_3262913099-61007-010,Manhattan,Manhattan,
803,3262913099-61007-011_3262913099-61007-012,Manhattan,Manhattan,
804,3262913099-61007-013_3262913099-61007-014,Manhattan,Manhattan,
805,3262913099-61007-015_3262913099-61007-016,,,
806,3262913099-61007-017_3262913099-61007-018,Manhattan,Manhattan,
807,3262913099-61007-019_3262913099-61007-020,,,
808,3262913099-61007-021_3262913099-61007-022,,,
809,3262913528-61008-001_3262913528-61008-002,,,
810,3262913528-61008-003_3262913528-61008-004,,,
811,3262913528-61008-005_3262913528-61008-006,,,
812,3262913528-61008-007_3262913528-61008-008,,,
813,3262913528-61008-009_3262913528-61008-010,,,
814,3262913528-61008-011_3262913528-61008-012,,,
815,3262913528-61008-013_3262913528-61008-014,Manhattan,Manhattan,
816,3262913528-61008-015_3262913528-61008-016,Manhattan,Manhattan,
817,3262913528-61008-017_3262913528-61008-018,,,
818,3262913528-61008-019_3262913528-61008-020,Manhattan,Manhattan,
819,3262913528-61008-021_3262913528-61008-022,Manhattan,Manhattan,
820,3262913528-61008-023_3262913528-61008-024,,,
821,3262913528-61008-025_3262913528-61008-026,,,
822,3262913967-61009-001_3262913967-61009-002,Manhattan,Manhattan,
823,3262913967-61009-003_3262913967-61009-004,,,
824,3262913967-61009-005_3262913967-61009-006,manhattan,Manhattan,
825,3262913967-61009-007_3262913967-61009-008,"Queens, Manhattan","Manhattan, Queens",
826,3262913967-61009-009_3262913967-61009-010,,,
827,3262913967-61009-011_3262913967-61009-012,Manhattan,Manhattan,
828,3262913967-61009-013_3262913967-61009-014,Manhattan - same neighborhood,Manhattan,1.0
829,3262913967-61009-015_3262913967-61009-016,,,
830,3262913967-61009-017_3262913967-61009-018,Long Island (Queens),"Long Island, Queens",
831,3262913967-61009-019_3262913967-61009-020,Manhattan,Manhattan,
832,3262913967-61009-021_3262913967-61009-022,Manhattan,Manhattan,
833,3262914236-61010-001_3262914236-61010-002,,,
834,3262914236-61010-003_3262914236-61010-004,,,
835,3262914236-61010-005_3262914236-61010-006,,,
836,3262914236-61010-007_3262914236-61010-008,,,
837,3262914236-61010-009_3262914236-61010-010,,,
838,3262914236-61010-011_3262914236-61010-012,,,
839,3262914236-61010-013_3262914236-61010-014,,,
840,3262914236-61010-015_3262914236-61010-016,,,
841,3262914236-61010-017_3262914236-61010-018,,,
842,3262914236-61010-019_3262914236-61010-020,Manhattan,Manhattan,
843,3262914236-61010-021_3262914236-61010-022,,,
844,3262914236-61010-023_3262914236-61010-024,,,
845,3262914236-61010-025_3262914236-61010-026,,,
846,3262914236-61010-027_3262914236-61010-028,,,
847,3262914236-61010-029_3262914236-61010-030,,,
848,3262914236-61010-031_3262914236-61010-032,,,
849,3262914236-61010-033_3262914236-61010-034,,,
850,3262914380-61011-001_3262914380-61011-002,,,
851,3262914380-61011-003_3262914380-61011-004,,,
852,3262914572-61012-001_3262914572-61012-002,,,
853,3262914572-61012-003_3262914572-61012-004,,,
854,3262914572-61012-005_3262914572-61012-006,New Jersey,New Jersey,
855,3262914572-61012-007_3262914572-61012-008,,,
856,3262914572-61012-009_3262914572-61012-010,Manhattan; ground floor,Manhattan,
857,3262914572-61012-011_3262914572-61012-012,,,
858,3262914572-61012-013_3262914572-61012-014,Manhattan,Manhattan,
859,3262914572-61012-015_3262914572-61012-016,,,
860,3262914572-61012-017_3262914572-61012-018,,,
861,3262914572-61012-019_3262914572-61012-020,,,
862,3262914572-61012-021_3262914572-61012-022,,,
863,3262914572-61012-023_3262914572-61012-024,,,
864,3262914572-61012-025_3262914572-61012-026,,,
865,3262914572-61012-027_3262914572-61012-028,,,
866,3262914572-61012-029_3262914572-61012-030,,,
867,3262914740-61013-001_3262914740-61013-002,,,
868,3262914740-61013-003_3262914740-61013-004,,,
869,3262914740-61013-005_3262914740-61013-006,,,
870,3262914740-61013-007_3262914740-61013-008,,,
871,3262914927-61014-001_3262914927-61014-002,,,
872,3262921190-61016-001_3262921190-61016-002,,,
873,3262921422-61017-001_3262921422-61017-002,,,
874,3262921422-61017-003_3262921422-61017-004,,,
875,3262921422-61017-005_3262921422-61017-006,,,
876,3262921422-61017-007_3262921422-61017-008,,,
877,3262921422-61017-009_3262921422-61017-010,,,
878,3262921422-61017-011_3262921422-61017-012,,,
879,3262921422-61017-013_3262921422-61017-014,,,
880,3262921422-61017-015_3262921422-61017-016,Manhattan,Manhattan,
881,3262921422-61017-017_3262921422-61017-018,,,
882,3262921422-61017-019_3262921422-61017-020,,,
883,3262921422-61017-021_3262921422-61017-022,,,
884,3262921422-61017-023_3262921422-61017-024,,,
885,3262921422-61017-025_3262921422-61017-026,,,
886,3262921422-61017-027_3262921422-61017-028,,,
887,3262921422-61017-029_3262921422-61017-030,,,
888,3262921422-61017-031_3262921422-61017-032,,,
889,3262921422-61017-033_3262921422-61017-034,,,
890,3262921422-61017-035_3262921422-61017-036,,,
891,3262921606-61018-001_3262921606-61018-002,,,
892,3262921606-61018-003_3262921606-61018-004,,,
893,3262921606-61018-005_3262921606-61018-006,,,
894,3262921606-61018-007_3262921606-61018-008,,,
895,3262921606-61018-009_3262921606-61018-010,,,
896,3262921606-61018-011_3262921606-61018-012,Manhattan - similar area,Manhattan,1.0
897,3262921606-61018-013_3262921606-61018-014,,,
898,3262921606-61018-015_3262921606-61018-016,,,
899,3262921606-61018-017_3262921606-61018-018,,,
900,3262921606-61018-019_3262921606-61018-020,,,
901,3262921606-61023-001_3262921606-61023-002,,,
902,3262921606-61023-003_3262921606-61023-004,,,
903,3262921606-61023-005_3262921606-61023-006,,,
904,3262921606-61023-007_3262921606-61023-008,,,
905,3262921606-61023-009_3262921606-61023-010,,,
906,3262921606-61023-011_3262921606-61023-012,,,
907,3262921606-61023-013_3262921606-61023-014,,,
908,3262921606-61023-015_3262921606-61023-016,,,
909,3262921606-61023-017_3262921606-61023-018,,,
910,3262921606-61023-019_3262921606-61023-020,,,
911,3262921606-61023-021_3262921606-61023-022,,,
912,3262921798-61019-001_3262921798-61019-002,Manhattan,Manhattan,
913,3262921798-61019-003_3262921798-61019-004,,,
914,3262921798-61019-005_3262921798-61019-006,,,
915,3262921798-61019-007_3262921798-61019-008,,,
916,3262921798-61019-009_3262921798-61019-010,,,
917,3262921798-61019-011_3262921798-61019-012,,,
918,3262921798-61019-013_3262921798-61019-014,,,
919,3262921798-61019-015_3262921798-61019-016,,,
920,3262921798-61019-017_3262921798-61019-018,,,
921,3262929212-61015-001_3262929212-61015-002,,,
922,3458098234-61022-001_3458098234-61022-002,Manhattan,Manhattan,
923,3458098234-61022-003_3458098234-61022-004,,,
924,3458098234-61022-005_3458098234-61022-006,Manhattan,Manhattan,
925,3458098649-61037-001_3458098649-61037-002,Manhattan,Manhattan,
926,3458098649-61037-003_3458098649-61037-004,,,
927,3458098649-61037-005_3458098649-61037-006,,,
928,3458098649-61037-007_3458098649-61037-008,,,
929,3458098649-61037-009_3458098649-61037-010,Manhattan,Manhattan,
930,3458098649-61037-011_3458098649-61037-012,,,
931,3458098649-61037-013_3458098649-61037-014,,,
932,3458098649-61037-015_3458098649-61037-016,,,
933,3458098649-61037-017_3458098649-61037-018,,,
934,3458098649-61037-019_3458098649-61037-020,,,
935,3458099466-61039-001_3458099466-61039-002,,,
936,3458099466-61039-003_3458099466-61039-004,,,
937,3458099466-61039-005_3458099466-61039-006,,,
938,3458099466-61039-007_3458099466-61039-008,,,
939,3458099466-61039-009_3458099466-61039-010,,,
940,3458099466-61039-011_3458099466-61039-012,,,
941,3458099466-61039-013_3458099466-61039-014,Manhattan,Manhattan,
942,3458099466-61039-015_3458099466-61039-016,,,
943,3458099466-61039-017_3458099466-61039-018,anywhere but brooklyn,Not Brooklyn,
944,3458099466-61039-019_3458099466-61039-020,,,
945,3458099466-61039-021_3458099466-61039-022,,,
946,3458099466-61039-023_3458099466-61039-024,,,
947,3458099466-61039-025_3458099466-61039-026,Manhattan,Manhattan,
948,3458099466-61039-027_3458099466-61039-028,,,
949,3458099466-61039-029_3458099466-61039-030,,,
950,3458100579-61040-001_3458100579-61040-002,,,
951,3458100579-61040-003_3458100579-61040-004,Manhattan,Manhattan,
952,3458100579-61040-005_3458100579-61040-006,,,
953,3458100579-61040-007_3458100579-61040-008,,,
954,3458100579-61040-009_3458100579-61040-010,,,
955,3458100579-61040-011_3458100579-61040-012,,,
956,3458100579-61040-013_3458100579-61040-014,,,
957,3458100579-61040-015_3458100579-61040-016,,,
958,3458100579-61040-017_3458100579-61040-018,,,
959,3458100579-61040-019_3458100579-61040-020,,,
960,3458100579-61040-021_3458100579-61040-022,,,
961,3458100579-61040-023_3458100579-61040-024,Manhattan,Manhattan,
962,3458100579-61040-025_3458100579-61040-026,,,
963,3458100579-61040-027_3458100579-61040-028,,,
964,3458100579-61040-029_3458100579-61040-030,,,
965,3458100579-61040-031_3458100579-61040-032,,,
966,3458100579-61040-033_3458100579-61040-034,,,
967,3458100579-61040-035_3458100579-61040-036,,,
968,3458100579-61040-037_3458100579-61040-038,,,
969,3458100579-61040-039_3458100579-61040-040,,,
970,3458100579-61040-041_3458100579-61040-042,,,
971,3458101564-61043-001_3458101564-61043-002,,,
972,3458101564-61043-003_3458101564-61043-004,Manhattan,Manhattan,
973,3458101564-61043-005_3458101564-61043-006,,,
974,3458101564-61043-007_3458101564-61043-008,,,
975,3458101564-61043-009_3458101564-61043-010,,,
976,3458101564-61043-011_3458101564-61043-012,,,
977,3458101564-61043-013_3458101564-61043-014,,,
978,3458101564-61043-015_3458101564-61043-016,,,
979,3458102587-61042-001_3458102587-61042-002,,,
980,3458102587-61042-003_3458102587-61042-004,,,
981,3458102587-61042-005_3458102587-61042-006,,,
982,3458102587-61042-007_3458102587-61042-008,,,
983,3458102587-61042-009_3458102587-61042-010,,,
984,3458102587-61042-011_3458102587-61042-012,,,
985,3458102587-61042-013_3458102587-61042-014,,,
986,3458102587-61042-015_3458102587-61042-016,,,
987,3458102587-61042-017_3458102587-61042-018,,,
988,3458102587-61042-019_3458102587-61042-020,,,
989,3458102587-61042-021_3458102587-61042-022,,,
990,3458102587-61042-023_3458102587-61042-024,,,
991,3458102587-61042-025_3458102587-61042-026,,,
992,3458102587-61042-027_3458102587-61042-028,,,
993,3458102587-61042-029_3458102587-61042-030,Manhattan,Manhattan,
994,3458102587-61042-031_3458102587-61042-032,,,
995,3458103019-61041-001_3458103019-61041-002,,,
996,3458103019-61041-003_3458103019-61041-004,,,
997,3458103019-61041-005_3458103019-61041-006,,,
998,3458103019-61041-007_3458103019-61041-008,,,
999,3458103019-61041-011_3458103019-61041-012,,,
1000,3458103019-61041-013_3458103019-61041-014,,,
1001,3458103019-61041-015_3458103019-61041-016,,,
1002,3458103019-61041-017_3458103019-61041-018,,,
1003,3458103019-61041-019_3458103019-61041-020,,,
1004,3458103019-61041-021_3458103019-61041-022,,,
1005,3458103019-61041-023_3458103019-61041-024,,,
1006,3458103019-61041-025_3458103019-61041-026,,,
1007,3458103429-61038-001_3458103429-61038-002,,,
1008,3458103429-61038-003_3458103429-61038-004,,,
1009,3458103429-61038-005_3458103429-61038-006,,,
1010,3458103429-61038-007_3458103429-61038-008,,,
1011,3458103429-61038-009_3458103429-61038-010,,,
1012,3458103429-61038-011_3458103429-61038-012,,,
1013,3458103429-61038-013_3458103429-61038-014,,,
1014,3458103429-61038-015_3458103429-61038-016,,,
1015,3458103429-61038-017_3458103429-61038-018,,,
1016,3458103429-61038-019_3458103429-61038-020,,,
1017,3458103429-61038-021_3458103429-61038-022,,,
1018,3458103429-61038-023_3458103429-61038-024,Manhattan,Manhattan,
1019,3458103429-61038-025_3458103429-61038-026,,,
1020,3458103429-61038-027_3458103429-61038-028,,,
1021,3458103429-61038-029_3458103429-61038-030,,,
1022,3458103921-61031-001_3458103921-61031-002,Manhattan,Manhattan,
1023,3458103921-61031-003_3458103921-61031-004,,,
1024,3458103921-61031-005_3458103921-61031-006,Manhattan,Manhattan,
1025,3458103921-61031-007_3458103921-61031-008,,,
1026,3458103921-61031-009_3458103921-61031-010,,,
1027,3458103921-61031-011_3458103921-61031-012,,,
1028,3458103921-61031-013_3458103921-61031-014,,,
1029,3458103921-61031-015_3458103921-61031-016,,,
1030,3458103921-61031-017_3458103921-61031-018,,,
1031,3458103921-61031-019_3458103921-61031-020,,,
1032,3458103921-61031-021_3458103921-61031-022,,,
1033,3458103921-61031-023_3458103921-61031-024,Manhattan,Manhattan,
1034,3458103921-61031-025_3458103921-61031-026,,,
1035,3458103921-61031-027_3458103921-61031-028,Manhattan,Manhattan,
1036,3458103921-61031-029_3458103921-61031-030,,,
1037,3458103921-61031-031_3458103921-61031-032,Manhattan,Manhattan,
1038,3458103921-61031-033_3458103921-61031-034,,,
1039,3458103921-61031-035_3458103921-61031-036,,,
1040,3458104222-61036-001_3458104222-61036-002,Manhattan,Manhattan,
1041,3458104222-61036-003_3458104222-61036-004,,,
1042,3458104222-61036-005_3458104222-61036-006,,,
1043,3458104222-61036-007_3458104222-61036-008,,,
1044,3458104222-61036-009_3458104222-61036-010,,,
1045,3458104222-61036-011_3458104222-61036-012,,,
1046,3458104222-61036-013_3458104222-61036-014,,,
1047,3458104222-61036-015_3458104222-61036-016,,,
1048,3458104222-61036-017_3458104222-61036-018,,,
1049,3458104222-61036-019_3458104222-61036-020,,,
1050,3458104222-61036-021_3458104222-61036-022,,,
1051,3458104222-61036-023_3458104222-61036-024,,,
1052,3458104222-61036-025_3458104222-61036-026,,,
1053,3458104222-61036-027_3458104222-61036-028,,,
1054,3458104431-61035-001_3458104431-61035-002,,,
1055,3458104431-61035-003_3458104431-61035-004,,,
1056,3458104431-61035-005_3458104431-61035-006,,,
1057,3458104431-61035-007_3458104431-61035-008,,,
1058,3458104431-61035-009_3458104431-61035-010,,,
1059,3458104431-61035-011_3458104431-61035-012,,,
1060,3458104431-61035-013_3458104431-61035-014,,,
1061,3458104431-61035-015_3458104431-61035-016,,,
1062,3458104431-61035-017_3458104431-61035-018,,,
1063,3458104431-61035-019_3458104431-61035-020,,,
1064,3458104431-61035-021_3458104431-61035-022,,,
1065,3458104431-61035-023_3458104431-61035-024,,,
1066,3458104431-61035-025_3458104431-61035-026,,,
1067,3458104431-61035-027_3458104431-61035-028,,,
1068,3458104431-61035-029_3458104431-61035-030,,,
1069,3458104715-61034-001_3458104715-61034-002,,,
1070,3458104715-61034-003_3458104715-61034-004,,,
1071,3458104715-61034-005_3458104715-61034-006,,,
1072,3458104715-61034-007_3458104715-61034-008,,,
1073,3458104715-61034-009_3458104715-61034-010,,,
1074,3458104715-61034-011_3458104715-61034-012,Manhattan,Manhattan,
1075,3458104715-61034-013_3458104715-61034-014,,,
1076,3458104715-61034-015_3458104715-61034-016,,,
1077,3458104715-61034-017_3458104715-61034-018,,,
1078,3458104715-61034-019_3458104715-61034-020,,,
1079,3458104715-61034-021_3458104715-61034-022,,,
1080,3458104715-61034-023_3458104715-61034-024,,,
1081,3458104715-61034-025_3458104715-61034-026,,,
1082,3458104715-61034-027_3458104715-61034-028,Manhattan,Manhattan,
1083,3458104715-61034-029_3458104715-61034-030,,,
1084,3458104715-61034-031_3458104715-61034-032,,,
1085,3458105050-61033-001_3458105050-61033-002,Manhattan - similar area,Manhattan,1.0
1086,3458105050-61033-003_3458105050-61033-004,,,
1087,3458105050-61033-005_3458105050-61033-006,Manhattan - Yorkville,Manhattan,
1088,3458105050-61033-007_3458105050-61033-008,Manhattan - East Asia,Manhattan,
1089,3458105050-61033-009_3458105050-61033-010,,,
1090,3458105050-61033-011_3458105050-61033-012,Manhattan,Manhattan,
1091,3458105050-61033-013_3458105050-61033-014,Manhattan,Manhattan,
1092,3458105050-61033-015_3458105050-61033-016,Manhattan,Manhattan,
1093,3458105050-61033-017_3458105050-61033-018,Manhattan - Washington Heights,Manhattan,
1094,3458105050-61033-019_3458105050-61033-020,Manhattan,Manhattan,
1095,3458105308-61032-001_3458105308-61032-002,Manhattan,Manhattan,
1096,3458105308-61032-003_3458105308-61032-004,,,
1097,3458105308-61032-005_3458105308-61032-006,Manhattan,Manhattan,
1098,3458105308-61032-007_3458105308-61032-008,Manhattan,Manhattan,
1099,3458105308-61032-009_3458105308-61032-010,Manhattan,Manhattan,
1100,3458105308-61032-011_3458105308-61032-012,Manhattan,Manhattan,
1101,3458105308-61032-013_3458105308-61032-014,Manhattan,Manhattan,
1102,3458105308-61032-015_3458105308-61032-016,Manhattan,Manhattan,
1103,3458105308-61032-017_3458105308-61032-018,Manhattan,Manhattan,
1104,3458105308-61032-019_3458105308-61032-020,Manhattan,Manhattan,
1105,3458105308-61032-021_3458105308-61032-022,Manhattan,Manhattan,
1106,3458105308-61032-023_3458105308-61032-024,Manhattan,Manhattan,
1107,3458105558-61030-001_3458105558-61030-002,Manhattan,Manhattan,
1108,3458105558-61030-003_3458105558-61030-004,Manhattan,Manhattan,
1109,3458105558-61030-005_3458105558-61030-006,,,
1110,3458105558-61030-007_3458105558-61030-008,,,
1111,3458105558-61030-009_3458105558-61030-010,,,
1112,3458105558-61030-011_3458105558-61030-012,,,
1113,3458105558-61030-013_3458105558-61030-014,,,
1114,3458105558-61030-015_3458105558-61030-016,,,
1115,3458105558-61030-017_3458105558-61030-018,,,
1116,3458105558-61030-019_3458105558-61030-020,,,
1117,3458105558-61030-021_3458105558-61030-022,Manhattan,Manhattan,
1118,3458105558-61030-023_3458105558-61030-024,,,
1119,3458105558-61030-025_3458105558-61030-026,,,
1120,3458105558-61030-027_3458105558-61030-028,Manhattan,Manhattan,
1121,3458105558-61030-029_3458105558-61030-030,,,
1122,3458105558-61030-031_3458105558-61030-032,,,
1123,3458105558-61030-033_3458105558-61030-034,,,
1124,3458105764-61029-001_3458105764-61029-002,,,
1125,3458105764-61029-003_3458105764-61029-004,Manhattan,Manhattan,
1126,3458105764-61029-005_3458105764-61029-006,Long Island (Queens),"Long Island, Queens",
1127,3458105764-61029-007_3458105764-61029-008,Manhattan,Manhattan,
1128,3458105764-61029-009_3458105764-61029-010,,,
1129,3458105764-61029-011_3458105764-61029-012,Manhattan,Manhattan,
1130,3458105764-61029-013_3458105764-61029-014,Manhattan,Manhattan,
1131,3458106011-61028-001_3458106011-61028-002,,,
1132,3458106011-61028-003_3458106011-61028-004,,,
1133,3458106011-61028-005_3458106011-61028-006,,,
1134,3458106011-61028-007_3458106011-61028-008,Manhattan - Neighborhood,Manhattan,1.0
1135,3458106011-61028-009_3458106011-61028-010,,,
1136,3458106011-61028-011_3458106011-61028-012,,,
1137,3458106011-61028-013_3458106011-61028-014,,,
1138,3458106011-61028-015_3458106011-61028-016,Manhattan - West Side,Manhattan,1.0
1139,3458106474-61027-001_3458106474-61027-002,,,
1140,3458106474-61027-003_3458106474-61027-004,,,
1141,3458106474-61027-005_3458106474-61027-006,,,
1142,3458106474-61027-007_3458106474-61027-008,Manhattan - similar area,Manhattan,1.0
1143,3458106474-61027-009_3458106474-61027-010,Manhattan,Manhattan,
1144,3458106474-61027-011_3458106474-61027-012,Manhattan,Manhattan,
1145,3458106474-61027-013_3458106474-61027-014,Manhattan - similar area,Manhattan,1.0
1146,3458106474-61027-015_3458106474-61027-016,Manhattan,Manhattan,
1147,3458106689-61026-001_3458106689-61026-002,,,
1148,3458107279-61024-001_3458107279-61024-002,,,
1149,3458107279-61024-003_3458107279-61024-004,,,
1150,3458107279-61024-005_3458107279-61024-006,,,
1151,3458107279-61024-007_3458107279-61024-008,,,
1152,3458107279-61024-009_3458107279-61024-010,,,
1153,3458107279-61024-011_3458107279-61024-012,,,
1154,3458107279-61024-013_3458107279-61024-014,,,
1155,3458107279-61024-015_3458107279-61024-016,,,
1156,3458107279-61024-017_3458107279-61024-018,,,
1157,3458107279-61024-019_3458107279-61024-020,,,
1158,3458107279-61024-021_3458107279-61024-022,,,
1159,3458107279-61024-023_3458107279-61024-024,,,
1160,3458107279-61024-025_3458107279-61024-026,,,
1161,3458107279-61024-027_3458107279-61024-028,,,
1162,3458107279-61024-029_3458107279-61024-030,,,
1163,3458107841-61025-001_3458107841-61025-002,,,
1164,3458107841-61025-003_3458107841-61025-004,,,
1165,3458107841-61025-005_3458107841-61025-006,,,
1166,3458107841-61025-007_3458107841-61025-008,,,
1167,3458107841-61025-009_3458107841-61025-010,,,
1168,3458107841-61025-011_3458107841-61025-012,,,
1169,3458107841-61025-013_3458107841-61025-014,,,
1170,3458107841-61025-015_3458107841-61025-016,,,
1171,3458107841-61025-017_3458107841-61025-018,,,
1172,3458107841-61025-019_3458107841-61025-020,,,
1173,3458107841-61025-021_3458107841-61025-022,,,
1174,3458107841-61025-023_3458107841-61025-024,,,
1175,3458107841-61025-025_3458107841-61025-026,,,
1176,3458107841-61025-027_3458107841-61025-028,,,
1177,3458107841-61025-029_3458107841-61025-030,,,
1178,3458107841-61025-031_3458107841-61025-032,,,
1179,3458108834-61044-001_3458108834-61044-002,,,
1180,3458108834-61044-003_3458108834-61044-004,,,
1181,3458108834-61044-005_3458108834-61044-006,,,
1182,3458108834-61044-007_3458108834-61044-008,,,
1183,3458108834-61044-009_3458108834-61044-010,,,
1184,3458108834-61044-011_3458108834-61044-012,,,
1185,3458108834-61044-013_3458108834-61044-014,,,
1186,3458108834-61044-015_3458108834-61044-016,,,
1187,3458108834-61044-017_3458108834-61044-018,,,
1188,3458108834-61044-019_3458108834-61044-020,,,
1189,3458108834-61044-021_3458108834-61044-022,,,
1190,3458109121-61045-001_3458109121-61045-002,,,
1191,3458109121-61045-003_3458109121-61045-004,,,
1192,3458109121-61045-005_3458109121-61045-006,,,
1193,3458109121-61045-007_3458109121-61045-008,,,
1194,3458109121-61045-009_3458109121-61045-010,,,
1195,3458109121-61045-011_3458109121-61045-012,,,
1196,3458109121-61045-013_3458109121-61045-014,,,
1197,3458109121-61045-015_3458109121-61045-016,,,
1198,3458109121-61045-017_3458109121-61045-018,,,
1199,3458109121-61045-019_3458109121-61045-020,,,
1200,3458109121-61045-021_3458109121-61045-022,,,
1201,3458109121-61045-023_3458109121-61045-024,,,
1202,3458109563-61046-001_3458109563-61046-002,,,
1203,3458109563-61046-003_3458109563-61046-004,,,
1204,3458109563-61046-005_3458109563-61046-006,,,
1205,3458109563-61046-007_3458109563-61046-008,,,
1206,3458109563-61046-009_3458109563-61046-010,,,
1207,3458109563-61046-011_3458109563-61046-012,,,
1208,3458109563-61046-013_3458109563-61046-014,,,
1209,3458109563-61046-015_3458109563-61046-016,Manhattan,Manhattan,
1210,3458109563-61046-017_3458109563-61046-018,,,
1211,3458109563-61046-019_3458109563-61046-020,,,
1212,3458109563-61046-021_3458109563-61046-022,,,
1213,3458109563-61046-023_3458109563-61046-024,,,
1214,3458109563-61046-025_3458109563-61046-026,,,
1215,3458109563-61046-027_3458109563-61046-028,,,
1216,3458109563-61046-029_3458109563-61046-030,,,
1217,3458109952-61047-001_3458109952-61047-002,,,
1218,3458109952-61047-003_3458109952-61047-004,,,
1219,3458109952-61047-005_3458109952-61047-006,Manhattan,Manhattan,
1220,3458109952-61047-007_3458109952-61047-008,,,
1221,3458109952-61047-009_3458109952-61047-010,,,
1222,3458109952-61047-011_3458109952-61047-012,,,
1223,3458109952-61047-013_3458109952-61047-014,,,
1224,3458109952-61047-015_3458109952-61047-016,,,
1225,3458109952-61047-017_3458109952-61047-018,,,
1226,3458109952-61047-019_3458109952-61047-020,bronx or Manhattan,"Bronx, Manhattan",
1227,3458109952-61047-021_3458109952-61047-022,bronx or Manhattan,"Bronx, Manhattan",
1228,3458109952-61047-023_3458109952-61047-024,Manhattan,Manhattan,
1229,3458109952-61047-025_3458109952-61047-026,,,
1230,3458109952-61047-027_3458109952-61047-028,,,
1231,3458109952-61047-029_3458109952-61047-030,,,
1232,3458109952-61047-031_3458109952-61047-032,,,
1233,3458109952-61047-033_3458109952-61047-034,,,
1234,3458110245-61048-001_3458110245-61048-002,manhattan,Manhattan,
1235,3458110245-61048-003_3458110245-61048-004,Manhattan,Manhattan,
1236,3458110245-61048-005_3458110245-61048-006,manhattan,Manhattan,
1237,3458110245-61048-007_3458110245-61048-008,Manhattan,Manhattan,
1238,3458110245-61048-009_3458110245-61048-010,,,
1239,3458110245-61048-011_3458110245-61048-012,,,
1240,3458110245-61048-013_3458110245-61048-014,Manhattan,Manhattan,
1241,3458110245-61048-015_3458110245-61048-016,manhattan,Manhattan,
1242,3458110245-61048-017_3458110245-61048-018,Manhattan,Manhattan,
1243,3458110245-61048-019_3458110245-61048-020,,,
1244,3458110245-61048-021_3458110245-61048-022,Manhattan,Manhattan,
1245,3458110635-61049-001_3458110635-61049-002,Washington Heights 173rd,Manhattan,
1246,3458110635-61049-003_3458110635-61049-004,,,
1247,3458110635-61049-005_3458110635-61049-006,,,
1248,3458110635-61049-007_3458110635-61049-008,,,
1249,3458110635-61049-009_3458110635-61049-010,,,
1250,3458110635-61049-011_3458110635-61049-012,,,
1251,3458110635-61049-013_3458110635-61049-014,,,
1252,3458110635-61049-015_3458110635-61049-016,,,
1253,3458110635-61049-017_3458110635-61049-018,,,
1254,3458110635-61049-019_3458110635-61049-020,,,
1255,3458110635-61049-021_3458110635-61049-022,,,
1256,3458110635-61049-023_3458110635-61049-024,,,
1257,3458110635-61049-025_3458110635-61049-026,,,
1258,3458110635-61049-027_3458110635-61049-028,,,
1259,3458110635-61049-029_3458110635-61049-030,,,
1260,3458110635-61049-031_3458110635-61049-032,,,
1261,3458110635-61049-033_3458110635-61049-034,,,
1262,3458110635-61049-035_3458110635-61049-036,,,
1263,3458110635-61049-037_3458110635-61049-038,,,
1264,3458110635-61049-039_3458110635-61049-040,,,
1265,3458110635-61049-041_3458110635-61049-042,,,
1266,3458110635-61049-043_3458110635-61049-044,,,
1267,3458110635-61049-045_3458110635-61049-046,,,
1268,3458110635-61049-047_3458110635-61049-048,,,
1269,3458110635-61049-049_3458110635-61049-050,,,
1270,3458110635-61049-051_3458110635-61049-052,,,
1271,3458110635-61049-053_3458110635-61049-054,,,
1272,3458110635-61049-055_3458110635-61049-056,,,
1273,3458110635-61049-057_3458110635-61049-058,,,
1274,3458110635-61049-059_3458110635-61049-060,,,
1275,3458110635-61049-061_3458110635-61049-062,,,
1276,3458110635-61049-063_3458110635-61049-064,,,
1277,3458110635-61049-065_3458110635-61049-066,,,
1278,3458110635-61049-067_3458110635-61049-068,,,
1279,3458110635-61049-069_3458110635-61049-070,Brooklyn + Manhattan,"Brooklyn, Manhattan",
1280,3458110635-61049-071_3458110635-61049-072,Manhattan,Manhattan,
1281,3458110635-61049-073_3458110635-61049-074,,,
1282,3458110635-61049-075_3458110635-61049-076,,,
1283,3458110635-61049-077_3458110635-61049-078,,,
1284,3458110635-61049-079_3458110635-61049-080,Suburb,Other,
1285,3458110635-61049-081_3458110635-61049-082,Amsterdam- Anywhere,Manhattan,
1286,3458110635-61049-083_3458110635-61049-084,,,
1287,3458110635-61049-085_3458110635-61049-086,,,
1288,3458110635-61049-087_3458110635-61049-088,,,
1289,3458110635-61049-089_3458110635-61049-090,,,
1290,3458110635-61049-091_3458110635-61049-092,,,
1291,3458110635-61049-093_3458110635-61049-094,Not Harlem Downtown Only,Manhattan,
1292,3458110635-61049-095_3458110635-61049-096,,,
1293,3458110635-61049-097_3458110635-61049-098,,,
1294,3458110635-61049-099_3458110635-61049-100,,,
1295,3458110635-61049-101_3458110635-61049-102,,,
1296,3458110635-61049-103_3458110635-61049-104,,,
1297,3458110635-61049-105_3458110635-61049-106,,,
1298,3458110635-61049-107_3458110635-61049-108,,,
1299,3458110635-61049-109_3458110635-61049-110,,,
1300,3458110635-61049-111_3458110635-61049-112,,,
1301,3458110635-61049-113_3458110635-61049-114,Manhattan,Manhattan,
1302,3458110635-61049-115_3458110635-61049-116,,,
1303,3458110635-61049-117_3458110635-61049-118,,,
1304,3458110635-61049-119_3458110635-61049-120,West Side Manhattan,Manhattan,1.0
1305,3458110635-61049-121_3458110635-61049-122,,,
1306,3458110635-61049-123_3458110635-61049-124,,,
1307,3458110635-61049-125_3458110635-61049-126,,,
1308,3458110635-61049-127_3458110635-61049-128,,,
1309,3458110635-61049-129_3458110635-61049-130,,,
1310,3458110635-61049-131_3458110635-61049-132,,,
1311,3458110635-61049-133_3458110635-61049-134,,,
1312,3458129566-61050-001_3458129566-61050-002,,,
1313,3458129566-61050-003_3458129566-61050-004,,,
1314,3458129566-61050-005_3458129566-61050-006,,,
1315,3458129566-61050-007_3458129566-61050-008,,,
1316,3458129566-61050-009_3458129566-61050-010,,,
1317,3458129566-61050-011_3458129566-61050-012,,,
1318,3458129566-61050-013_3458129566-61050-014,,,
1319,3458129566-61050-015_3458129566-61050-016,Uptown Prospect 102 + Col. Ave.,Manhattan,
1320,3458129566-61050-017_3458129566-61050-018,,,
1321,3458129566-61050-019_3458129566-61050-020,,,
1322,3458129566-61050-021_3458129566-61050-022,,,
1323,3458129566-61050-023_3458129566-61050-024,,,
1324,3458129566-61050-025_3458129566-61050-026,,,
1325,3458129566-61050-027_3458129566-61050-028,,,
1326,3458129566-61050-029_3458129566-61050-030,,,
1327,3458129566-61050-031_3458129566-61050-032,,,
1328,3458129566-61050-033_3458129566-61050-034,,,
1329,3458129566-61050-035_3458129566-61050-036,,,
1330,3458129566-61050-037_3458129566-61050-038,,,
1331,3458129566-61050-039_3458129566-61050-040,,,
1332,3458129566-61050-041_3458129566-61050-042,,,
1333,3458129566-61050-043_3458129566-61050-044,,,
1334,3458129566-61050-045_3458129566-61050-046,,,
1335,3458129566-61050-047_3458129566-61050-048,,,
1336,3458129566-61050-049_3458129566-61050-050,,,
1337,3458129566-61050-051_3458129566-61050-052,,,
1338,3458129566-61050-053_3458129566-61050-054,Bronx,Bronx,
1339,3458129566-61050-055_3458129566-61050-056,,,
1340,3458129566-61050-057_3458129566-61050-058,,,
1341,3458129566-61050-059_3458129566-61050-060,Bronx or Manhattan,"Bronx, Manhattan",
1342,3458129566-61050-061_3458129566-61050-062,,,
1343,3568895288-61053-001_3568895288-61053-002,,,
1344,3568895288-61053-003_3568895288-61053-004,,,
1345,3568895288-61053-005_3568895288-61053-006,,,
1346,3568895288-61053-007_3568895288-61053-008,,,
1347,3568895288-61053-009_3568895288-61053-010,Lower East or West Side,Manhattan,1.0
1348,3568895288-61053-011_3568895288-61053-012,Manhattan Any Place,Manhattan,
1349,3568895288-61053-013_3568895288-61053-014,West Side Manhattan,Manhattan,1.0
1350,3568895288-61053-015_3568895288-61053-016,,,
1351,3568895288-61053-017_3568895288-61053-018,,,
1352,3568895288-61053-019_3568895288-61053-020,West Side,Manhattan,1.0
1353,3568895288-61053-021_3568895288-61053-022,,,
1354,3568895288-61053-023_3568895288-61053-024,,,
1355,3568895288-61053-025_3568895288-61053-026,,,
1356,3568895288-61053-027_3568895288-61053-028,,,
1357,3568895288-61053-029_3568895288-61053-030,,,
1358,3568895288-61053-031_3568895288-61053-032,,,
1359,3568895288-61053-033_3568895288-61053-034,,,
1360,3568895288-61053-035_3568895288-61053-036,,,
1361,3568895561-61054-001_3568895561-61054-002,,,
1362,3568895561-61054-003_3568895561-61054-004,Manhattan,Manhattan,
1363,3568895561-61054-005_3568895561-61054-006,Manhattan,Manhattan,
1364,3568895561-61054-007_3568895561-61054-008,"Manhattan, bronx, Brooklyn ","Bronx, Brooklyn, Manhattan",
1365,3568895561-61054-009_3568895561-61054-010,Manhattan,Manhattan,
1366,3568895561-61054-011_3568895561-61054-012,Manhattan,Manhattan,
1367,3568895561-61054-013_3568895561-61054-014,Manhattan,Manhattan,
1368,3568895561-61054-015_3568895561-61054-016,Manhattan,Manhattan,
1369,3568895561-61054-017_3568895561-61054-018,Manhattan,Manhattan,
1370,3568895561-61054-019_3568895561-61054-020,Manhattan,Manhattan,
1371,3568895561-61054-021_3568895561-61054-022,Manhattan,Manhattan,
1372,3568895561-61054-023_3568895561-61054-024,bronx,Bronx,
1373,3568895561-61054-025_3568895561-61054-026,,,
1374,3568895561-61054-027_3568895561-61054-028,,,
1375,3568895561-61054-029_3568895561-61054-030,,,
1376,3568895561-61054-031_3568895561-61054-032,flushing queens,Queens,
1377,3568896225-61055-001_3568896225-61055-002,Manhattan-West,Manhattan,1.0
1378,3568896225-61055-003_3568896225-61055-004,Long Island,Long Island,
1379,3568896225-61055-005_3568896225-61055-006,Manhattan,Manhattan,
1380,3568896225-61055-007_3568896225-61055-008,,,
1381,3568896225-61055-009_3568896225-61055-010,Manhattan,Manhattan,
1382,3568896225-61055-011_3568896225-61055-012,Manhattan,Manhattan,
1383,3568896225-61055-013_3568896225-61055-014,Manhattan,Manhattan,
1384,3568896225-61055-015_3568896225-61055-016,Queens Manhattan,"Manhattan, Queens",
1385,3568896225-61055-017_3568896225-61055-018,,,
1386,3568896225-61055-019_3568896225-61055-020,Manhattan,Manhattan,
1387,3568896225-61055-021_3568896225-61055-022,Manhattan,Manhattan,
1388,3568896225-61055-023_3568896225-61055-024,Manhattan,Manhattan,
1389,3568896225-61055-025_3568896225-61055-026,Manhattan,Manhattan,
1390,3568896225-61055-027_3568896225-61055-028,Manhattan- West Side,Manhattan,1.0
1391,3568896225-61055-029_3568896225-61055-030,Manhattan,Manhattan,
1392,3568896225-61055-031_3568896225-61055-032,Uptown,Manhattan,
1393,3568896225-61055-033_3568896225-61055-034,,,
1394,3568896225-61055-035_3568896225-61055-036,Long Island,Long Island,
1395,3568896225-61055-037_3568896225-61055-038,Manhattan West Side,Manhattan,1.0
1396,3568896225-61055-039_3568896225-61055-040,Manhattan,Manhattan,
1397,3568897909-61056-001_3568897909-61056-002,Manhattan,Manhattan,
1398,3568897909-61056-003_3568897909-61056-004,,,
1399,3568897909-61056-005_3568897909-61056-006,"queens, bronx ","Bronx, Queens",
1400,3568897909-61056-007_3568897909-61056-008,Manhattan,Manhattan,
1401,3568897909-61056-009_3568897909-61056-010,Manhattan,Manhattan,
1402,3568897909-61056-011_3568897909-61056-012,bronx,Bronx,
1403,3568897909-61056-013_3568897909-61056-014,bronx,Bronx,
1404,3568897909-61056-015_3568897909-61056-016,Manhattan,Manhattan,
1405,3568897909-61056-017_3568897909-61056-018,Manhattan,Manhattan,
1406,3568897909-61056-019_3568897909-61056-020,Manhattan,Manhattan,
1407,3568897909-61056-021_3568897909-61056-022,Manhattan,Manhattan,
1408,3568897909-61056-023_3568897909-61056-024,Manhattan,Manhattan,
1409,3568897909-61056-025_3568897909-61056-026,Manhattan,Manhattan,
1410,3568897909-61056-027_3568897909-61056-028,bronx,Bronx,
1411,3568897909-61056-029_3568897909-61056-030,Manhattan,Manhattan,
1412,3568897909-61056-031_3568897909-61056-032,Manhattan,Manhattan,
1413,3568897909-61056-033_3568897909-61056-034,,,
1414,3568897909-61056-035_3568897909-61056-036,,,
1415,3568900074-61057-001_3568900074-61057-002,Any,Any,
1416,3568900074-61057-003_3568900074-61057-004,Manhattan,Manhattan,
1417,3568900074-61057-005_3568900074-61057-006,Manhattan-Queens,"Manhattan, Queens",
1418,3568900074-61057-007_3568900074-61057-008,Bronx-Manhattan,"Bronx, Manhattan",
1419,3568900074-61057-009_3568900074-61057-010,Manhattan,Manhattan,
1420,3568900074-61057-011_3568900074-61057-012,Manhattan-Bronx,"Bronx, Manhattan",
1421,3568900074-61057-013_3568900074-61057-014,Manhattan,Manhattan,
1422,3568900074-61057-015_3568900074-61057-016,Manhattan,Manhattan,
1423,3568901018-61058-001_3568901018-61058-002,Manhattan,Manhattan,
1424,3568901018-61058-003_3568901018-61058-004,,,
1425,3568901018-61058-005_3568901018-61058-006,,,
1426,3568901018-61058-007_3568901018-61058-008,,,
1427,3568901018-61058-009_3568901018-61058-010,Manhattan,Manhattan,
1428,3568901018-61058-011_3568901018-61058-012,,,
1429,3568901018-61058-013_3568901018-61058-014,,,
1430,3568901018-61058-015_3568901018-61058-016,Manhattan,Manhattan,
1431,3568901018-61058-017_3568901018-61058-018,Manhattan,Manhattan,
1432,3568901018-61058-019_3568901018-61058-020,Manhattan,Manhattan,
1433,3568901018-61058-021_3568901018-61058-022,Manhattan,Manhattan,
1434,3568901018-61058-023_3568901018-61058-024,Manhattan,Manhattan,
1435,3568901018-61058-025_3568901018-61058-026,Manhattan,Manhattan,
1436,3568901018-61058-027_3568901018-61058-028,Manhattan,Manhattan,
1437,3568901018-61058-029_3568901018-61058-031,Manhattan,Manhattan,
1438,3568901018-61058-032_3568901018-61058-033,,,
1439,3568901018-61058-034_3568901018-61058-035,,,
1440,3568902147-61059-001_3568902147-61059-002,,,
1441,3568902147-61059-003_3568902147-61059-004,,,
1442,3568902147-61059-005_3568902147-61059-006,,,
1443,3568902147-61059-007_3568902147-61059-008,,,
1444,3568902147-61059-009_3568902147-61059-010,,,
1445,3568902147-61059-011_3568902147-61059-012,Manhattan,Manhattan,
1446,3568902147-61059-013_3568902147-61059-014,North Bronx,Bronx,
1447,3568902147-61059-015_3568902147-61059-016,,,
1448,3568902147-61059-017_3568902147-61059-018,Manhattan U.T.,Manhattan,
1449,3568902147-61059-019_3568902147-61059-020,,,
1450,3568902147-61059-021_3568902147-61059-022,Manhattan,Manhattan,
1451,3568902147-61059-023_3568902147-61059-024,Manhattan,Manhattan,
1452,3568902147-61059-025_3568902147-61059-026,Manhattan-Bronx,"Bronx, Manhattan",
1453,3568902147-61059-027_3568902147-61059-028,,,
1454,3568902147-61059-029_3568902147-61059-030,Manhattan,Manhattan,
1455,3568902147-61059-031_3568902147-61059-032,Manhattan-Bronx,"Bronx, Manhattan",
1456,3568902147-61059-033_3568902147-61059-034,,,
1457,3568902147-61059-035_3568902147-61059-036,,,
1458,3568902147-61059-037_3568902147-61059-038,Manhattan,Manhattan,
1459,3568902147-61059-039_3568902147-61059-040,Manhattan,Manhattan,
1460,3568902147-61059-041_3568902147-61059-042,Manhattan,Manhattan,
1461,3568902741-61060-001_3568902741-61060-002,Manhattan,Manhattan,
1462,3568902741-61060-003_3568902741-61060-004,Manhattan,Manhattan,
1463,3568902741-61060-005_3568902741-61060-006,Manhattan,Manhattan,
1464,3568902741-61060-007_3568902741-61060-008,Manhattan,Manhattan,
1465,3568902741-61060-009_3568902741-61060-010,,,
1466,3568902741-61060-011_3568902741-61060-012,Manhattan,Manhattan,
1467,3568902741-61060-013_3568902741-61060-014,Queens,Queens,
1468,3568902741-61060-015_3568902741-61060-016,Manhattan,Manhattan,
1469,3568902741-61060-017_3568902741-61060-018,Manhattan,Manhattan,
1470,3568902741-61060-019_3568902741-61060-020,,,
1471,3568902741-61060-021_3568902741-61060-022,Manhattan,Manhattan,
1472,3568902741-61060-023_3568902741-61060-024,Manhattan,Manhattan,
1473,3568902741-61060-025_3568902741-61060-026,,,
1474,3568902741-61060-027_3568902741-61060-028,Manhattan,Manhattan,
1475,3568902741-61060-029_3568902741-61060-030,Manhattan,Manhattan,
1476,3568902741-61060-031_3568902741-61060-032,Manhattan,Manhattan,
1477,3568902741-61060-033_3568902741-61060-034,Manhattan,Manhattan,
1478,3568902741-61060-035_3568902741-61060-036,Manhattan,Manhattan,
1479,3568902741-61060-037_3568902741-61060-038,,,
1480,3568902741-61060-039_3568902741-61060-040,Manhattan,Manhattan,
1481,3568902741-61060-041_3568902741-61060-042,,,
1482,3568902741-61060-043_3568902741-61060-044,Manhattan,Manhattan,
1483,3568902741-61060-045_3568902741-61060-046,,,
1484,3568902741-61060-047_3568902741-61060-048,,,
1485,3568902741-61060-049_3568902741-61060-050,,,
1486,3568902741-61060-051_3568902741-61060-052,Manhattan,Manhattan,
1487,3568902741-61060-053_3568902741-61060-054,Manhattan,Manhattan,
1488,3568903702-61061-001_3568903702-61061-002,,,
1489,3568903702-61061-003_3568903702-61061-004,Manhattan,Manhattan,
1490,3568903702-61061-005_3568903702-61061-006,Manhattan,Manhattan,
1491,3568903702-61061-007_3568903702-61061-008,Bronx,Bronx,
1492,3568903702-61061-009_3568903702-61061-010,Manhattan,Manhattan,
1493,3568903702-61061-011_3568903702-61061-012,Manhattan,Manhattan,
1494,3568903702-61061-013_3568903702-61061-014,,,
1495,3568903702-61061-015_3568903702-61061-016,Manhattan,Manhattan,
1496,3568903702-61061-017_3568903702-61061-018,Manhattan,Manhattan,
1497,3568903702-61061-019_3568903702-61061-020,Manhattan,Manhattan,
1498,3568903702-61061-021_3568903702-61061-022,Manhattan,Manhattan,
1499,3568903702-61061-023_3568903702-61061-024,Manhattan,Manhattan,
1500,3568903702-61061-025_3568903702-61061-026,Manhattan,Manhattan,
1501,3568903702-61061-027_3568903702-61061-028,Manhattan,Manhattan,
1502,3568903702-61061-029_3568903702-61061-030,,,
1503,3568903702-61061-031_3568903702-61061-032,,,
1504,3568903702-61061-033_3568903702-61061-034,Manhattan,Manhattan,
1505,3568903702-61061-035_3568903702-61061-036,Mid Manhattan,Manhattan,
1506,3568903702-61061-037_3568903702-61061-038,Manhattan,Manhattan,
1507,3568903702-61061-039_3568903702-61061-040,Manhattan,Manhattan,
1508,3568903702-61061-041_3568903702-61061-042,Manhattan,Manhattan,
1509,3568903702-61061-043_3568903702-61061-044,Manhattan,Manhattan,
1510,3568904271-61062-001_3568904271-61062-002,Manhattan,Manhattan,
1511,3568904271-61062-003_3568904271-61062-004,,,
1512,3568904271-61062-005_3568904271-61062-006,,,
1513,3568904271-61062-007_3568904271-61062-008,,,
1514,3568904271-61062-009_3568904271-61062-010,,,
1515,3568904271-61062-011_3568904271-61062-012,,,
1516,3568904271-61062-013_3568904271-61062-014,Manhattan,Manhattan,
1517,3568904271-61062-015_3568904271-61062-016,Manhattan,Manhattan,
1518,3568904271-61062-017_3568904271-61062-018,,,
1519,3568904271-61062-019_3568904271-61062-020,,,
1520,3568904271-61062-021_3568904271-61062-022,Manhattan,Manhattan,
1521,3568904271-61062-023_3568904271-61062-024,Manhattan,Manhattan,
1522,3568904271-61062-025_3568904271-61062-026,Manhattan,Manhattan,
1523,3568904271-61062-027_3568904271-61062-028,,,
1524,3568904271-61062-029_3568904271-61062-030,Manhattan,Manhattan,
1525,3568904271-61062-031_3568904271-61062-032,,,
1526,3568904271-61062-033_3568904271-61062-034,,,
1527,3568905752-61063-001_3568905752-61063-002,,,
1528,3568905752-61063-003_3568905752-61063-004,Manhattan,Manhattan,
1529,3568905752-61063-005_3568905752-61063-006,,,
1530,3568905752-61063-007_3568905752-61063-008,,,
1531,3568905752-61063-009_3568905752-61063-010,,,
1532,3568905752-61063-011_3568905752-61063-012,Manhattan,Manhattan,
1533,3568905752-61063-013_3568905752-61063-014,Manhattan,Manhattan,
1534,3568905752-61063-015_3568905752-61063-016,Manhattan,Manhattan,
1535,3568905752-61063-017_3568905752-61063-018,,,
1536,3568905752-61063-019_3568905752-61063-020,Manhattan,Manhattan,
1537,3568905752-61063-021_3568905752-61063-022,,,
1538,3568905752-61063-023_3568905752-61063-024,,,
1539,3568905752-61063-025_3568905752-61063-026,,,
1540,3568905752-61063-027_3568905752-61063-028,Manhattan,Manhattan,
1541,3568905752-61063-029_3568905752-61063-030,Manhattan,Manhattan,
1542,3568905752-61063-031_3568905752-61063-032,Manhattan,Manhattan,
1543,3568906814-61064-001_3568906814-61064-002,Manhattan,Manhattan,
1544,3568906814-61064-003_3568906814-61064-004,Manhattan,Manhattan,
1545,3568906814-61064-005_3568906814-61064-006,,,
1546,3568906814-61064-007_3568906814-61064-008,Manhattan,Manhattan,
1547,3568906814-61064-009_3568906814-61064-010,Manhattan,Manhattan,
1548,3568906814-61064-011_3568906814-61064-012,,,
1549,3568906814-61064-013_3568906814-61064-014,Manhattan,Manhattan,
1550,3568906814-61064-015_3568906814-61064-016,,,
1551,3568906814-61064-017_3568906814-61064-018,Manhattan,Manhattan,
1552,3568906814-61064-019_3568906814-61064-020,,,
1553,3568906814-61064-021_3568906814-61064-022,,,
1554,3568906814-61064-023_3568906814-61064-024,Manhattan,Manhattan,
1555,3568907569-61065-001_3568907569-61065-002,,,
1556,3568908691-61066-001_3568908691-61066-002,,,
1557,3568908691-61066-003_3568908691-61066-004,,,
1558,3568908691-61066-005_3568908691-61066-006,,,
1559,3568908691-61066-007_3568908691-61066-008,,,
1560,3568908691-61066-009_3568908691-61066-010,,,
1561,3568908691-61066-011_3568908691-61066-012,,,
1562,3568908691-61066-013_3568908691-61066-014,,,
1563,3568908691-61066-015_3568908691-61066-016,,,
1564,3568908691-61066-017_3568908691-61066-018,,,
1565,3568908691-61066-019_3568908691-61066-020,,,
1566,3568909324-61067-001_3568909324-61067-002,,,
1567,3568909324-61067-003_3568909324-61067-004,,,
1568,3568909324-61067-005_3568909324-61067-006,,,
1569,3568909324-61067-007_3568909324-61067-008,,,
1570,3568909324-61067-009_3568909324-61067-010,,,
1571,3568909324-61067-011_3568909324-61067-012,,,
1572,3568909924-61068-001_3568909924-61068-002,,,
1573,3568909924-61068-003_3568909924-61068-004,,,
1574,3568909924-61068-005_3568909924-61068-006,,,
1575,3568909924-61068-007_3568909924-61068-008,,,
1576,3568909924-61068-009_3568909924-61068-010,,,
1577,3568909924-61068-011_3568909924-61068-012,,,
1578,3568909924-61068-013_3568909924-61068-014,,,
1579,3568909924-61068-015_3568909924-61068-016,,,
1580,3568909924-61068-017_3568909924-61068-018,,,
1581,3568909924-61068-019_3568909924-61068-020,,,
1582,3568909924-61068-021_3568909924-61068-022,,,
1583,3568909924-61068-023_3568909924-61068-024,,,
1584,3568910499-61069-001_3568910499-61069-002,,,
1585,3568910499-61069-003_3568910499-61069-004,,,
1586,3568910499-61069-005_3568910499-61069-006,,,
1587,3568910499-61069-007_3568910499-61069-008,,,
1588,3568910499-61069-009_3568910499-61069-010,,,
1589,3568910499-61069-011_3568910499-61069-012,,,
1590,3568910499-61069-013_3568910499-61069-014,,,
1591,3568910499-61069-015_3568910499-61069-016,,,
1592,3568910499-61069-017_3568910499-61069-018,,,
1593,3568910499-61069-019_3568910499-61069-020,,,
1594,3568910499-61069-021_3568910499-61069-022,,,
1595,3568910499-61069-023_3568910499-61069-024,,,
1596,3568910499-61069-025_3568910499-61069-026,,,
1597,3568910499-61069-027_3568910499-61069-028,,,
1598,3568910499-61069-029_3568910499-61069-030,,,
1599,3568912231-61070-001_3568912231-61070-002,,,
1600,3568912231-61070-003_3568912231-61070-004,Manhattan,Manhattan,
1601,3568912231-61070-005_3568912231-61070-006,,,
1602,3568912231-61070-007_3568912231-61070-008,Manhattan,Manhattan,
1603,3568912231-61070-009_3568912231-61070-010,,,
1604,3568912231-61070-011_3568912231-61070-012,Manhattan,Manhattan,
1605,3568912231-61070-013_3568912231-61070-014,,,
1606,3568912231-61070-015_3568912231-61070-016,Manhattan,Manhattan,
1607,3568912231-61070-017_3568912231-61070-018,,,
1608,3568912231-61070-019_3568912231-61070-020,,,
1609,3568912231-61070-021_3568912231-61070-022,,,
1610,3568912231-61070-023_3568912231-61070-024,,,
1611,3568912600-61071-001_3568912600-61071-002,,,
1612,3568912600-61071-003_3568912600-61071-004,,,
1613,3568912600-61071-005_3568912600-61071-006,,,
1614,3568912600-61071-007_3568912600-61071-008,,,
1615,3568912600-61071-009_3568912600-61071-010,,,
1616,3568912600-61071-011_3568912600-61071-012,,,
1617,3568912600-61071-013_3568912600-61071-014,,,
1618,3568912600-61071-015_3568912600-61071-016,,,
1619,3568912600-61071-017_3568912600-61071-018,,,
1620,3568912600-61071-019_3568912600-61071-020,,,
1621,3568912600-61071-021_3568912600-61071-022,,,
1622,3568912600-61071-023_3568912600-61071-024,,,
1623,3568913303-61072-001_3568913303-61072-002,,,
1624,3568913303-61072-003_3568913303-61072-004,,,
1625,3568913303-61072-005_3568913303-61072-006,,,
1626,3568913303-61072-007_3568913303-61072-008,,,
1627,3568913303-61072-009_3568913303-61072-010,,,
1628,3568913303-61072-011_3568913303-61072-012,,,
1629,3568913303-61072-013_3568913303-61072-014,,,
1630,3568913303-61072-015_3568913303-61072-016,,,
1631,3568913303-61072-017_3568913303-61072-018,,,
1632,3568913303-61072-019_3568913303-61072-020,,,
1633,3568913303-61072-021_3568913303-61072-022,,,
1634,3568913303-61072-023_3568913303-61072-024,,,
1635,3568913303-61072-025_3568913303-61072-026,Manhattan,Manhattan,
1636,3568913707-61073-001_3568913707-61073-002,,,
1637,3568913707-61073-003_3568913707-61073-004,,,
1638,3568913707-61073-005_3568913707-61073-006,,,
1639,3568913707-61073-007_3568913707-61073-008,Manhattan-Brooklyn,"Brooklyn, Manhattan",
1640,3568913707-61073-009_3568913707-61073-010,,,
1641,3568913707-61073-011_3568913707-61073-012,,,
1642,3568913707-61073-013_3568913707-61073-014,,,
1643,3568913707-61073-015_3568913707-61073-016,,,
1644,3568913707-61073-017_3568913707-61073-018,,,
1645,3568914324-61074-001_3568914324-61074-002,,,
1646,3568914324-61074-003_3568914324-61074-004,,,
1647,3568914324-61074-005_3568914324-61074-006,,,
1648,3568914324-61074-007_3568914324-61074-008,,,
1649,3568914324-61074-009_3568914324-61074-010,,,
1650,3568914324-61074-011_3568914324-61074-012,,,
1651,3568914324-61074-013_3568914324-61074-014,,,
1652,3568914324-61074-015_3568914324-61074-016,,,
1653,3568914324-61074-017_3568914324-61074-018,,,
1654,3568914324-61074-019_3568914324-61074-020,,,
1655,3568914324-61074-021_3568914324-61074-022,,,
1656,3568914324-61074-023_3568914324-61074-024,,,
1657,3568914324-61074-025_3568914324-61074-026,,,
1658,3568914715-61075-001_3568914715-61075-002,,,
1659,3568914715-61075-003_3568914715-61075-004,,,
1660,3568914715-61075-005_3568914715-61075-006,,,
1661,3568914715-61075-007_3568914715-61075-008,,,
1662,3568914715-61075-009_3568914715-61075-010,,,
1663,3568914715-61075-011_3568914715-61075-012,,,
1664,3568914715-61075-013_3568914715-61075-014,,,
1665,3568915127-61076-001_3568915127-61076-002,,,
1666,3568915127-61076-003_3568915127-61076-004,,,
1667,3568915127-61076-005_3568915127-61076-006,,,
1668,3568915127-61076-007_3568915127-61076-008,,,
1669,3568915127-61076-009_3568915127-61076-010,,,
1670,3568915127-61076-011_3568915127-61076-012,,,
1671,3568915127-61076-013_3568915127-61076-014,,,
1672,3568915127-61076-015_3568915127-61076-016,,,
1673,3568915127-61076-017_3568915127-61076-018,,,
1674,3568915127-61076-019_3568915127-61076-020,anywhere,Any,
1675,3568915127-61076-021_3568915127-61076-022,,,
1676,3568915127-61076-023_3568915127-61076-024,,,
1677,3568915127-61076-025_3568915127-61076-026,,,
1678,3568915127-61076-027_3568915127-61076-028,,,
1679,3568915127-61076-029_3568915127-61076-030,,,
1680,3568915429-61077-001_3568915429-61077-002,,,
1681,3568915429-61077-003_3568915429-61077-004,,,
1682,3568915429-61077-005_3568915429-61077-006,,,
1683,3568915429-61077-007_3568915429-61077-008,anywhere,Any,
1684,3568915429-61077-009_3568915429-61077-010,,,
1685,3568915429-61077-011_3568915429-61077-012,,,
1686,3568915429-61077-013_3568915429-61077-014,,,
1687,3568915429-61077-015_3568915429-61077-016,,,
1688,3568915429-61077-017_3568915429-61077-018,,,
1689,3568915429-61077-019_3568915429-61077-020,,,
1690,3568915429-61077-021_3568915429-61077-022,,,
1691,3568915830-61078-001_3568915830-61078-002,,,
1692,3568915830-61078-003_3568915830-61078-004,,,
1693,3568915830-61078-005_3568915830-61078-006,,,
1694,3568915830-61078-007_3568915830-61078-008,,,
1695,3568915830-61078-009_3568915830-61078-010,,,
1696,3568915830-61078-011_3568915830-61078-012,,,
1697,3568915830-61078-013_3568915830-61078-014,,,
1698,3568915830-61078-015_3568915830-61078-016,,,
1699,3568915830-61078-017_3568915830-61078-018,,,
1700,3568915830-61078-019_3568915830-61078-020,,,
1701,3568916491-61079-001_3568916491-61079-002,,,
1702,3568916491-61079-003_3568916491-61079-004,,,
1703,3568916491-61079-005_3568916491-61079-006,,,
1704,3568916491-61079-007_3568916491-61079-008,,,
1705,3568916491-61079-009_3568916491-61079-010,,,
1706,3568916491-61079-011_3568916491-61079-012,,,
1707,3568916491-61079-013_3568916491-61079-014,,,
1708,3568916491-61079-015_3568916491-61079-016,,,
1709,3568916491-61079-017_3568916491-61079-018,,,
1710,3568916491-61079-019_3568916491-61079-020,,,
1711,3568916831-61080-001_3568916831-61080-002,,,
1712,3568916831-61080-003_3568916831-61080-004,,,
1713,3568916831-61080-005_3568916831-61080-006,Manhattan,Manhattan,
1714,3568916831-61080-007_3568916831-61080-008,Manhattan,Manhattan,
1715,3568916831-61080-009_3568916831-61080-010,,,
1716,3568916831-61080-011_3568916831-61080-012,,,
1717,3568916831-61080-013_3568916831-61080-014,Manhattan,Manhattan,
1718,3568916831-61080-015_3568916831-61080-016,Manhattan,Manhattan,
1719,3568916831-61080-017_3568916831-61080-018,Manhattan,Manhattan,
1720,3568916831-61080-019_3568916831-61080-020,,,
1721,3568916831-61080-021_3568916831-61080-022,,,
1722,3568916831-61080-023_3568916831-61080-024,,,
1723,3568916831-61080-025_3568916831-61080-026,,,
1724,3687345238-61083-001_3687345238-61083-002,Any,Any,
1725,3687345238-61083-003_3687345238-61083-004,Manhattan,Manhattan,
1726,3687345238-61083-005_3687345238-61083-006,,,
1727,3687345238-61083-007_3687345238-61083-008,,,
1728,3687345238-61083-010_3687345238-61083-011,,,
1729,3687345238-61083-012_3687345238-61083-013,,,
1730,3687345238-61083-014_3687345238-61083-015,Bronx,Bronx,
1731,3687345238-61083-016_3687345238-61083-017,Manhattan,Manhattan,
1732,3687345238-61083-018_3687345238-61083-019,Manhattan,Manhattan,
1733,3687345238-61083-020_3687345238-61083-021,,,
1734,3687345238-61083-022_3687345238-61083-023,Manhattan,Manhattan,
1735,3687346103-61084-001_3687346103-61084-002,,,
1736,3687346103-61084-003_3687346103-61084-004,,,
1737,3687346103-61084-005_3687346103-61084-006,Manhattan,Manhattan,
1738,3687346103-61084-007_3687346103-61084-008,,,
1739,3687346103-61084-009_3687346103-61084-010,Brooklyn,Brooklyn,
1740,3687346103-61084-011_3687346103-61084-012,,,
1741,3687346103-61084-013_3687346103-61084-014,Manhattan,Manhattan,
1742,3687346103-61084-015_3687346103-61084-016,,,
1743,3687346103-61084-017_3687346103-61084-018,,,
1744,3687346103-61084-019_3687346103-61084-020,,,
1745,3687346103-61084-021_3687346103-61084-022,Manhattan,Manhattan,
1746,3687346103-61084-023_3687346103-61084-024,,,
1747,3687346643-61085-001_3687346643-61085-002,,,
1748,3687346643-61085-003_3687346643-61085-004,,,
1749,3687346643-61085-005_3687346643-61085-006,,,
1750,3687346643-61085-007_3687346643-61085-008,,,
1751,3687346643-61085-009_3687346643-61085-010,Manhattan,Manhattan,
1752,3687346643-61085-011_3687346643-61085-012,Any,Any,
1753,3687346643-61085-013_3687346643-61085-014,,,
1754,3687346643-61085-015_3687346643-61085-016,,,
1755,3687346643-61085-017_3687346643-61085-018,Any- Bronx Preferred,"Any, Bronx",
1756,3687346643-61085-019_3687346643-61085-020,Manhattan,Manhattan,
1757,3687346643-61085-021_3687346643-61085-022,,,
1758,3687347049-61086-001_3687347049-61086-002,Manhattan,Manhattan,
1759,3687347049-61086-003_3687347049-61086-004,Manhattan,Manhattan,
1760,3687347049-61086-005_3687347049-61086-006,,,
1761,3687347049-61086-007_3687347049-61086-008,,,
1762,3687347049-61086-009_3687347049-61086-010,Manhattan,Manhattan,
1763,3687347049-61086-011_3687347049-61086-012,,,
1764,3687347049-61086-013_3687347049-61086-014,,,
1765,3687347049-61086-015_3687347049-61086-016,,,
1766,3687347049-61086-017_3687347049-61086-018,,,
1767,3687347049-61086-019_3687347049-61086-020,Manhattan,Manhattan,
1768,3687347049-61086-021_3687347049-61086-022,Bronx and Manhattan,"Bronx, Manhattan",
1769,3687347309-61087-001_3687347309-61087-002,,,
1770,3687347309-61087-003_3687347309-61087-004,,,
1771,3687347309-61087-005_3687347309-61087-006,Jackson Heights Area,Queens,
1772,3687347309-61087-007_3687347309-61087-008,Lower Manhattan,Manhattan,
1773,3687347309-61087-009_3687347309-61087-010,Upper Manhattan,Manhattan,
1774,3687347309-61087-011_3687347309-61087-012,,,
1775,3687347309-61087-013_3687347309-61087-014,Brooklyn,Brooklyn,
1776,3687347309-61087-015_3687347309-61087-016,Manhattan,Manhattan,
1777,3687350085-61088-001_3687350085-61088-002,Manhattan,Manhattan,
1778,3687350085-61088-003_3687350085-61088-004,Manhattan,Manhattan,
1779,3687350085-61088-005_3687350085-61088-006,,,
1780,3687350085-61088-007_3687350085-61088-008,Manhattan,Manhattan,
1781,3687350085-61088-009_3687350085-61088-010,,,
1782,3687350085-61088-011_3687350085-61088-012,Manhattan,Manhattan,
1783,3687350085-61088-013_3687350085-61088-014,Manhattan,Manhattan,
1784,3687350085-61088-015_3687350085-61088-016,,,
1785,3687350085-61088-017_3687350085-61088-018,Manhattan,Manhattan,
1786,3687350085-61088-019_3687350085-61088-020,,,
1787,3687350085-61088-021_3687350085-61088-022,,,
1788,3687350085-61088-023_3687350085-61088-024,,,
1789,3687350085-61088-025_3687350085-61088-026,,,
1790,3687350085-61088-027_3687350085-61088-028,,,
1791,3687350085-61088-029_3687350085-61088-030,,,
1792,3687351060-61089-001_3687351060-61089-002,,,
1793,3687351060-61089-003_3687351060-61089-004,Manhattan or bronx,"Bronx, Manhattan",
1794,3687351060-61089-005_3687351060-61089-006,Manhattan,Manhattan,
1795,3687351060-61089-007_3687351060-61089-008,,,
1796,3687351060-61089-009_3687351060-61089-010,Manhattan,Manhattan,
1797,3687351060-61089-011_3687351060-61089-012,"Manhattan, Bronx ","Bronx, Manhattan",
1798,3687351060-61089-013_3687351060-61089-014,,,
1799,3687351060-61089-015_3687351060-61089-016,Manhattan,Manhattan,
1800,3687351060-61089-017_3687351060-61089-018,,,
1801,3687351060-61089-019_3687351060-61089-020,,,
1802,3687351060-61089-021_3687351060-61089-022,,,
1803,3687351060-61089-023_3687351060-61089-024,Manhattan,Manhattan,
1804,3687351060-61089-025_3687351060-61089-026,,,
1805,3687352813-61090-001_3687352813-61090-002,,,
1806,3687352813-61090-003_3687352813-61090-004,,,
1807,3687352813-61090-005_3687352813-61090-006,,,
1808,3687352813-61090-007_3687352813-61090-008,Manhattan,Manhattan,
1809,3687352813-61090-009_3687352813-61090-010,,,
1810,3687352813-61090-011_3687352813-61090-012,,,
1811,3687352813-61090-013_3687352813-61090-014,,,
1812,3687352813-61090-015_3687352813-61090-016,,,
1813,3687352813-61090-017_3687352813-61090-018,,,
1814,3687352813-61090-019_3687352813-61090-020,,,
1815,3687352813-61090-021_3687352813-61090-022,,,
1816,3687352813-61090-023_3687352813-61090-024,,,
1817,3687352813-61090-025_3687352813-61090-026,,,
1818,3687352813-61090-027_3687352813-61090-028,Manhattan,Manhattan,
1819,3687352813-61090-029_3687352813-61090-030,New York,New York,
1820,3687352813-61090-031_3687352813-61090-032,,,
1821,3687354473-61091-001_3687354473-61091-002,,,
1822,3687354473-61091-003_3687354473-61091-004,,,
1823,3687354473-61091-005_3687354473-61091-006,,,
1824,3687354473-61091-007_3687354473-61091-008,,,
1825,3687354473-61091-009_3687354473-61091-010,,,
1826,3687354473-61091-011_3687354473-61091-012,,,
1827,3687354473-61091-013_3687354473-61091-014,,,
1828,3687354473-61091-015_3687354473-61091-016,,,
1829,3687354473-61091-017_3687354473-61091-018,,,
1830,3687354473-61091-019_3687354473-61091-020,,,
1831,3687354473-61091-021_3687354473-61091-022,,,
1832,3687355788-61092-001_3687355788-61092-002,,,
1833,3687355788-61092-003_3687355788-61092-004,,,
1834,3687355788-61092-005_3687355788-61092-006,,,
1835,3687355788-61092-007_3687355788-61092-008,,,
1836,3687355788-61092-009_3687355788-61092-010,,,
1837,3687355788-61092-011_3687355788-61092-012,,,
1838,3687355788-61092-013_3687355788-61092-014,,,
1839,3687355788-61092-015_3687355788-61092-016,,,
1840,3687355788-61092-017_3687355788-61092-018,,,
1841,3687355788-61092-019_3687355788-61092-020,,,
1842,3687355788-61092-021_3687355788-61092-022,,,
1843,3687356601-61093-001_3687356601-61093-002,,,
1844,3687356601-61093-003_3687356601-61093-004,,,
1845,3687356601-61093-005_3687356601-61093-006,,,
1846,3687356601-61093-007_3687356601-61093-008,,,
1847,3687356601-61093-009_3687356601-61093-010,,,
1848,3687356601-61093-011_3687356601-61093-012,Mid Manhattan,Manhattan,
1849,3687357055-61094-001_3687357055-61094-002,,,
1850,3687357055-61094-003_3687357055-61094-004,,,
1851,3687357055-61094-005_3687357055-61094-006,,,
1852,3687357055-61094-007_3687357055-61094-008,,,
1853,3687357055-61094-009_3687357055-61094-010,,,
1854,3687357055-61094-011_3687357055-61094-012,,,
1855,3687357055-61094-013_3687357055-61094-014,,,
1856,3687357055-61094-015_3687357055-61094-016,,,
1857,3687357055-61094-017_3687357055-61094-018,,,
1858,3687357055-61094-019_3687357055-61094-020,,,
1859,3687357055-61094-021_3687357055-61094-022,,,
1860,3687357055-61094-023_3687357055-61094-024,,,
1861,3687357055-61094-025_3687357055-61094-026,,,
1862,3687357055-61094-027_3687357055-61094-028,,,
1863,3687357055-61094-029_3687357055-61094-030,,,
1864,3687357055-61094-031_3687357055-61094-032,,,
1865,3687357594-61095-001_3687357594-61095-002,This area,Manhattan,1.0
1866,3687357594-61095-003_3687357594-61095-004,,,
1867,3687357594-61095-005_3687357594-61095-006,,,
1868,3687357594-61095-007_3687357594-61095-008,,,
1869,3687357594-61095-009_3687357594-61095-010,,,
1870,3687357594-61095-011_3687357594-61095-012,,,
1871,3687357594-61095-013_3687357594-61095-014,Manhattan,Manhattan,
1872,3687357594-61095-015_3687357594-61095-016,,,
1873,3687357594-61095-017_3687357594-61095-018,,,
1874,3687357594-61095-019_3687357594-61095-020,,,
1875,3687357594-61095-021_3687357594-61095-022,,,
1876,3687357594-61095-023_3687357594-61095-024,,,
1877,3687357594-61095-025_3687357594-61095-026,Manhattan,Manhattan,
1878,3687357594-61095-027_3687357594-61095-028,,,
1879,3687357594-61095-029_3687357594-61095-030,,,
1880,3687357594-61095-031_3687357594-61095-032,,,
1881,3687357594-61095-033_3687357594-61095-034,,,
1882,3687357594-61095-035_3687357594-61095-036,,,
1883,3687357594-61095-037_3687357594-61095-038,,,
1884,3687357594-61095-039_3687357594-61095-040,,,
1885,3687357594-61095-041_3687357594-61095-042,,,
1886,3687357594-61095-043_3687357594-61095-044,Manhattan,Manhattan,
1887,3687358389-61096-001_3687358389-61096-002,,,
1888,3687358389-61096-003_3687358389-61096-004,,,
1889,3687358389-61096-005_3687358389-61096-006,,,
1890,3687358389-61096-007_3687358389-61096-008,,,
1891,3687358389-61096-009_3687358389-61096-010,,,
1892,3687358389-61096-011_3687358389-61096-012,,,
1893,3687358389-61096-013_3687358389-61096-014,,,
1894,3687358389-61096-015_3687358389-61096-016,,,
1895,3687358389-61096-017_3687358389-61096-018,,,
1896,3687358841-61097-001_3687358841-61097-002,,,
1897,3687358841-61097-003_3687358841-61097-004,,,
1898,3687358841-61097-005_3687358841-61097-006,,,
1899,3687358841-61097-007_3687358841-61097-008,,,
1900,3687358841-61097-009_3687358841-61097-010,,,
1901,3687358841-61097-011_3687358841-61097-012,,,
1902,3687359409-61098-001_3687359409-61098-002,,,
1903,3687359409-61098-003_3687359409-61098-004,,,
1904,3687359409-61098-005_3687359409-61098-006,,,
1905,3687359409-61098-007_3687359409-61098-008,"Manhattan, bronx ","Bronx, Manhattan",
1906,3687359409-61098-009_3687359409-61098-010,,,
1907,3687359409-61098-011_3687359409-61098-012,,,
1908,3687359409-61098-013_3687359409-61098-014,,,
1909,3687359409-61098-015_3687359409-61098-016,,,
1910,3687359409-61098-017_3687359409-61098-018,,,
1911,3687359409-61098-019_3687359409-61098-020,,,
1912,3687359409-61098-021_3687359409-61098-022,,,
1913,3687359409-61098-023_3687359409-61098-024,,,
1914,3687359409-61098-025_3687359409-61098-026,,,
1915,3687359810-61099-001_3687359810-61099-002,,,
1916,3687359810-61099-003_3687359810-61099-004,,,
1917,3687359810-61099-005_3687359810-61099-006,,,
1918,3687359810-61099-007_3687359810-61099-008,,,
1919,3687359810-61099-009_3687359810-61099-010,,,
1920,3687359810-61099-011_3687359810-61099-012,,,
1921,3687359810-61099-013_3687359810-61099-014,,,
1922,3687360195-61100-001_3687360195-61100-002,,,
1923,3687360195-61100-003_3687360195-61100-004,,,
1924,3687360195-61100-005_3687360195-61100-006,,,
1925,3687360195-61100-007_3687360195-61100-008,,,
1926,3687360195-61100-009_3687360195-61100-010,,,
1927,3687360195-61100-011_3687360195-61100-012,,,
1928,3687360195-61100-013_3687360195-61100-014,,,
1929,3687360195-61100-015_3687360195-61100-016,,,
1930,3687360195-61100-017_3687360195-61100-018,,,
1931,3687360195-61100-019_3687360195-61100-020,,,
1932,3687360195-61100-021_3687360195-61100-022,,,
1933,3687360195-61100-023_3687360195-61100-024,,,
1934,3687360700-61101-001_3687360700-61101-002,,,
1935,3687360700-61101-003_3687360700-61101-004,,,
1936,3687360700-61101-005_3687360700-61101-006,,,
1937,3687360700-61101-007_3687360700-61101-008,,,
1938,3687360700-61101-009_3687360700-61101-010,,,
1939,3687360700-61101-011_3687360700-61101-012,,,
1940,3687360700-61101-013_3687360700-61101-014,,,
1941,3687360700-61101-015_3687360700-61101-016,,,
1942,3687360700-61101-017_3687360700-61101-018,,,
1943,3687360700-61101-019_3687360700-61101-020,,,
1944,3687360700-61101-021_3687360700-61101-022,,,
1945,3687360700-61101-023_3687360700-61101-024,,,
1946,3687360700-61101-025_3687360700-61101-026,,,
1947,3687360700-61101-027_3687360700-61101-028,,,
1948,3687360700-61101-029_3687360700-61101-030,,,
1949,3687360700-61101-031_3687360700-61101-032,,,
1950,3687360700-61101-033_3687360700-61101-034,,,
1951,3687360700-61101-035_3687360700-61101-036,,,
1952,3687360700-61101-037_3687360700-61101-038,,,
1953,3687360700-61101-039_3687360700-61101-040,,,
1954,3687360700-61101-041_3687360700-61101-042,,,
1955,3687360700-61101-043_3687360700-61101-044,,,
1956,3687361245-61102-001_3687361245-61102-002,Manhattan,Manhattan,
1957,3687361245-61102-003_3687361245-61102-004,Same Area,Manhattan,1.0
1958,3687361245-61102-005_3687361245-61102-006,,,
1959,3687361245-61102-007_3687361245-61102-008,,,
1960,3687361245-61102-009_3687361245-61102-010,Manhattan,Manhattan,
1961,3687361245-61102-011_3687361245-61102-012,,,
1962,3687361245-61102-013_3687361245-61102-014,,,
1963,3687361245-61102-015_3687361245-61102-016,Manhattan,Manhattan,
1964,3687361245-61102-017_3687361245-61102-018,,,
1965,3687361245-61102-019_3687361245-61102-020,,,
1966,3687361245-61102-021_3687361245-61102-022,,,
1967,3687361245-61102-023_3687361245-61102-024,,,
1968,3687361245-61102-025_3687361245-61102-026,Lower East Side,Manhattan,
1969,3687361245-61102-027_3687361245-61102-028,Manhattan,Manhattan,
1970,3687361245-61102-029_3687361245-61102-030,Jetson Heights Long Island,Queens,
1971,3687361245-61102-031_3687361245-61102-032,,,
1972,3687361245-61102-033_3687361245-61102-034,Manhattan,Manhattan,
1973,3687361245-61102-035_3687361245-61102-036,Manhattan,Manhattan,
1974,3687361245-61102-037_3687361245-61102-038,,,
1975,3687361245-61102-039_3687361245-61102-040,Manhattan near Village,Manhattan,1.0
1976,3687361245-61102-041_3687361245-61102-042,Manhattan or Bronx,"Bronx, Manhattan",
1977,3687361245-61102-043_3687361245-61102-044,Neighborhood,Manhattan,1.0
1978,3687361245-61102-045_3687361245-61102-046,Same,Manhattan,1.0
1979,3687361245-61102-047_3687361245-61102-048,New Jersey,New Jersey,
1980,3687361245-61102-049_3687361245-61102-050,Manhattan,Manhattan,
1981,3687361245-61102-051_3687361245-61102-052,Manhattan,Manhattan,
1982,3687361245-61102-053_3687361245-61102-054,,,
1983,3687361616-61103-001_3687361616-61103-002,Same Area,Manhattan,1.0
1984,3687361616-61103-003_3687361616-61103-004,Manhattan-Bronx,"Bronx, Manhattan",
1985,3687361616-61103-005_3687361616-61103-006,Manhattan,Manhattan,
1986,3687361616-61103-007_3687361616-61103-008,Manhattan,Manhattan,
1987,3687361616-61103-009_3687361616-61103-010,,,
1988,3687361616-61103-011_3687361616-61103-012,Same Area,Manhattan,1.0
1989,3687361616-61103-013_3687361616-61103-014,,,
1990,3687361616-61103-015_3687361616-61103-016,,,
1991,3687361616-61103-017_3687361616-61103-018,,,
1992,3687361616-61103-019_3687361616-61103-020,Manhattan,Manhattan,
1993,3687361616-61103-021_3687361616-61103-022,,,
1994,3687361616-61103-023_3687361616-61103-024,,,
1995,3687361616-61103-025_3687361616-61103-026,Manhattan,Manhattan,
1996,3687361616-61103-027_3687361616-61103-028,,,
1997,3687361616-61103-029_3687361616-61103-030,Manhattan,Manhattan,
1998,3687361616-61103-031_3687361616-61103-032,Bronx,Bronx,
1999,3687361616-61103-033_3687361616-61103-034,Manhattan,Manhattan,
2000,3687361616-61103-035_3687361616-61103-036,"Manhattan, Bronx East or West ","Bronx, Manhattan",
2001,3687361616-61103-037_3687361616-61103-038,,,
2002,3687361616-61103-039_3687361616-61103-040,90's-100's,Manhattan,
2003,3687362121-61104-001_3687362121-61104-002,This area,Manhattan,1.0
2004,3687362121-61104-003_3687362121-61104-004,Washington Heights or W 28,Manhattan,1.0
2005,3687362121-61104-005_3687362121-61104-006,Same Area,Manhattan,1.0
2006,3687362121-61104-007_3687362121-61104-008,,,
2007,3687362121-61104-009_3687362121-61104-010,This area,Manhattan,1.0
2008,3687362121-61104-011_3687362121-61104-012,Bronx,Bronx,
2009,3687362121-61104-013_3687362121-61104-014,,,
2010,3687362121-61104-015_3687362121-61104-016,Same Area,Manhattan,1.0
2011,3687362121-61104-017_3687362121-61104-018,,,
2012,3687362121-61104-019_3687362121-61104-020,,,
2013,3687362121-61104-021_3687362121-61104-022,Same,Manhattan,1.0
2014,3687362121-61104-023_3687362121-61104-024,Same Area,Manhattan,1.0
2015,3687362121-61104-025_3687362121-61104-026,Same Area,Manhattan,1.0
2016,3687362121-61104-027_3687362121-61104-028,,,
2017,3687362121-61104-029_3687362121-61104-030,Manhattan,Manhattan,
2018,3687362121-61104-031_3687362121-61104-032,Manhattan,Manhattan,
2019,3687362121-61104-033_3687362121-61104-034,,,
2020,3687362121-61104-035_3687362121-61104-036,Manhattan,Manhattan,
2021,3687362121-61104-037_3687362121-61104-038,W 30'S,Manhattan,1.0
2022,3687362500-61105-001_3687362500-61105-002,Any,Any,
2023,3687362500-61105-003_3687362500-61105-004,Manhattan,Manhattan,
2024,3687362500-61105-005_3687362500-61105-006,This Area,Manhattan,1.0
2025,3687362500-61105-007_3687362500-61105-008,Manhattan,Manhattan,
2026,3687362500-61105-009_3687362500-61105-010,Astoria,Queens,
2027,3687362500-61105-011_3687362500-61105-012,,,
2028,3687362500-61105-013_3687362500-61105-014,Manhattan,Manhattan,
2029,3687362500-61105-015_3687362500-61105-016,Manhattan,Manhattan,
2030,3687362500-61105-017_3687362500-61105-018,Manhattan,Manhattan,
2031,3687362500-61105-019_3687362500-61105-020,This area,Manhattan,1.0
2032,3687362500-61105-021_3687362500-61105-022,Manhattan- West,Manhattan,1.0
2033,3687362500-61105-023_3687362500-61105-024,Manhattan,Manhattan,
2034,3687362500-61105-025_3687362500-61105-026,,,
2035,3687362500-61105-027_3687362500-61105-028,,,
2036,3687362500-61105-029_3687362500-61105-030,Manhattan,Manhattan,
2037,3687362500-61105-031_3687362500-61105-032,,,
2038,3687362500-61105-033_3687362500-61105-034,Bronx or Manhattan,"Bronx, Manhattan",
2039,3687362500-61105-035_3687362500-61105-036,Manhattan,Manhattan,
2040,3687362500-61105-037_3687362500-61105-038,Manhattan,Manhattan,
2041,3687364249-61106-001_3687364249-61106-002,Manhattan,Manhattan,
2042,3687364249-61106-003_3687364249-61106-004,,,
2043,3687364249-61106-005_3687364249-61106-006,Manhattan,Manhattan,
2044,3687364249-61106-007_3687364249-61106-008,Manhattan,Manhattan,
2045,3687364249-61106-009_3687364249-61106-010,Manhattan,Manhattan,
2046,3687364249-61106-011_3687364249-61106-012,Manhattan,Manhattan,
2047,3687364249-61106-013_3687364249-61106-014,Manhattan,Manhattan,
2048,3687364249-61106-015_3687364249-61106-016,"bronx, Brooklyn ","Bronx, Brooklyn",
2049,3687364249-61106-017_3687364249-61106-018,Manhattan,Manhattan,
2050,3687364249-61106-019_3687364249-61106-020,Manhattan,Manhattan,
2051,3687364249-61106-021_3687364249-61106-022,Manhattan,Manhattan,
2052,3687364249-61106-023_3687364249-61106-024,,,
2053,3687364249-61106-025_3687364249-61106-026,Manhattan,Manhattan,
2054,3687364249-61106-027_3687364249-61106-028,Manhattan,Manhattan,
2055,3687364685-61107-001_3687364685-61107-002,,,
2056,3687364685-61107-003_3687364685-61107-004,Manhattan,Manhattan,
2057,3687364685-61107-005_3687364685-61107-006,Manhattan,Manhattan,
2058,3687364685-61107-007_3687364685-61107-008,Any,Any,
2059,3687364685-61107-009_3687364685-61107-010,Bronx-Manhattan,"Bronx, Manhattan",
2060,3687364685-61107-011_3687364685-61107-012,,,
2061,3687364685-61107-013_3687364685-61107-014,Manhattan,Manhattan,
2062,3687364685-61107-015_3687364685-61107-016,Manhattan,Manhattan,
2063,3687364685-61107-017_3687364685-61107-018,,,
2064,3687364685-61107-019_3687364685-61107-020,Manhattan,Manhattan,
2065,3687364685-61107-021_3687364685-61107-022,Manhattan,Manhattan,
2066,3687364685-61107-023_3687364685-61107-024,Manhattan,Manhattan,
2067,3687364685-61107-025_3687364685-61107-026,,,
2068,3687364685-61107-027_3687364685-61107-028,Manhattan,Manhattan,
2069,3687364685-61107-029_3687364685-61107-030,Manhattan,Manhattan,
2070,3687364685-61107-031_3687364685-61107-032,Bronx or Manhattan,"Bronx, Manhattan",
2071,3687364685-61107-033_3687364685-61107-034,Manhattan,Manhattan,
2072,3687364685-61107-035_3687364685-61107-036,,,
2073,3687364685-61107-037_3687364685-61107-038,Manhattan,Manhattan,
2074,3687364685-61107-039_3687364685-61107-040,Bridge Port Connecticut,Connecticut,
2075,3687364685-61107-041_3687364685-61107-042,,,
2076,3687364685-61107-043_3687364685-61107-044,Manhattan,Manhattan,
2077,3687367261-61109-001_3687367261-61109-002,Manhattan,Manhattan,
2078,3687367261-61109-003_3687367261-61109-004,,,
2079,3687367261-61109-005_3687367261-61109-006,Manhattan,Manhattan,
2080,3687367261-61109-007_3687367261-61109-008,,,
2081,3687367261-61109-009_3687367261-61109-010,,,
2082,3687367261-61109-011_3687367261-61109-012,,,
2083,3687368625-61110-001_3687368625-61110-002,,,
2084,3687368625-61110-003_3687368625-61110-004,,,
2085,3687368625-61110-005_3687368625-61110-006,,,
2086,3687368625-61110-007_3687368625-61110-008,,,
2087,3687368625-61110-009_3687368625-61110-010,,,
2088,3687368625-61110-011_3687368625-61110-012,,,
2089,3687368625-61110-013_3687368625-61110-014,Manhattan,Manhattan,
2090,3687370077-61111-001_3687370077-61111-002,no preference,Any,
2091,3687370077-61111-003_3687370077-61111-004,Manhattan,Manhattan,
2092,3687370077-61111-005_3687370077-61111-006,Manhattan,Manhattan,
2093,3687370077-61111-007_3687370077-61111-008,Manhattan,Manhattan,
2094,3687370077-61111-009_3687370077-61111-010,,,
2095,3687370077-61111-011_3687370077-61111-012,Manhattan,Manhattan,
2096,3687370077-61111-013_3687370077-61111-014,,,
2097,3687370077-61111-015_3687370077-61111-016,,,
2098,3687370077-61111-017_3687370077-61111-018,,,
2099,3687370077-61111-019_3687370077-61111-020,,,
2100,3687370077-61111-021_3687370077-61111-022,,,
2101,3687370077-61111-023_3687370077-61111-024,Manhattan,Manhattan,
2102,3687370077-61111-025_3687370077-61111-026,"Manhattan , bronx ","Manhattan, Bronx",
2103,3687370077-61111-027_3687370077-61111-028,no preference,Any,
2104,3687370077-61111-029_3687370077-61111-030,,,
2105,3687370077-61111-031_3687370077-61111-032,Manhattan,Manhattan,
2106,3687371744-61112-001_3687371744-61112-002,,,
2107,3687371744-61112-003_3687371744-61112-004,,,
2108,3687371744-61112-005_3687371744-61112-006,,,
2109,3687371744-61112-007_3687371744-61112-008,,,
2110,3687371744-61112-009_3687371744-61112-010,Manhattan,Manhattan,
2111,3687371744-61112-011_3687371744-61112-012,,,
2112,3687371744-61112-013_3687371744-61112-014,Manhattan,Manhattan,
2113,3687371744-61112-015_3687371744-61112-016,,,
2114,3687371744-61112-017_3687371744-61112-018,,,
2115,3687371744-61112-019_3687371744-61112-020,,,
2116,3687371744-61112-021_3687371744-61112-022,Manhattan,Manhattan,
2117,3687371744-61112-023_3687371744-61112-024,,,
2118,3687372978-61113-001_3687372978-61113-002,,,
2119,3687372978-61113-003_3687372978-61113-004,Manhattan,Manhattan,
2120,3687372978-61113-005_3687372978-61113-006,Manhattan,Manhattan,
2121,3687372978-61113-007_3687372978-61113-008,,,
2122,3687372978-61113-009_3687372978-61113-010,Manhattan,Manhattan,
2123,3687372978-61113-011_3687372978-61113-012,,,
2124,3687372978-61113-013_3687372978-61113-014,,,
2125,3687372978-61113-015_3687372978-61113-016,,,
2126,3687372978-61113-017_3687372978-61113-018,,,
2127,3687372978-61113-019_3687372978-61113-020,,,
2128,458103019-61041-009-_3458103019-61041-010,,,
2129,95374663-61114-005-F_3195374663-61114-006,,,
