ID_long,h_type,room_cnt_os.x,p01_plc_2,p02_plc_2,p03_plc_2,p04_plc_2,p05_plc_2,p06_plc_2,p07_plc_2,p08_plc_2,p09_plc_2,p010_plc_2,p011_plc_2,p012_plc_2,p01_plcrec_2,p02_plcrec_2,p03_plcrec_2,p04_plcrec_2,p05_plcrec_2,p06_plcrec_2,p07_plcrec_2,p08_plcrec_2,p09_plcrec_2,p010_plcrec_2,p011_plcrec_2,p012_plcrec_2,p01_rel_2,p02_rel_2,p03_rel_2,p04_rel_2,p05_rel_2,p06_rel_2,p07_rel_2,p08_rel_2,p09_rel_2,p010_rel_2,p011_rel_2,p012_rel_2,p01_age,p02_age,p03_age,p04_age,p05_age,p06_age,p07_age,p08_age,p09_age,p010_age,p011_age,p012_age,fam_size2,race2,pr_hh,pr_pop_hh,no_year_site2,no_year_city2,rent_os_grss,ann_inc_sum,rent_ut,hh_brdn_rent,hh_brdn_rent_ut,room_cnt_os,ovrcrwd,ovr_grp
3104718669-60949-001_3104718669-60949-002,Apartment,4,PR,PR,USA,USA,NA,NA,NA,NA,NA,NA,,,PR,PR,USA,USA,NA,NA,NA,NA,NA,NA,NA,NA,H,Wife,Step Daughter,Step Son,NA,NA,NA,NA,NA,NA,NA,NA,27,38,17,12,NA,NA,NA,NA,NA,NA,NA,NA,4,Puerto Rican,1,4,1,9,603,2976,675,20.26209677,22.68145161,4,1,1.00 or less
3104718669-60949-003_3104718669-60949-004,Apartment,4,USA,USA,USA,USA,USA,NA,NA,NA,NA,NA,,,USA,USA,USA,USA,USA,NA,NA,NA,NA,NA,NA,NA,H,Wife,Son,Daughter,Son,NA,NA,NA,NA,NA,NA,NA,27,27,7,4,3,NA,NA,NA,NA,NA,NA,NA,5,NA,0,0,4,10,524.4,4160,524.4,12.60576923,12.60576923,4,1.25,1.01 to 1.50
3104718669-60949-005_3104718669-60949-006,Apartment,4,USA,USA,USA,NA,NA,NA,NA,NA,NA,NA,,,USA,USA,USA,NA,NA,NA,NA,NA,NA,NA,NA,NA,H,Wife,Son,NA,NA,NA,NA,NA,NA,NA,NA,NA,58,56,37,NA,NA,NA,NA,NA,NA,NA,NA,NA,3,White,0,0,3,50,662.4,5000,770.4,13.248,15.408,4,0.75,1.00 or less
3104718669-60949-007_3104718669-60949-008,Apartment,4,USA,USA,NA,NA,NA,NA,NA,NA,NA,NA,,,USA,USA,NA,NA,NA,NA,NA,NA,NA,NA,NA,NA,Head,Wife,NA,NA,NA,NA,NA,NA,NA,NA,NA,NA,44,58,NA,NA,NA,NA,NA,NA,NA,NA,NA,NA,2,White,0,0,18,24,524.4,2600,620.4,20.16923077,23.86153846,4,0.5,1.00 or less
3104718669-60949-009_3104718669-60949-010,Apartment,4,Italy,Italy,USA,USA,NA,NA,NA,NA,NA,NA,,,Europe,Europe,USA,USA,NA,NA,NA,NA,NA,NA,NA,NA,Head,Wife,Son,Son,NA,NA,NA,NA,NA,NA,NA,NA,59,54,25,17,NA,NA,NA,NA,NA,NA,NA,NA,4,White,0,0,20,35,621,5720,717,10.85664336,12.53496503,4,1,1.00 or less
3104718669-60949-011_3104718669-60949-012,Apartment,4,Japan,NA,NA,NA,NA,NA,NA,NA,NA,NA,,,Asia,NA,NA,NA,NA,NA,NA,NA,NA,NA,NA,NA,Head,NA,NA,NA,NA,NA,NA,NA,NA,NA,NA,NA,83,NA,NA,NA,NA,NA,NA,NA,NA,NA,NA,NA,1,NA,0,0,16,40,496.8,651.6,496.8,76.24309392,76.24309392,4,0.25,1.00 or less
3104718669-60949-013_3104718669-60949-014,Apartment,4,USA,USA,NA,NA,NA,NA,NA,NA,NA,NA,,,USA,USA,NA,NA,NA,NA,NA,NA,NA,NA,NA,NA,H,Wife,NA,NA,NA,NA,NA,NA,NA,NA,NA,NA,71,71,NA,NA,NA,NA,NA,NA,NA,NA,NA,NA,2,White,0,0,20,71,552,1764,552,31.29251701,31.29251701,4,0.5,1.00 or less
3104718669-60949-015_3104718669-60949-016,Apartment,2,China,NA,NA,NA,NA,NA,NA,NA,NA,NA,,,Asia,NA,NA,NA,NA,NA,NA,NA,NA,NA,NA,NA,Head,NA,NA,NA,NA,NA,NA,NA,NA,NA,NA,NA,75,NA,NA,NA,NA,NA,NA,NA,NA,NA,NA,NA,1,Oriental,0,0,NA,NA,552,NA,552,NA,NA,2,0.5,1.00 or less
3104734180-60950-001_3104734180-60950-002,Apartment,4,USA,NA,NA,NA,NA,NA,NA,NA,NA,NA,,,USA,NA,NA,NA,NA,NA,NA,NA,NA,NA,NA,NA,NA,NA,NA,NA,NA,NA,NA,NA,NA,NA,NA,NA,92,NA,NA,NA,NA,NA,NA,NA,NA,NA,NA,NA,1,White,0,0,23,92,303.6,NA,333.6,NA,NA,4,0.25,1.00 or less
3104734180-60950-003_3104734180-60950-004,Apartment,4,USA,USA,USA,USA,USA,NA,NA,NA,NA,NA,,,USA,USA,USA,USA,USA,NA,NA,NA,NA,NA,NA,NA,Head,Wife,Son,Son,Daughter,NA,NA,NA,NA,NA,NA,NA,33,31,13,5,3,NA,NA,NA,NA,NA,NA,NA,5,White,0,0,33,33,0,5200,120,0,2.307692308,4,1.25,1.01 to 1.50
3104734180-60950-005_3104734180-60950-006,Apartment,4,USA,USA,Italy,NA,NA,NA,NA,NA,NA,NA,,,USA,USA,Europe,NA,NA,NA,NA,NA,NA,NA,NA,NA,Husband,Wife,Mother of 1,NA,NA,NA,NA,NA,NA,NA,NA,NA,46,45,84,NA,NA,NA,NA,NA,NA,NA,NA,NA,3,White,0,0,29,46,317.4,3000,659.4,10.58,21.98,4,0.75,1.00 or less
3104734180-60950-007_3104734180-60950-008,Apartment,4,PR,PR,USA,NA,NA,NA,NA,NA,NA,NA,,,PR,PR,USA,NA,NA,NA,NA,NA,NA,NA,NA,NA,Head,Wife,Son,NA,NA,NA,NA,NA,NA,NA,NA,NA,31,30,2,NA,NA,NA,NA,NA,NA,NA,NA,NA,3,Puerto Rican,1,3,7,8,365.04,3224,515.04,11.32258065,15.9751861,4,0.75,1.00 or less
3104734180-60950-009_3104734180-60950-010,Apartment,4,Cuba,Cuba,Cuba,NA,NA,NA,NA,NA,NA,NA,,,Caribbean,Caribbean,Caribbean,NA,NA,NA,NA,NA,NA,NA,NA,NA,Head,Wife,Cousin,NA,NA,NA,NA,NA,NA,NA,NA,NA,35,35,21,NA,NA,NA,NA,NA,NA,NA,NA,NA,3,White,0,0,NA,0.333333333,396,7280,600,5.43956044,8.241758242,4,0.75,1.00 or less
3104734180-60950-011_3104734180-60950-012,Apartment,4,Yugoslavia,Yugoslavia,NA,NA,NA,NA,NA,NA,NA,NA,,,Europe,Europe,NA,NA,NA,NA,NA,NA,NA,NA,NA,NA,Prime,NA,NA,NA,NA,NA,NA,NA,NA,NA,NA,NA,55,63,NA,NA,NA,NA,NA,NA,NA,NA,NA,NA,2,White,0,0,14,17,276,2900,378,9.517241379,13.03448276,4,0.5,1.00 or less
3104734180-60950-013_3104734180-60950-014,Apartment,NA,USA,USA,USA,USA,NA,NA,NA,NA,NA,NA,,,USA,USA,USA,USA,NA,NA,NA,NA,NA,NA,NA,NA,Head,Wife,Son,Daughter,NA,NA,NA,NA,NA,NA,NA,NA,34,30,10,8,NA,NA,NA,NA,NA,NA,NA,NA,4,White,0,0,26,34,276,8100,492,3.407407407,6.074074074,NA,NA,NA
3104734180-60950-015_3104734180-60950-016,Apartment,4,Morta,NA,NA,NA,NA,NA,NA,NA,NA,NA,,,NA,NA,NA,NA,NA,NA,NA,NA,NA,NA,NA,NA,Head,NA,NA,NA,NA,NA,NA,NA,NA,NA,NA,NA,50,NA,NA,NA,NA,NA,NA,NA,NA,NA,NA,NA,1,White,0,0,8,28,276,2756,312,10.01451379,11.32075472,4,0.25,1.00 or less
3104744331-60951-001_3104744331-60951-002,Apartment,NA,PR,PR,PR,PR,PR,NA,NA,NA,NA,NA,,,PR,PR,PR,PR,PR,NA,NA,NA,NA,NA,NA,NA,Head,Wife,Son,Daughter,Son,NA,NA,NA,NA,NA,NA,NA,38,32,6,4,2,NA,NA,NA,NA,NA,NA,NA,5,NA,1,5,NA,NA,412.56,NA,412.56,NA,NA,NA,NA,NA
3104744331-60951-003_3104744331-60951-004,Apartment,4,Ireland,USA,USA,USA,USA,USA,NA,NA,NA,NA,,,Europe,USA,USA,USA,USA,USA,NA,NA,NA,NA,NA,NA,H,Wife,Son,Son,Son,Daughter,NA,NA,NA,NA,NA,NA,45,NA,24,18,16,12,NA,NA,NA,NA,NA,NA,6,White,0,0,18,39,264,NA,444,NA,NA,4,1.5,1.01 to 1.50
3104744331-60951-005_3104744331-60951-006,Apartment,NA,Poland,Belo,USA,USA,NA,NA,NA,NA,NA,NA,,,Europe,Europe,USA,USA,NA,NA,NA,NA,NA,NA,NA,NA,NA,NA,NA,NA,NA,NA,NA,NA,NA,NA,NA,NA,38,26,3,1,NA,NA,NA,NA,NA,NA,NA,NA,4,NA,0,0,NA,NA,412.68,4160,412.68,9.920192308,9.920192308,NA,NA,NA
3104744331-60951-007_3104744331-60951-008,Rooming,4,USA,USA,USA,NA,NA,NA,NA,NA,NA,NA,,,USA,USA,USA,NA,NA,NA,NA,NA,NA,NA,NA,NA,H,Wife,Son,NA,NA,NA,NA,NA,NA,NA,NA,NA,28,23,1,NA,NA,NA,NA,NA,NA,NA,NA,NA,3,White,0,0,4,27,412.56,3640,592.56,11.33406593,16.27912088,4,0.75,1.00 or less
3104744331-60951-009_3104744331-60951-010,Apartment,4,USA,USA,USA,NA,NA,NA,NA,NA,NA,NA,,,USA,USA,USA,NA,NA,NA,NA,NA,NA,NA,NA,NA,H,Wife,Son,NA,NA,NA,NA,NA,NA,NA,NA,NA,33,29,5,NA,NA,NA,NA,NA,NA,NA,NA,NA,3,White,0,0,6,32,358.8,4500,442.8,7.973333333,9.84,4,0.75,1.00 or less
3104744331-60951-011_3104744331-60951-012,Apartment,4,USA,USA,USA,NA,NA,NA,NA,NA,NA,NA,,,USA,USA,USA,NA,NA,NA,NA,NA,NA,NA,NA,NA,H,Wife,Son of 2,NA,NA,NA,NA,NA,NA,NA,NA,NA,60,50,22,NA,NA,NA,NA,NA,NA,NA,NA,NA,3,White,0,0,45,49,358.8,5876,478.8,6.10619469,8.148400272,4,0.75,1.00 or less
3104744331-60951-013_3104744331-60951-014,Apartment,4,USA,NA,NA,NA,NA,NA,NA,NA,NA,NA,,,USA,NA,NA,NA,NA,NA,NA,NA,NA,NA,NA,NA,Head,NA,NA,NA,NA,NA,NA,NA,NA,NA,NA,NA,64,NA,NA,NA,NA,NA,NA,NA,NA,NA,NA,NA,1,White,0,0,64,64,358.8,3120,454.8,11.5,14.57692308,4,0.25,1.00 or less
3104744331-60951-015_3104744331-60951-016,Apartment,4,USA,USA,USA,NA,NA,NA,NA,NA,NA,NA,,,USA,USA,USA,NA,NA,NA,NA,NA,NA,NA,NA,NA,Mother,Son,Son,NA,NA,NA,NA,NA,NA,NA,NA,NA,81,45,36,NA,NA,NA,NA,NA,NA,NA,NA,NA,3,White,0,0,12,56,331.2,NA,424.2,NA,NA,4,0.75,1.00 or less
3104744331-60951-017_3104744331-60951-018,Apartment,4,USA,USA,USA,USA,NA,NA,NA,NA,NA,NA,,,USA,USA,USA,USA,NA,NA,NA,NA,NA,NA,NA,NA,H,Wife,Daughter,Son,NA,NA,NA,NA,NA,NA,NA,NA,NA,NA,6,3,NA,NA,NA,NA,NA,NA,NA,NA,4,White,0,0,10,NA,331.2,NA,511.2,NA,NA,4,1,1.00 or less
3104750306-60952-001_3104750306-60952-002,Apartment,4,USA,USA,NA,NA,NA,NA,NA,NA,NA,NA,,,USA,USA,NA,NA,NA,NA,NA,NA,NA,NA,NA,NA,Son,Mother,NA,NA,NA,NA,NA,NA,NA,NA,NA,NA,50,69,NA,NA,NA,NA,NA,NA,NA,NA,NA,NA,2,White,0,0,NA,NA,412.68,417,460.68,98.96402878,110.4748201,4,0.5,1.00 or less
3104750306-60952-003_3104750306-60952-004,Apartment,4,USA,USA,USA,NA,NA,NA,NA,NA,NA,NA,,,USA,USA,USA,NA,NA,NA,NA,NA,NA,NA,NA,NA,Head,Son,Son,NA,NA,NA,NA,NA,NA,NA,NA,NA,44,15,14,NA,NA,NA,NA,NA,NA,NA,NA,NA,3,White,0,0,44,44,444.36,3900,558.36,11.39384615,14.31692308,4,0.75,1.00 or less
3104750306-60952-005_3104750306-60952-006,Apartment,4,USA,USA,USA,USA,USA,USA,NA,NA,NA,NA,,,USA,USA,USA,USA,USA,USA,NA,NA,NA,NA,NA,NA,H,Wife,Son,Son,Daughter,Son,NA,NA,NA,NA,NA,NA,30,34,14,8,7,2,NA,NA,NA,NA,NA,NA,6,White,0,0,1,30,600,4992,672,12.01923077,13.46153846,4,1.5,1.01 to 1.50
3104750306-60952-007_3104750306-60952-008,Apartment,4,USA,USA,USA,USA,USA,USA,NA,NA,NA,NA,,,USA,USA,USA,USA,USA,USA,NA,NA,NA,NA,NA,NA,H,Wife,Son,Son,Son,Daughter,NA,NA,NA,NA,NA,NA,42,38,17,15,13,7,NA,NA,NA,NA,NA,NA,6,White,0,0,17,42,444.36,5616,564.36,7.912393162,10.0491453,4,1.5,1.01 to 1.50
3104750306-60952-009_3104750306-60952-010,Apartment,4,USA,USA,USA,USA,NA,NA,NA,NA,NA,NA,,,USA,USA,USA,USA,NA,NA,NA,NA,NA,NA,NA,NA,M,Son,Son,Brother of 1,NA,NA,NA,NA,NA,NA,NA,NA,55,18,15,46,NA,NA,NA,NA,NA,NA,NA,NA,4,White,0,0,15,52,444.36,5108,511.56,8.699295223,10.01487862,4,1,1.00 or less
3104750306-60952-011_3104750306-60952-012,Apartment,4,USA,NA,NA,NA,NA,NA,NA,NA,NA,NA,,,USA,NA,NA,NA,NA,NA,NA,NA,NA,NA,NA,NA,Head,NA,NA,NA,NA,NA,NA,NA,NA,NA,NA,NA,57,NA,NA,NA,NA,NA,NA,NA,NA,NA,NA,NA,1,White,0,0,10,57,444.36,NA,444.36,NA,NA,4,0.25,1.00 or less
3104750306-60952-013_3104750306-60952-014,Apartment,4,Spain,USA,NA,NA,NA,NA,NA,NA,NA,NA,,,Europe,USA,NA,NA,NA,NA,NA,NA,NA,NA,NA,NA,Mother,Daughter,NA,NA,NA,NA,NA,NA,NA,NA,NA,NA,76,44,NA,NA,NA,NA,NA,NA,NA,NA,NA,NA,2,White,0,0,43,45,510.96,695.76,566.16,73.43911694,81.3728872,4,0.5,1.00 or less
3104750306-60952-015_3104750306-60952-016,Apartment,4,USA,NA,NA,NA,NA,NA,NA,NA,NA,NA,,,USA,NA,NA,NA,NA,NA,NA,NA,NA,NA,NA,NA,Head,NA,NA,NA,NA,NA,NA,NA,NA,NA,NA,NA,49,NA,NA,NA,NA,NA,NA,NA,NA,NA,NA,NA,1,NA,0,0,49,19,412.68,4555.72,472.68,9.058502278,10.37552791,4,0.25,1.00 or less
3105040525-60953-001_3105040525-60953-002,Apartment,3,USA,NA,NA,NA,NA,NA,NA,NA,NA,NA,,,USA,NA,NA,NA,NA,NA,NA,NA,NA,NA,NA,NA,H,NA,NA,NA,NA,NA,NA,NA,NA,NA,NA,NA,61,NA,NA,NA,NA,NA,NA,NA,NA,NA,NA,NA,1,White,0,0,0.83,61,600,2080,600,28.84615385,28.84615385,3,0.333333333,1.00 or less
3105040525-60953-003_3105040525-60953-004,Apartment,5,Italy,USA,NA,NA,NA,NA,NA,NA,NA,NA,,,Europe,USA,NA,NA,NA,NA,NA,NA,NA,NA,NA,NA,H,Wife,NA,NA,NA,NA,NA,NA,NA,NA,NA,NA,71,NA,NA,NA,NA,NA,NA,NA,NA,NA,NA,NA,2,White,0,0,30,40,358.8,2340,400.8,15.33333333,17.12820513,5,0.4,1.00 or less
3105040525-60953-005_3105040525-60953-006,Rooming,4,USA,USA,USA,USA,NA,NA,NA,NA,NA,NA,,,USA,USA,USA,USA,NA,NA,NA,NA,NA,NA,NA,NA,H,Wife,Son,Son,NA,NA,NA,NA,NA,NA,NA,NA,29,28,11,9,NA,NA,NA,NA,NA,NA,NA,NA,4,White,0,0,11,29,358.8,3640,502.8,9.857142857,13.81318681,4,1,1.00 or less
3105040525-60953-007_3105040525-60953-008,Apartment,5,USA,Ireland,NA,NA,NA,NA,NA,NA,NA,NA,,,USA,Europe,NA,NA,NA,NA,NA,NA,NA,NA,NA,NA,Husband,Wife,NA,NA,NA,NA,NA,NA,NA,NA,NA,NA,72,76,NA,NA,NA,NA,NA,NA,NA,NA,NA,NA,2,White,0,0,44,72,358.8,1476,466.8,24.30894309,31.62601626,5,0.4,1.00 or less
3105040525-60953-009_3105040525-60953-010,Apartment,NA,USA,USA,NA,NA,NA,NA,NA,NA,NA,NA,,,USA,USA,NA,NA,NA,NA,NA,NA,NA,NA,NA,NA,H,Wife,NA,NA,NA,NA,NA,NA,NA,NA,NA,NA,61,65,NA,NA,NA,NA,NA,NA,NA,NA,NA,NA,2,White,0,0,4,NA,412.56,3640,412.56,11.33406593,11.33406593,NA,NA,NA
3105040525-60953-011_3105040525-60953-012,Apartment,4,USA,USA,USA,USA,NA,NA,NA,NA,NA,NA,,,USA,USA,USA,USA,NA,NA,NA,NA,NA,NA,NA,NA,H,Wife,Son,Son,NA,NA,NA,NA,NA,NA,NA,NA,34,30,3,0,NA,NA,NA,NA,NA,NA,NA,NA,4,White,0,0,4.5,10,428.4,NA,596.4,NA,NA,4,1,1.00 or less
3105040525-60953-013_3105040525-60953-014,Apartment,5,USA,NA,NA,NA,NA,NA,NA,NA,NA,NA,,,USA,NA,NA,NA,NA,NA,NA,NA,NA,NA,NA,NA,Head,NA,NA,NA,NA,NA,NA,NA,NA,NA,NA,NA,58,NA,NA,NA,NA,NA,NA,NA,NA,NA,NA,NA,1,NA,0,0,38,58,358.8,1820,742.8,19.71428571,40.81318681,5,0.2,1.00 or less
3105040525-60953-015_3105040525-60953-016,Apartment,5,USA,USA,NA,NA,NA,NA,NA,NA,NA,NA,,,USA,USA,NA,NA,NA,NA,NA,NA,NA,NA,NA,NA,H,Wife,NA,NA,NA,NA,NA,NA,NA,NA,NA,NA,60,60,NA,NA,NA,NA,NA,NA,NA,NA,NA,NA,2,NA,0,0,20,60,372.6,7200,528.6,5.175,7.341666667,5,0.4,1.00 or less
3105040525-60953-017_3105040525-60953-018,Apartment,4,PR,PR,USA,USA,NA,NA,NA,NA,NA,NA,,,PR,PR,USA,USA,NA,NA,NA,NA,NA,NA,NA,NA,H,Wife,Daughter,Daughter,NA,NA,NA,NA,NA,NA,NA,NA,NA,NA,NA,NA,NA,NA,NA,NA,NA,NA,NA,NA,4,NA,1,4,NA,NA,428.52,4836,428.52,8.861042184,8.861042184,4,1,1.00 or less
3105040525-60953-019_3105040525-60953-020,Apartment,4,PR,PR,USA,USA,NA,NA,NA,NA,NA,NA,,,PR,PR,USA,USA,NA,NA,NA,NA,NA,NA,NA,NA,H,Wife,Daughter,Daughter,NA,NA,NA,NA,NA,NA,NA,NA,29,25,4,4,NA,NA,NA,NA,NA,NA,NA,NA,4,Puerto Rican,1,4,0.83,8,428.52,2860,524.52,14.98321678,18.33986014,4,1,1.00 or less
3105053683-60954-001_3105053683-60954-002,Apartment,4,USA,USA,NA,NA,NA,NA,NA,NA,NA,NA,,,USA,USA,NA,NA,NA,NA,NA,NA,NA,NA,NA,NA,Head,Brother,NA,NA,NA,NA,NA,NA,NA,NA,NA,NA,28,31,NA,NA,NA,NA,NA,NA,NA,NA,NA,NA,2,White,0,0,16,28,358.8,6656,646.8,5.390625,9.717548077,4,0.5,1.00 or less
3105053683-60954-003_3105053683-60954-004,Apartment,4,USA,USA,NA,NA,NA,NA,NA,NA,NA,NA,,,USA,USA,NA,NA,NA,NA,NA,NA,NA,NA,NA,NA,Mother,Son,NA,NA,NA,NA,NA,NA,NA,NA,NA,NA,45,21,NA,NA,NA,NA,NA,NA,NA,NA,NA,NA,2,White,0,0,7,11,358.8,3016,538.8,11.89655172,17.86472149,4,0.5,1.00 or less
3105053683-60954-005_3105053683-60954-006,Apartment,4,USA,USA,NA,NA,NA,NA,NA,NA,NA,NA,,,USA,USA,NA,NA,NA,NA,NA,NA,NA,NA,NA,NA,Head,Sister,NA,NA,NA,NA,NA,NA,NA,NA,NA,NA,46,45,NA,NA,NA,NA,NA,NA,NA,NA,NA,NA,2,White,0,0,30,45,NA,NA,NA,NA,NA,4,0.5,1.00 or less
3105053683-60954-007_3105053683-60954-008,Apartment,4,Italy,Italy,USA,NA,NA,NA,NA,NA,NA,NA,,,Europe,Europe,USA,NA,NA,NA,NA,NA,NA,NA,NA,NA,H,Wife,Daughter,NA,NA,NA,NA,NA,NA,NA,NA,NA,46,39,8,NA,NA,NA,NA,NA,NA,NA,NA,NA,3,White,0,0,6,18,372,4160,456,8.942307692,10.96153846,4,0.75,1.00 or less
3105053683-60954-009_3105053683-60954-010,Apartment,4,USA,USA,USA,USA,NA,NA,NA,NA,NA,NA,,,USA,USA,USA,USA,NA,NA,NA,NA,NA,NA,NA,NA,H,Wife,Son,Daughter,NA,NA,NA,NA,NA,NA,NA,NA,20,20,3,0,NA,NA,NA,NA,NA,NA,NA,NA,4,White,0,0,3,20,412.56,3000,412.56,13.752,13.752,4,1,1.00 or less
3105053683-60954-011_3105053683-60954-012,Apartment,4,USA,USA,USA,USA,NA,NA,NA,NA,NA,NA,,,USA,USA,USA,USA,NA,NA,NA,NA,NA,NA,NA,NA,H,Wife,Daughter,Son,NA,NA,NA,NA,NA,NA,NA,NA,47,36,13,1,NA,NA,NA,NA,NA,NA,NA,NA,4,White,0,0,6,47,358.8,2860,430.8,12.54545455,15.06293706,4,1,1.00 or less
3105053683-60954-013_3105053683-60954-014,Apartment,4,USA,USA,USA,USA,USA,USA,NA,NA,NA,NA,,,USA,USA,USA,USA,USA,USA,NA,NA,NA,NA,NA,NA,Head,Wife,Son,Son,Son,Son,NA,NA,NA,NA,NA,NA,32,26,8,6,5,3,NA,NA,NA,NA,NA,NA,6,White,0,0,8,32,410.64,4160,530.64,9.871153846,12.75576923,4,1.5,1.01 to 1.50
3105053683-60954-015_3105053683-60954-016,Apartment,4,Spain,Spain,Spain,Spain,Spain,Spain,Spain,NA,NA,NA,,,Europe,Europe,Europe,Europe,Europe,Europe,Europe,NA,NA,NA,NA,NA,Head,Wife,Daughter,Daughter,Daughter,Daughter,Son,NA,NA,NA,NA,NA,43,42,20,17,16,11,5,NA,NA,NA,NA,NA,7,White,0,0,43,43,382.8,2600,574.8,14.72307692,22.10769231,4,1.75,1.51 or more
3105078105-60955-001_3105078105-60955-002,Apartment,4,USA,USA,USA,USA,USA,NA,NA,NA,NA,NA,,,USA,USA,USA,USA,USA,NA,NA,NA,NA,NA,NA,NA,H,Wife,Son,Son,Son,NA,NA,NA,NA,NA,NA,NA,46,47,19,17,16,NA,NA,NA,NA,NA,NA,NA,5,White,0,0,10,46,384.6,7820,660.6,4.918158568,8.447570332,4,1.25,1.01 to 1.50
3105078105-60955-003_3105078105-60955-004,Apartment,4,USA,USA,USA,USA,USA,NA,NA,NA,NA,NA,,,USA,USA,USA,USA,USA,NA,NA,NA,NA,NA,NA,NA,Head,Wife,Daughter,Son,Daughter,NA,NA,NA,NA,NA,NA,NA,51,45,26,24,11,NA,NA,NA,NA,NA,NA,NA,5,White,0,0,5,51,NA,4888,NA,NA,NA,4,1.25,1.01 to 1.50
3105078105-60955-005_3105078105-60955-006,Apartment,4,USA,USA,USA,USA,NA,NA,NA,NA,NA,NA,,,USA,USA,USA,USA,NA,NA,NA,NA,NA,NA,NA,NA,Husband,Wife,Son,Son,Daughter,NA,NA,NA,NA,NA,NA,NA,45,44,22,21,14,NA,NA,NA,NA,NA,NA,NA,5,White,0,0,24,45,370.8,4160,514.8,8.913461538,12.375,4,1.25,1.01 to 1.50
3105078105-60955-007_3105078105-60955-008,Apartment,4,Greece,Greece,NA,NA,NA,NA,NA,NA,NA,NA,,,Europe,Europe,NA,NA,NA,NA,NA,NA,NA,NA,NA,NA,H,Wife,NA,NA,NA,NA,NA,NA,NA,NA,NA,NA,62,53,NA,NA,NA,NA,NA,NA,NA,NA,NA,NA,2,White,0,0,23,35,358.8,5200,406.8,6.9,7.823076923,4,0.5,1.00 or less
3105078105-60955-009_3105078105-60955-010,Apartment,4,USA,USA,USA,USA,NA,NA,NA,NA,NA,NA,,,USA,USA,USA,USA,NA,NA,NA,NA,NA,NA,NA,NA,Head,Wife,Daughter,Son,NA,NA,NA,NA,NA,NA,NA,NA,38,34,14,11,NA,NA,NA,NA,NA,NA,NA,NA,4,White,0,0,12,38,372.6,3120,540.6,11.94230769,17.32692308,4,1,1.00 or less
3105078105-60955-011_3105078105-60955-012,Apartment,4,USA,USA,NA,NA,NA,NA,NA,NA,NA,NA,,,USA,USA,NA,NA,NA,NA,NA,NA,NA,NA,NA,NA,NA,NA,NA,NA,NA,NA,NA,NA,NA,NA,NA,NA,42,31,NA,NA,NA,NA,NA,NA,NA,NA,NA,NA,2,White,0,0,40,40,296.64,4000,476.64,7.416,11.916,4,0.5,1.00 or less
3105078105-60955-013_3105078105-60955-014,Apartment,4,USA,USA,USA,USA,USA,NA,NA,NA,NA,NA,,,USA,USA,USA,USA,USA,NA,NA,NA,NA,NA,NA,NA,Husband,Wife,Son,Son,Son,NA,NA,NA,NA,NA,NA,NA,47,44,20,11,8,NA,NA,NA,NA,NA,NA,NA,5,White,0,0,NA,NA,358.8,8216,670.8,4.367088608,8.164556962,4,1.25,1.01 to 1.50
3105078105-60955-015_3105078105-60955-016,Apartment,4,USA,USA,USA,NA,NA,NA,NA,NA,NA,NA,,,USA,USA,USA,NA,NA,NA,NA,NA,NA,NA,NA,NA,H,Wife,Daughter,NA,NA,NA,NA,NA,NA,NA,NA,NA,52,48,19,NA,NA,NA,NA,NA,NA,NA,NA,NA,3,White,0,0,25,52,358.8,2652,502.8,13.52941176,18.95927602,4,0.75,1.00 or less
3105078105-60955-017_3105078105-60955-018,Apartment,4,Ukraine,Ukraine,Ukraine,Germany,USA,Ukraine,Poland,NA,NA,NA,,,Europe,Europe,Europe,Europe,USA,Europe,Europe,NA,NA,NA,NA,NA,H,Son,Daughter,Grand Son,Grand Daughter,Son,Son,NA,NA,NA,NA,NA,60,24,33,12,3,22,32,NA,NA,NA,NA,NA,7,White,0,0,8,8,345,7280,453,4.739010989,6.222527473,4,1.75,1.51 or more
3105078105-60955-019_3105078105-60955-020,Apartment,4,USA,USA,USA,USA,USA,USA,NA,NA,NA,NA,,,USA,USA,USA,USA,USA,USA,NA,NA,NA,NA,NA,NA,NA,NA,NA,NA,NA,NA,NA,NA,NA,NA,NA,NA,40,36,6,4,3,2,NA,NA,NA,NA,NA,NA,6,White,0,0,2,40,358.8,7462,358.8,4.808362369,4.808362369,4,1.5,1.01 to 1.50
3105078105-60955-021_3105078105-60955-022,NA,4,USA,USA,USA,USA,NA,NA,NA,NA,NA,NA,,,USA,USA,USA,USA,NA,NA,NA,NA,NA,NA,NA,NA,H,Wife,Son,Daughter,NA,NA,NA,NA,NA,NA,NA,NA,44,34,2,9,NA,NA,NA,NA,NA,NA,NA,NA,4,NA,0,0,NA,NA,358.8,2600,358.8,13.8,13.8,4,1,1.00 or less
3105078105-60955-023_3105078105-60955-024,Apartment,4,Poland,Germany,NA,NA,NA,NA,NA,NA,NA,NA,,,Europe,Europe,NA,NA,NA,NA,NA,NA,NA,NA,NA,NA,Head,Son,Daughter,NA,NA,NA,NA,NA,NA,NA,NA,NA,33,12,3,NA,NA,NA,NA,NA,NA,NA,NA,NA,3,NA,0,0,NA,NA,NA,2340,NA,NA,NA,4,0.75,1.00 or less
3105082501-60956-001_3105082501-60956-002,Apartment,2,Poland,Poland,NA,NA,NA,NA,NA,NA,NA,NA,,,Europe,Europe,NA,NA,NA,NA,NA,NA,NA,NA,NA,NA,Head,Wife,NA,NA,NA,NA,NA,NA,NA,NA,NA,NA,44,NA,NA,NA,NA,NA,NA,NA,NA,NA,NA,NA,2,White,0,0,NA,NA,747.76,3796,849.76,19.69863014,22.38566913,2,1,1.00 or less
3105082501-60956-003_3105082501-60956-004,Apartment,4,USA,Greece,Greece,USA,USA,NA,NA,NA,NA,NA,,,USA,Europe,Europe,USA,USA,NA,NA,NA,NA,NA,NA,NA,Son,M,H,Brother,Sister,NA,NA,NA,NA,NA,NA,NA,24,NA,65,6,4,NA,NA,NA,NA,NA,NA,NA,5,White,0,0,24,24,358.8,5720,718.8,6.272727273,12.56643357,4,1.25,1.01 to 1.50
3105082501-60956-005_3105082501-60956-006,Apartment,4,Scotland,USA,USA,USA,USA,NA,NA,NA,NA,NA,,,Europe,USA,USA,USA,USA,NA,NA,NA,NA,NA,NA,NA,Head,Daughter,Daughter,Daughter,Son,NA,NA,NA,NA,NA,NA,NA,57,20,19,22,15,NA,NA,NA,NA,NA,NA,NA,5,White,0,0,20,25,396.6,6812,564.6,5.822078685,8.288314739,4,1.25,1.01 to 1.50
3105082501-60956-007_3105082501-60956-008,Apartment,4,USA,NA,NA,NA,NA,NA,NA,NA,NA,NA,,,USA,NA,NA,NA,NA,NA,NA,NA,NA,NA,NA,NA,NA,NA,NA,NA,NA,NA,NA,NA,NA,NA,NA,NA,65,NA,NA,NA,NA,NA,NA,NA,NA,NA,NA,NA,1,White,0,0,20,29,372.6,2288,444.6,16.28496503,19.43181818,4,0.25,1.00 or less
3105082501-60956-009_3105082501-60956-010,Apartment,4,USA,USA,NA,NA,NA,NA,NA,NA,NA,NA,,,USA,USA,NA,NA,NA,NA,NA,NA,NA,NA,NA,NA,Head,Daughter,Son,NA,NA,NA,NA,NA,NA,NA,NA,NA,60,28,23,NA,NA,NA,NA,NA,NA,NA,NA,NA,3,White,0,0,23,60,358.8,4420,694.8,8.117647059,15.71945701,4,0.75,1.00 or less
3105082501-60956-011_3105082501-60956-012,Apartment,4,USA,USA,USA,NA,NA,NA,NA,NA,NA,NA,,,USA,USA,USA,NA,NA,NA,NA,NA,NA,NA,NA,NA,Head,Husband,Son,NA,NA,NA,NA,NA,NA,NA,NA,NA,47,57,30,NA,NA,NA,NA,NA,NA,NA,NA,NA,3,White,0,0,47,47,372.6,11076,492.6,3.364030336,4.447453954,4,0.75,1.00 or less
3105082501-60956-013_3105082501-60956-014,Apartment,4,USA,USA,NA,NA,NA,NA,NA,NA,NA,NA,,,USA,USA,NA,NA,NA,NA,NA,NA,NA,NA,NA,NA,Son,M,NA,NA,NA,NA,NA,NA,NA,NA,NA,NA,29,66,NA,NA,NA,NA,NA,NA,NA,NA,NA,NA,2,White,0,0,34,NA,369,NA,525,NA,NA,4,0.5,1.00 or less
3105082501-60956-015_3105082501-60956-016,Apartment,4.5,USA,USA,USA,USA,NA,NA,NA,NA,NA,NA,,,USA,USA,USA,USA,NA,NA,NA,NA,NA,NA,NA,NA,Husband,Wife,Son,Son,NA,NA,NA,NA,NA,NA,NA,NA,53,46,21,20,NA,NA,NA,NA,NA,NA,NA,NA,4,White,0,0,20,53,358.8,8022.04,358.8,4.472677773,4.472677773,4.5,0.888888889,1.00 or less
3105082501-60956-017_3105082501-60956-018,Apartment,5,USA,USA,USA,USA,USA,USA,NA,NA,NA,NA,,,USA,USA,USA,USA,USA,USA,NA,NA,NA,NA,NA,NA,H,Wife,Daughter,Daughter,Son,Son,NA,NA,NA,NA,NA,NA,32,26,6,5,4,3,NA,NA,NA,NA,NA,NA,6,White,0,0,4,31,380.88,NA,380.88,NA,NA,5,1.2,1.01 to 1.50
3105086719-60957-001_3105086719-60957-002,NA,4,USA,USA,USA,NA,NA,NA,NA,NA,NA,NA,,,USA,USA,USA,NA,NA,NA,NA,NA,NA,NA,NA,NA,Head,Wife,Son,NA,NA,NA,NA,NA,NA,NA,NA,NA,46,41,11,NA,NA,NA,NA,NA,NA,NA,NA,NA,3,White,0,0,NA,46,276,6000,696,4.6,11.6,4,0.75,1.00 or less
3105086719-60957-003_3105086719-60957-004,NA,4,USA,USA,NA,NA,NA,NA,NA,NA,NA,NA,,,USA,USA,NA,NA,NA,NA,NA,NA,NA,NA,NA,NA,Head,Wife,NA,NA,NA,NA,NA,NA,NA,NA,NA,NA,60,57,NA,NA,NA,NA,NA,NA,NA,NA,NA,NA,2,NA,0,0,4,60,276,5200,396,5.307692308,7.615384615,4,0.5,1.00 or less
3105086719-60957-005_3105086719-60957-006,Apartment,4,USA,USA,USA,USA,USA,NA,NA,NA,NA,NA,,,USA,USA,USA,USA,USA,NA,NA,NA,NA,NA,NA,NA,H,Wife,Son,Daughter,Son,NA,NA,NA,NA,NA,NA,NA,31,27,10,8,6,NA,NA,NA,NA,NA,NA,NA,5,White,0,0,5,31,331.2,3640,463.2,9.098901099,12.72527473,4,1.25,1.01 to 1.50
3105086719-60957-007_3105086719-60957-008,NA,4,USA,USA,NA,NA,NA,NA,NA,NA,NA,NA,,,USA,USA,NA,NA,NA,NA,NA,NA,NA,NA,NA,NA,Head,Wife,NA,NA,NA,NA,NA,NA,NA,NA,NA,NA,37,37,NA,NA,NA,NA,NA,NA,NA,NA,NA,NA,2,White,0,0,10,37,331.2,3900,427.2,8.492307692,10.95384615,4,0.5,1.00 or less
3105086719-60957-009_3105086719-60957-010,Apartment,4,USA,USA,NA,NA,NA,NA,NA,NA,NA,NA,,,USA,USA,NA,NA,NA,NA,NA,NA,NA,NA,NA,NA,Husband,Wife,NA,NA,NA,NA,NA,NA,NA,NA,NA,NA,79,72,NA,NA,NA,NA,NA,NA,NA,NA,NA,NA,2,White,0,0,15,32,286.32,720,380.52,39.76666667,52.85,4,0.5,1.00 or less
3105086719-60957-011_3105086719-60957-012,Apartment,4,USA,USA,USA,NA,NA,NA,NA,NA,NA,NA,,,USA,USA,USA,NA,NA,NA,NA,NA,NA,NA,NA,NA,Husband,Wife,Son,NA,NA,NA,NA,NA,NA,NA,NA,NA,61,NA,28,NA,NA,NA,NA,NA,NA,NA,NA,NA,3,White,0,0,22,61,345,3224,549,10.70099256,17.02853598,4,0.75,1.00 or less
3105086719-60957-013_3105086719-60957-014,NA,6,USA,USA,USA,USA,NA,NA,NA,NA,NA,NA,,,USA,USA,USA,USA,NA,NA,NA,NA,NA,NA,NA,NA,H,Wife,Son,Daughter,NA,NA,NA,NA,NA,NA,NA,NA,44,34,2,9,NA,NA,NA,NA,NA,NA,NA,NA,4,NA,0,0,44,44,NA,2600,NA,NA,NA,6,0.666666667,1.00 or less
3105086719-60957-015_3105086719-60957-016,NA,NA,USA,USA,USA,USA,NA,NA,NA,NA,NA,NA,,,USA,USA,USA,USA,NA,NA,NA,NA,NA,NA,NA,NA,H,Wife,Son,Daughter,NA,NA,NA,NA,NA,NA,NA,NA,44,34,2,9,NA,NA,NA,NA,NA,NA,NA,NA,4,NA,0,0,44,44,NA,2600,NA,NA,NA,NA,NA,NA
3105086719-60957-017_3105086719-60957-018,Apartment,NA,Ireland,USA,NA,NA,NA,NA,NA,NA,NA,NA,,,Europe,USA,NA,NA,NA,NA,NA,NA,NA,NA,NA,NA,Mother,Son,NA,NA,NA,NA,NA,NA,NA,NA,NA,NA,54,31,NA,NA,NA,NA,NA,NA,NA,NA,NA,NA,2,White,0,0,1.5,34,345,3640,441,9.478021978,12.11538462,NA,NA,NA
3105086719-60957-019_3105086719-60957-020,Apartment,4,Ireland,NA,NA,NA,NA,NA,NA,NA,NA,NA,,,Europe,NA,NA,NA,NA,NA,NA,NA,NA,NA,NA,NA,Head,NA,NA,NA,NA,NA,NA,NA,NA,NA,NA,NA,77,NA,NA,NA,NA,NA,NA,NA,NA,NA,NA,NA,1,White,0,0,30,51,285.6,498,333.6,57.34939759,66.98795181,4,0.25,1.00 or less
3105086719-60957-021_3105086719-60957-022,Apartment,3,Greece,Greece,NA,NA,NA,NA,NA,NA,NA,NA,,,Europe,Europe,NA,NA,NA,NA,NA,NA,NA,NA,NA,NA,H,Wife,NA,NA,NA,NA,NA,NA,NA,NA,NA,NA,77,69,NA,NA,NA,NA,NA,NA,NA,NA,NA,NA,2,NA,0,0,NA,NA,276,540,276,51.11111111,51.11111111,3,0.666666667,1.00 or less
3105086719-60957-023_3105086719-60957-024,Apartment,4,USA,USA,USA,NA,NA,NA,NA,NA,NA,NA,,,USA,USA,USA,NA,NA,NA,NA,NA,NA,NA,NA,NA,H,Wife,Son,NA,NA,NA,NA,NA,NA,NA,NA,NA,41,33,11,NA,NA,NA,NA,NA,NA,NA,NA,NA,3,White,0,0,2,32,276,NA,276,NA,NA,4,0.75,1.00 or less
3105154754-60958-001_3105154754-60958-002,NA,6,USA,USA,USA,NA,NA,NA,NA,NA,NA,NA,,,USA,USA,USA,NA,NA,NA,NA,NA,NA,NA,NA,NA,Husband,Wife,Daughter,NA,NA,NA,NA,NA,NA,NA,NA,NA,29,29,3,NA,NA,NA,NA,NA,NA,NA,NA,NA,3,White,0,0,6,6,317.4,3796,557.4,8.361433087,14.68387777,6,0.5,1.00 or less
3105154754-60958-003_3105154754-60958-004,Apartment,6,USA,NA,NA,NA,NA,NA,NA,NA,NA,NA,,,USA,NA,NA,NA,NA,NA,NA,NA,NA,NA,NA,NA,Head,NA,NA,NA,NA,NA,NA,NA,NA,NA,NA,NA,NA,NA,NA,NA,NA,NA,NA,NA,NA,NA,NA,NA,1,White,0,0,16,33,345,2839.2,345,12.15131023,12.15131023,6,0.166666667,1.00 or less
3105154754-60958-005_3105154754-60958-006,Apartment,6,USA,USA,USA,USA,NA,NA,NA,NA,NA,NA,,,USA,USA,USA,USA,NA,NA,NA,NA,NA,NA,NA,NA,Head,Wife,Son,Daughter,NA,NA,NA,NA,NA,NA,NA,NA,44,34,2,9,NA,NA,NA,NA,NA,NA,NA,NA,4,White,0,0,44,44,317.76,2600,437.76,12.22153846,16.83692308,6,0.666666667,1.00 or less
3105154754-60958-007_3105154754-60958-008,Apartment,6,Italy,USA,NA,NA,NA,NA,NA,NA,NA,NA,,,Europe,USA,NA,NA,NA,NA,NA,NA,NA,NA,NA,NA,H,Wife,NA,NA,NA,NA,NA,NA,NA,NA,NA,NA,58,48,NA,NA,NA,NA,NA,NA,NA,NA,NA,NA,2,White,0,0,19,37,317.4,6240,377.4,5.086538462,6.048076923,6,0.333333333,1.00 or less
3105154754-60958-009_3105154754-60958-010,Apartment,6,USA,USA,USA,NA,NA,NA,NA,NA,NA,NA,,,USA,USA,USA,NA,NA,NA,NA,NA,NA,NA,NA,NA,Head,Son,Son,NA,NA,NA,NA,NA,NA,NA,NA,NA,48,25,23,NA,NA,NA,NA,NA,NA,NA,NA,NA,3,White,0,0,7,48,312.6,NA,912.6,NA,NA,6,0.5,1.00 or less
3105154754-60958-011_3105154754-60958-012,Apartment,6,USA,USA,USA,USA,USA,USA,USA,NA,NA,NA,,,USA,USA,USA,USA,USA,USA,USA,NA,NA,NA,NA,NA,H,Wife,Son,Son,Son,Daughter,Daughter,NA,NA,NA,NA,NA,59,53,22,17,14,26,19,NA,NA,NA,NA,NA,7,White,0,0,NA,NA,NA,3380,NA,NA,NA,6,1.166666667,1.01 to 1.50
3105154754-60958-013_3105154754-60958-014,Apartment,6,USA,USA,USA,USA,USA,NA,NA,NA,NA,NA,,,USA,USA,USA,USA,USA,NA,NA,NA,NA,NA,NA,NA,H,Wife,Daughter,Daughter,Daughter,NA,NA,NA,NA,NA,NA,NA,33,28,6,2,1,NA,NA,NA,NA,NA,NA,NA,5,White,0,0,20,33,276,7200,756,3.833333333,10.5,6,0.833333333,1.00 or less
3105154754-60958-015_3105154754-60958-016,Apartment,5,Germany,USA,USA,USA,NA,NA,NA,NA,NA,NA,,,Europe,USA,USA,USA,NA,NA,NA,NA,NA,NA,NA,NA,Head,Wife,Daughter,Son,NA,NA,NA,NA,NA,NA,NA,NA,53,60,28,19,NA,NA,NA,NA,NA,NA,NA,NA,4,White,0,0,15,35,312,NA,444,NA,NA,5,0.8,1.00 or less
3105154754-60958-017_3105154754-60958-018,Apartment,6.5,USA,USA,USA,NA,NA,NA,NA,NA,NA,NA,,,USA,USA,USA,NA,NA,NA,NA,NA,NA,NA,NA,NA,Head,Wife,Daughter,NA,NA,NA,NA,NA,NA,NA,NA,NA,20,21,1,NA,NA,NA,NA,NA,NA,NA,NA,NA,3,White,0,0,10,20,780,1040,780,75,75,6.5,0.461538462,1.00 or less
3105154754-60958-019_3105154754-60958-020,Apartment,6,USA,USA,USA,USA,NA,NA,NA,NA,NA,NA,,,USA,USA,USA,USA,NA,NA,NA,NA,NA,NA,NA,NA,Husband,Wife,Son,Son,NA,NA,NA,NA,NA,NA,NA,NA,65,61,44,41,NA,NA,NA,NA,NA,NA,NA,NA,4,White,0,0,13,38,276,5018,756,5.500199283,15.06576325,6,0.666666667,1.00 or less
3105154754-60958-021_3105154754-60958-022,Apartment,6,USA,USA,USA,USA,USA,NA,NA,NA,NA,NA,,,USA,USA,USA,USA,USA,NA,NA,NA,NA,NA,NA,NA,Wife,Head,Son in Law,Daughter,Grand Daughter,NA,NA,NA,NA,NA,NA,NA,46,52,22,22,2,NA,NA,NA,NA,NA,NA,NA,5,White,0,0,18,46,345,6656,705,5.183293269,10.59194712,6,0.833333333,1.00 or less
3105160556-60959-001_3105160556-60959-002,Apartment,3,USA,USA,USA,NA,NA,NA,NA,NA,NA,NA,,,USA,USA,USA,NA,NA,NA,NA,NA,NA,NA,NA,NA,H,Daughter,Son,NA,NA,NA,NA,NA,NA,NA,NA,NA,40,3,9,NA,NA,NA,NA,NA,NA,NA,NA,NA,3,White,0,0,16,40,617.4,2860,689.4,21.58741259,24.1048951,3,1,1.00 or less
3105160556-60959-003_3105160556-60959-004,Apartment,3,PR,PR,USA,PR,NA,NA,NA,NA,NA,NA,,,PR,PR,USA,PR,NA,NA,NA,NA,NA,NA,NA,NA,H,Wife,Son,Sister,NA,NA,NA,NA,NA,NA,NA,NA,23,23,1,19,NA,NA,NA,NA,NA,NA,NA,NA,4,White,1,4,2,4,723.84,2860,795.84,25.30909091,27.82657343,3,1.333333333,1.01 to 1.50
3105160556-60959-005_3105160556-60959-006,Apartment,2.5,PR,PR,PR,NA,NA,NA,NA,NA,NA,NA,,,PR,PR,PR,NA,NA,NA,NA,NA,NA,NA,NA,NA,Head,Sister,Brother,NA,NA,NA,NA,NA,NA,NA,NA,NA,40,43,21,NA,NA,NA,NA,NA,NA,NA,NA,NA,3,Puerto Rican,1,3,6,8,718.44,4940,808.44,14.54331984,16.36518219,2.5,1.2,1.01 to 1.50
3105160556-60959-007_3105160556-60959-008,NA,3.5,PR,NA,NA,NA,NA,NA,NA,NA,NA,NA,,,PR,NA,NA,NA,NA,NA,NA,NA,NA,NA,NA,NA,Head,NA,NA,NA,NA,NA,NA,NA,NA,NA,NA,NA,49,NA,NA,NA,NA,NA,NA,NA,NA,NA,NA,NA,1,Puerto Rican,1,1,NA,NA,696,3900,840,17.84615385,21.53846154,3.5,0.285714286,1.00 or less
3105160556-60959-009_3105160556-60959-010,Apartment,3,DR,PR,PR,NA,NA,NA,NA,NA,NA,NA,,,Caribbean,PR,PR,NA,NA,NA,NA,NA,NA,NA,NA,NA,H,Wife,Brother in Law,NA,NA,NA,NA,NA,NA,NA,NA,NA,34,23,21,NA,NA,NA,NA,NA,NA,NA,NA,NA,3,Puerto Rican,1,3,2,7,724.44,5616,796.44,12.89957265,14.18162393,3,1,1.00 or less
3105160556-60959-011_3105160556-60959-012,Apartment,3.5,USA,USA,USA,USA,NA,NA,NA,NA,NA,NA,,,USA,USA,USA,USA,NA,NA,NA,NA,NA,NA,NA,NA,H,Wife,Daughter,Daughter,NA,NA,NA,NA,NA,NA,NA,NA,47,41,15,11,NA,NA,NA,NA,NA,NA,NA,NA,4,White,0,0,11,40,621,5720,717,10.85664336,12.53496503,3.5,1.142857143,1.01 to 1.50
3105160556-60959-013_3105160556-60959-014,NA,3,PR,PR,PR,USA,USA,NA,NA,NA,NA,NA,,,PR,PR,PR,USA,USA,NA,NA,NA,NA,NA,NA,NA,H,Wife,Son,Daughter,Son,NA,NA,NA,NA,NA,NA,NA,NA,NA,NA,NA,NA,NA,NA,NA,NA,NA,NA,NA,5,NA,1,5,NA,NA,712.2,NA,712.2,NA,NA,3,1.666666667,1.51 or more
3105160556-60959-015_3105160556-60959-016,Apartment,3.5,Sweden,Ireland,USA,NA,NA,NA,NA,NA,NA,NA,,,NA,Europe,USA,NA,NA,NA,NA,NA,NA,NA,NA,NA,H,Wife,Son,NA,NA,NA,NA,NA,NA,NA,NA,NA,55,55,27,NA,NA,NA,NA,NA,NA,NA,NA,NA,3,White,0,0,4,31,741.72,3900,741.72,19.01846154,19.01846154,3.5,0.857142857,1.00 or less
3105160556-60959-017_3105160556-60959-018,Apartment,4,PR,PR,USA,NA,NA,NA,NA,NA,NA,NA,,,PR,PR,USA,NA,NA,NA,NA,NA,NA,NA,NA,NA,H,Wife,Son,NA,NA,NA,NA,NA,NA,NA,NA,NA,28,28,3,NA,NA,NA,NA,NA,NA,NA,NA,NA,3,Puerto Rican,1,3,2,8,712.2,NA,772.2,NA,NA,4,0.75,1.00 or less
3105160556-60959-019_3105160556-60959-020,Apartment,3,PR,USA,PR,NA,NA,NA,NA,NA,NA,NA,,,PR,USA,PR,NA,NA,NA,NA,NA,NA,NA,NA,NA,H,Daughter,NA,NA,NA,NA,NA,NA,NA,NA,NA,NA,30,12,9,NA,NA,NA,NA,NA,NA,NA,NA,NA,3,Puerto Rican,1,3,2.5,10,588,2860,732,20.55944056,25.59440559,3,1,1.00 or less
3105160556-60959-021_3105160556-60959-022,Apartment,3,NA,NA,NA,NA,NA,NA,NA,NA,NA,NA,,,NA,NA,NA,NA,NA,NA,NA,NA,NA,NA,NA,NA,Head,NA,NA,NA,NA,NA,NA,NA,NA,NA,NA,NA,NA,NA,NA,NA,NA,NA,NA,NA,NA,NA,NA,NA,1,NA,0,0,NA,NA,600,NA,600,NA,NA,3,0.333333333,1.00 or less
3105160556-60959-023_3105160556-60959-024,Apartment,3,USA,USA,NA,NA,NA,NA,NA,NA,NA,NA,,,USA,USA,NA,NA,NA,NA,NA,NA,NA,NA,NA,NA,H,Friend,NA,NA,NA,NA,NA,NA,NA,NA,NA,NA,46,30,NA,NA,NA,NA,NA,NA,NA,NA,NA,NA,2,White,0,0,16,46,593.4,6500,593.4,9.129230769,9.129230769,3,0.666666667,1.00 or less
3105160556-60959-025_3105160556-60959-026,Apartment,3.5,Hungary,USA,NA,NA,NA,NA,NA,NA,NA,NA,,,Europe,USA,NA,NA,NA,NA,NA,NA,NA,NA,NA,NA,H,Wife,NA,NA,NA,NA,NA,NA,NA,NA,NA,NA,55,48,NA,NA,NA,NA,NA,NA,NA,NA,NA,NA,2,White,0,0,18,37,579.6,6500,663.6,8.916923077,10.20923077,3.5,0.571428571,1.00 or less
3105160556-60959-027_3105160556-60959-028,NA,4,PR,PR,USA,NA,NA,NA,NA,NA,NA,NA,,,PR,PR,USA,NA,NA,NA,NA,NA,NA,NA,NA,NA,Head,Wife,Son,NA,NA,NA,NA,NA,NA,NA,NA,NA,NA,59,32,NA,NA,NA,NA,NA,NA,NA,NA,NA,3,Puerto Rican,1,3,4,24,NA,1560,NA,NA,NA,4,0.75,1.00 or less
3105160556-60959-029_3105160556-60959-030,NA,NA,USA,USA,NA,NA,NA,NA,NA,NA,NA,NA,,,USA,USA,NA,NA,NA,NA,NA,NA,NA,NA,NA,NA,Head,Wife,NA,NA,NA,NA,NA,NA,NA,NA,NA,NA,49,55,NA,NA,NA,NA,NA,NA,NA,NA,NA,NA,2,NA,0,0,NA,NA,NA,NA,NA,NA,NA,NA,NA,NA
3105160556-60959-031_3105160556-60959-032,NA,3,PR,NA,NA,NA,NA,NA,NA,NA,NA,NA,,,PR,NA,NA,NA,NA,NA,NA,NA,NA,NA,NA,NA,H,NA,NA,NA,NA,NA,NA,NA,NA,NA,NA,NA,50,NA,NA,NA,NA,NA,NA,NA,NA,NA,NA,NA,1,Puerto Rican mix,1,1,16,22,496.8,2600,496.8,19.10769231,19.10769231,3,0.333333333,1.00 or less
3105160556-60959-033_3105160556-60959-034,Apartment,3.5,Italy,USA,NA,NA,NA,NA,NA,NA,NA,NA,,,Europe,USA,NA,NA,NA,NA,NA,NA,NA,NA,NA,NA,Head,Wife,NA,NA,NA,NA,NA,NA,NA,NA,NA,NA,52,53,NA,NA,NA,NA,NA,NA,NA,NA,NA,NA,2,White,0,0,16,31,607.2,3380,703.2,17.96449704,20.80473373,3.5,0.571428571,1.00 or less
3105164959-60960-001_3105164959-60960-002,Apartment,3,PR,PR,NA,NA,NA,NA,NA,NA,NA,NA,,,PR,PR,NA,NA,NA,NA,NA,NA,NA,NA,NA,NA,H,Wife,NA,NA,NA,NA,NA,NA,NA,NA,NA,NA,32,36,NA,NA,NA,NA,NA,NA,NA,NA,NA,NA,2,Puerto Rican,1,2,NA,3,714.6,2288,762.6,31.23251748,33.33041958,3,0.666666667,1.00 or less
3105164959-60960-003_3105164959-60960-004,Apartment,1.5,USA,NA,NA,NA,NA,NA,NA,NA,NA,NA,,,USA,NA,NA,NA,NA,NA,NA,NA,NA,NA,NA,NA,Head,NA,NA,NA,NA,NA,NA,NA,NA,NA,NA,NA,41,NA,NA,NA,NA,NA,NA,NA,NA,NA,NA,NA,1,White,0,0,8,NA,455.4,3900,599.4,11.67692308,15.36923077,1.5,0.666666667,1.00 or less
3105164959-60960-005_3105164959-60960-006,Apartment,3,PR,NA,NA,NA,NA,NA,NA,NA,NA,NA,,,PR,NA,NA,NA,NA,NA,NA,NA,NA,NA,NA,NA,Head,NA,NA,NA,NA,NA,NA,NA,NA,NA,NA,NA,38,NA,NA,NA,NA,NA,NA,NA,NA,NA,NA,NA,1,Puerto Rican,1,1,2,17,710.4,1820,806.4,39.03296703,44.30769231,3,0.333333333,1.00 or less
3105164959-60960-007_3105164959-60960-008,Apartment,2.5,USA,NA,NA,NA,NA,NA,NA,NA,NA,NA,,,USA,NA,NA,NA,NA,NA,NA,NA,NA,NA,NA,NA,Head,NA,NA,NA,NA,NA,NA,NA,NA,NA,NA,NA,52,NA,NA,NA,NA,NA,NA,NA,NA,NA,NA,NA,1,White,0,0,16,23,483,2392,543,20.19230769,22.7006689,2.5,0.4,1.00 or less
3105164959-60960-009_3105164959-60960-010,Apartment,3,USA,USA,NA,NA,NA,NA,NA,NA,NA,NA,,,USA,USA,NA,NA,NA,NA,NA,NA,NA,NA,NA,NA,H,Wife,NA,NA,NA,NA,NA,NA,NA,NA,NA,NA,47,43,NA,NA,NA,NA,NA,NA,NA,NA,NA,NA,2,White,0,0,14,25,492,3500,552,14.05714286,15.77142857,3,0.666666667,1.00 or less
3105164959-60960-011_3105164959-60960-012,Apartment,3,USA,NA,NA,NA,NA,NA,NA,NA,NA,NA,,,USA,NA,NA,NA,NA,NA,NA,NA,NA,NA,NA,NA,Head,NA,NA,NA,NA,NA,NA,NA,NA,NA,NA,NA,62,NA,NA,NA,NA,NA,NA,NA,NA,NA,NA,NA,1,NA,0,0,10,20,496.8,NA,616.8,NA,NA,3,0.333333333,1.00 or less
3105164959-60960-013_3105164959-60960-014,Apartment,2.5,PR,PR,PR,USA,PR,NA,NA,NA,NA,NA,,,PR,PR,PR,USA,PR,NA,NA,NA,NA,NA,NA,NA,H,Daughter,Son,Son,Son,NA,NA,NA,NA,NA,NA,NA,41,18,17,13,7,NA,NA,NA,NA,NA,NA,NA,5,Puerto Rican,1,5,6,6,552,3120,648,17.69230769,20.76923077,2.5,2,1.51 or more
3105164959-60960-015_3105164959-60960-016,Apartment,2.5,USA,NA,NA,NA,NA,NA,NA,NA,NA,NA,,,USA,NA,NA,NA,NA,NA,NA,NA,NA,NA,NA,NA,H,NA,NA,NA,NA,NA,NA,NA,NA,NA,NA,NA,60,NA,NA,NA,NA,NA,NA,NA,NA,NA,NA,NA,1,White,0,0,15,60,496.8,3120,592.8,15.92307692,19,2.5,0.4,1.00 or less
3105164959-60960-017_3105164959-60960-018,Apartment,2.5,Hungary,NA,NA,NA,NA,NA,NA,NA,NA,NA,,,Europe,NA,NA,NA,NA,NA,NA,NA,NA,NA,NA,NA,Head,NA,NA,NA,NA,NA,NA,NA,NA,NA,NA,NA,28,NA,NA,NA,NA,NA,NA,NA,NA,NA,NA,NA,1,White,0,0,6,10,516,2600,612,19.84615385,23.53846154,2.5,0.4,1.00 or less
3105164959-60960-019_3105164959-60960-020,Apartment,3.5,PR,PR,USA,NA,NA,NA,NA,NA,NA,NA,,,PR,PR,USA,NA,NA,NA,NA,NA,NA,NA,NA,NA,Husband,Wife,Son,NA,NA,NA,NA,NA,NA,NA,NA,NA,29,29,4,NA,NA,NA,NA,NA,NA,NA,NA,NA,3,NA,1,3,5,10,480,5200,480,9.230769231,9.230769231,3.5,0.857142857,1.00 or less
3105164959-60960-021_3105164959-60960-022,Apartment,2,PR,PR,PR,PR,NA,NA,NA,NA,NA,NA,,,PR,PR,PR,PR,NA,NA,NA,NA,NA,NA,NA,NA,H,Brother,Brother,M,NA,NA,NA,NA,NA,NA,NA,NA,28,24,26,50,NA,NA,NA,NA,NA,NA,NA,NA,4,Puerto Rican,1,4,0.5,1,660,4264,714,15.47842402,16.74484053,2,2,1.51 or more
3105164959-60960-023_3105164959-60960-024,Apartment,1.5,Russia,NA,NA,NA,NA,NA,NA,NA,NA,NA,,,Europe,NA,NA,NA,NA,NA,NA,NA,NA,NA,NA,NA,Head,NA,NA,NA,NA,NA,NA,NA,NA,NA,NA,NA,65,NA,NA,NA,NA,NA,NA,NA,NA,NA,NA,NA,1,White,0,0,7,50,468,1657.2,516,28.2404055,31.13685735,1.5,0.666666667,1.00 or less
3105164959-60960-025_3105164959-60960-026,Apartment,1.5,USA,NA,NA,NA,NA,NA,NA,NA,NA,NA,,,USA,NA,NA,NA,NA,NA,NA,NA,NA,NA,NA,NA,Head,NA,NA,NA,NA,NA,NA,NA,NA,NA,NA,NA,62,NA,NA,NA,NA,NA,NA,NA,NA,NA,NA,NA,1,White,0,0,8,62,456,2600,576,17.53846154,22.15384615,1.5,0.666666667,1.00 or less
3105164959-60960-027_3105164959-60960-028,Apartment,3,PR,PR,PR,PR,NA,NA,NA,NA,NA,NA,,,PR,PR,PR,PR,NA,NA,NA,NA,NA,NA,NA,NA,Head,Wife,Niece,Nephew,NA,NA,NA,NA,NA,NA,NA,NA,57,48,20,14,NA,NA,NA,NA,NA,NA,NA,NA,4,Puerto Rican,1,4,6,6,613.32,7436,829.32,8.247982786,11.15277031,3,1.333333333,1.01 to 1.50
3105164959-60960-029_3105164959-60960-030,Apartment,3,Spain,PR,NA,NA,NA,NA,NA,NA,NA,NA,,,Europe,PR,NA,NA,NA,NA,NA,NA,NA,NA,NA,NA,H,Wife,NA,NA,NA,NA,NA,NA,NA,NA,NA,NA,54,42,NA,NA,NA,NA,NA,NA,NA,NA,NA,NA,2,Puerto Rican mix,1,2,2,NA,676.2,1040,676.2,65.01923077,65.01923077,3,0.666666667,1.00 or less
3105164959-60960-031_3105164959-60960-032,Apartment,3,USA,USA,NA,NA,NA,NA,NA,NA,NA,NA,,,USA,USA,NA,NA,NA,NA,NA,NA,NA,NA,NA,NA,Mother,Son,NA,NA,NA,NA,NA,NA,NA,NA,NA,NA,31,6,NA,NA,NA,NA,NA,NA,NA,NA,NA,NA,2,White,0,0,7,14,496.8,3120,496.8,15.92307692,15.92307692,3,0.666666667,1.00 or less
3105164959-60960-033_3105164959-60960-034,Apartment,3,PR,PR,NA,NA,NA,NA,NA,NA,NA,NA,,,PR,PR,NA,NA,NA,NA,NA,NA,NA,NA,NA,NA,H,Wife,NA,NA,NA,NA,NA,NA,NA,NA,NA,NA,20,20,NA,NA,NA,NA,NA,NA,NA,NA,NA,NA,2,Puerto Rican,1,2,0.083333333,3,648.6,4680,648.6,13.85897436,13.85897436,3,0.666666667,1.00 or less
3105164959-60960-035_3105164959-60960-036,Apartment,2.5,Russia,NA,NA,NA,NA,NA,NA,NA,NA,NA,,,Europe,NA,NA,NA,NA,NA,NA,NA,NA,NA,NA,NA,Head,NA,NA,NA,NA,NA,NA,NA,NA,NA,NA,NA,59,NA,NA,NA,NA,NA,NA,NA,NA,NA,NA,NA,1,White,0,0,14,25,496.8,NA,640.8,NA,NA,2.5,0.4,1.00 or less
3105164959-60960-037_3105164959-60960-038,Apartment,3,SouthAmerica,Cuba,NA,NA,NA,NA,NA,NA,NA,NA,,,Lat. Am.,Caribbean,NA,NA,NA,NA,NA,NA,NA,NA,NA,NA,Husband,Wife,NA,NA,NA,NA,NA,NA,NA,NA,NA,NA,30,23,NA,NA,NA,NA,NA,NA,NA,NA,NA,NA,2,NA,0,0,2.5,5,567.36,8840,735.36,6.418099548,8.318552036,3,0.666666667,1.00 or less
3105164959-60960-039_3105164959-60960-040,Apartment,2.5,PR,PR,USA,NA,NA,NA,NA,NA,NA,NA,,,PR,PR,USA,NA,NA,NA,NA,NA,NA,NA,NA,NA,Head,Wife,Daughter,NA,NA,NA,NA,NA,NA,NA,NA,NA,23,21,1,NA,NA,NA,NA,NA,NA,NA,NA,NA,3,Puerto Rican,1,3,1.33,3,640.32,3120,688.32,20.52307692,22.06153846,2.5,1.2,1.01 to 1.50
3105169069-60961-001_3105169069-60961-002,NA,4,Greece,USA,NA,NA,NA,NA,NA,NA,NA,NA,,,Europe,USA,NA,NA,NA,NA,NA,NA,NA,NA,NA,NA,Head,Daughter,NA,NA,NA,NA,NA,NA,NA,NA,NA,NA,55,33,NA,NA,NA,NA,NA,NA,NA,NA,NA,NA,2,White,0,0,16,55,469.2,3640,649.2,12.89010989,17.83516484,4,0.5,1.00 or less
3105169069-60961-003_3105169069-60961-004,Apartment,4,USA,NA,NA,NA,NA,NA,NA,NA,NA,NA,,,USA,NA,NA,NA,NA,NA,NA,NA,NA,NA,NA,NA,NA,NA,NA,NA,NA,NA,NA,NA,NA,NA,NA,NA,71,NA,NA,NA,NA,NA,NA,NA,NA,NA,NA,NA,1,White,0,0,16,71,441.6,698.4,477.6,63.23024055,68.38487973,4,0.25,1.00 or less
3105169069-60961-005_3105169069-60961-006,Apartment,4,USA,USA,NA,NA,NA,NA,NA,NA,NA,NA,,,USA,USA,NA,NA,NA,NA,NA,NA,NA,NA,NA,NA,Husband,Wife,NA,NA,NA,NA,NA,NA,NA,NA,NA,NA,47,40,NA,NA,NA,NA,NA,NA,NA,NA,NA,NA,2,White,0,0,6,47,539.4,7332,611.4,7.356792144,8.338788871,4,0.5,1.00 or less
3105169069-60961-007_3105169069-60961-008,Apartment,4,PR,PR,USA,USA,USA,USA,NA,NA,NA,NA,,,PR,PR,USA,USA,USA,USA,NA,NA,NA,NA,NA,NA,Head,Wife,Daughter,Daughter,Son,Son,NA,NA,NA,NA,NA,NA,32,29,9,8,6,2,NA,NA,NA,NA,NA,NA,6,Puerto Rican,1,6,8,10,676.2,2912,748.2,23.22115385,25.69368132,4,1.5,1.01 to 1.50
3105169069-60961-009_3105169069-60961-010,NA,4,USA,USA,USA,USA,USA,NA,NA,NA,NA,NA,,,USA,USA,USA,USA,USA,NA,NA,NA,NA,NA,NA,NA,Head,Wife,Son,Daughter,Son,NA,NA,NA,NA,NA,NA,NA,48,48,39,20,13,NA,NA,NA,NA,NA,NA,NA,5,White,0,0,48,48,NA,3640,NA,NA,NA,4,1.25,1.01 to 1.50
3105169069-60961-011_3105169069-60961-012,Apartment,4,USA,USA,NA,NA,NA,NA,NA,NA,NA,NA,,,USA,USA,NA,NA,NA,NA,NA,NA,NA,NA,NA,NA,Head,Brother,NA,NA,NA,NA,NA,NA,NA,NA,NA,NA,63,60,NA,NA,NA,NA,NA,NA,NA,NA,NA,NA,2,White,0,0,17,63,441.6,1800,441.6,24.53333333,24.53333333,4,0.5,1.00 or less
3105169069-60961-013_3105169069-60961-014,Apartment,4,USA,USA,USA,Italy,NA,NA,NA,NA,NA,NA,,,USA,USA,USA,Europe,NA,NA,NA,NA,NA,NA,NA,NA,H,Son,Son,Mother,NA,NA,NA,NA,NA,NA,NA,NA,44,20,12,80,NA,NA,NA,NA,NA,NA,NA,NA,4,White,0,0,19,44,455.4,5967,539.4,7.631975867,9.039718451,4,1,1.00 or less
3105169069-60961-015_3105169069-60961-016,Apartment,4,USA,USA,USA,NA,NA,NA,NA,NA,NA,NA,,,USA,USA,USA,NA,NA,NA,NA,NA,NA,NA,NA,NA,H,Wife,Son,NA,NA,NA,NA,NA,NA,NA,NA,NA,32,25,0,NA,NA,NA,NA,NA,NA,NA,NA,NA,3,White,0,0,27,27,414,5000,474,8.28,9.48,4,0.75,1.00 or less
3105169069-60961-017_3105169069-60961-018,Apartment,4,Cuba,Cuba,Cuba,NA,NA,NA,NA,NA,NA,NA,,,Caribbean,Caribbean,Caribbean,NA,NA,NA,NA,NA,NA,NA,NA,NA,H,Wife,Sister of 2,NA,NA,NA,NA,NA,NA,NA,NA,NA,57,53,51,NA,NA,NA,NA,NA,NA,NA,NA,NA,3,other,0,0,17,30,469.2,3120,469.2,15.03846154,15.03846154,4,0.75,1.00 or less
3105169069-60961-019_3105169069-60961-020,Apartment,4,Ireland,England,USA,NA,NA,NA,NA,NA,NA,NA,,,Europe,Europe,USA,NA,NA,NA,NA,NA,NA,NA,NA,NA,H,Wife,Daughter,NA,NA,NA,NA,NA,NA,NA,NA,NA,54,48,4,NA,NA,NA,NA,NA,NA,NA,NA,NA,3,White,0,0,5,20,539.4,3047.2,539.4,17.70149646,17.70149646,4,0.75,1.00 or less
3105169069-60961-021_3105169069-60961-022,Apartment,4,France,USA,USA,USA,USA,NA,NA,NA,NA,NA,,,Europe,USA,USA,USA,USA,NA,NA,NA,NA,NA,NA,NA,H,Wife,Son,Daughter,Son,NA,NA,NA,NA,NA,NA,NA,41,38,16,12,9,NA,NA,NA,NA,NA,NA,NA,5,NA,0,0,14,NA,455.4,3510,527.4,12.97435897,15.02564103,4,1.25,1.01 to 1.50
3105169069-60961-023_3105169069-60961-024,Apartment,4,France,NA,NA,NA,NA,NA,NA,NA,NA,NA,,,Europe,NA,NA,NA,NA,NA,NA,NA,NA,NA,NA,NA,H,NA,NA,NA,NA,NA,NA,NA,NA,NA,NA,NA,58,NA,NA,NA,NA,NA,NA,NA,NA,NA,NA,NA,1,White,0,0,10,15,469.2,NA,529.2,NA,NA,4,0.25,1.00 or less
3105169069-60961-025_3105169069-60961-026,Apartment,4,Germany,Norway,NA,NA,NA,NA,NA,NA,NA,NA,,,Europe,Europe,NA,NA,NA,NA,NA,NA,NA,NA,NA,NA,H,Wife,NA,NA,NA,NA,NA,NA,NA,NA,NA,NA,74,77,NA,NA,NA,NA,NA,NA,NA,NA,NA,NA,2,White,0,0,20,50,469.2,3380,565.2,13.8816568,16.72189349,4,0.5,1.00 or less
3105169069-60961-027_3105169069-60961-028,Apartment,4,PR,PR,Cuba,NA,NA,NA,NA,NA,NA,NA,,,PR,PR,Caribbean,NA,NA,NA,NA,NA,NA,NA,NA,NA,Head,Wife,Friend,NA,NA,NA,NA,NA,NA,NA,NA,NA,67,53,60,NA,NA,NA,NA,NA,NA,NA,NA,NA,3,Puerto Rican,1,3,18,29,456,5500,528,8.290909091,9.6,4,0.75,1.00 or less
3105169069-60961-029_3105169069-60961-030,NA,4,Cuba,Cuba,USA,USA,NA,NA,NA,NA,NA,NA,,,Caribbean,Caribbean,USA,USA,NA,NA,NA,NA,NA,NA,NA,NA,Head,Wife,Son,Son,NA,NA,NA,NA,NA,NA,NA,NA,49,32,10,3,NA,NA,NA,NA,NA,NA,NA,NA,4,White,0,0,5,8,441.6,3380,657.6,13.06508876,19.4556213,4,1,1.00 or less
3105170895-60962-001_3105170895-60962-002,Apartment,6,USA,USA,USA,USA,NA,NA,NA,NA,NA,NA,,,USA,USA,USA,USA,NA,NA,NA,NA,NA,NA,NA,NA,H,Wife,Son,Son,NA,NA,NA,NA,NA,NA,NA,NA,53,44,13,16,NA,NA,NA,NA,NA,NA,NA,NA,4,White,0,0,18,46,571.32,6000,703.32,9.522,11.722,6,0.666666667,1.00 or less
3105170895-60962-003_3105170895-60962-004,Apartment,6,PR,PR,PR,PR,NA,NA,NA,NA,NA,NA,,,PR,PR,PR,PR,NA,NA,NA,NA,NA,NA,NA,NA,H,Wife,Son,Daughter,NA,NA,NA,NA,NA,NA,NA,NA,33,35,9,8,NA,NA,NA,NA,NA,NA,NA,NA,4,Puerto Rican,1,4,2.5,6,615.6,2724.72,711.6,22.59314719,26.11644499,6,0.666666667,1.00 or less
3105170895-60962-005_3105170895-60962-006,Apartment,6,USA,Ireland,NA,NA,NA,NA,NA,NA,NA,NA,,,USA,Europe,NA,NA,NA,NA,NA,NA,NA,NA,NA,NA,H,Mother,NA,NA,NA,NA,NA,NA,NA,NA,NA,NA,30,68,NA,NA,NA,NA,NA,NA,NA,NA,NA,NA,2,White,0,0,16,30,615.6,3640,699.6,16.91208791,19.21978022,6,0.333333333,1.00 or less
3105170895-60962-007_3105170895-60962-008,Apartment,6,USA,USA,USA,NA,NA,NA,NA,NA,NA,NA,,,USA,USA,USA,NA,NA,NA,NA,NA,NA,NA,NA,NA,Head,Daughter,Uncle,NA,NA,NA,NA,NA,NA,NA,NA,NA,83,63,73,NA,NA,NA,NA,NA,NA,NA,NA,NA,3,White,0,0,NA,NA,571.32,2236,715.32,25.5509839,31.99105546,6,0.5,1.00 or less
3105170895-60962-009_3105170895-60962-010,Apartment,6,USA,USA,NA,NA,NA,NA,NA,NA,NA,NA,,,USA,USA,NA,NA,NA,NA,NA,NA,NA,NA,NA,NA,Head,Wife,NA,NA,NA,NA,NA,NA,NA,NA,NA,NA,66,84,NA,NA,NA,NA,NA,NA,NA,NA,NA,NA,2,White,0,0,NA,NA,539.64,1728,683.64,31.22916667,39.5625,6,0.333333333,1.00 or less
3105170895-60962-011_3105170895-60962-012,Apartment,6,USA,USA,USA,USA,NA,NA,NA,NA,NA,NA,,,USA,USA,USA,USA,NA,NA,NA,NA,NA,NA,NA,NA,H,Wife,Son,Son,NA,NA,NA,NA,NA,NA,NA,NA,55,50,29,25,NA,NA,NA,NA,NA,NA,NA,NA,4,White,0,0,14,54,555.48,NA,555.48,NA,NA,6,0.666666667,1.00 or less
3105170895-60962-013_3105170895-60962-014,Apartment,6,PR,PR,USA,USA,USA,USA,NA,NA,NA,NA,,,PR,PR,USA,USA,USA,USA,NA,NA,NA,NA,NA,NA,Head,Wife,Son,Daughter,Daughter,Son,NA,NA,NA,NA,NA,NA,38,27,8,5,4,1,NA,NA,NA,NA,NA,NA,6,Puerto Rican,1,6,3.5,14,NA,2652,NA,NA,NA,6,1,1.00 or less
3105170895-60962-015_3105170895-60962-016,Apartment,6,PR,PR,PR,PR,PR,PR,PR,NA,NA,NA,,,PR,PR,PR,PR,PR,PR,PR,NA,NA,NA,NA,NA,Head,Wife,Son,Daughter,Daughter,Friend,Wife,NA,NA,NA,NA,NA,36,45,11,9,17,45,45,NA,NA,NA,NA,NA,7,Puerto Rican,1,7,3,3,859.56,2683.2,961.56,32.03488372,35.83631485,6,1.166666667,1.01 to 1.50
3105170895-60962-017_3105170895-60962-018,Apartment,6,Canada,NA,NA,NA,NA,NA,NA,NA,NA,NA,,,Nrth. Am.,NA,NA,NA,NA,NA,NA,NA,NA,NA,NA,NA,Head,NA,NA,NA,NA,NA,NA,NA,NA,NA,NA,NA,72,NA,NA,NA,NA,NA,NA,NA,NA,NA,NA,NA,1,White,0,0,35,70,732.72,900,870.72,81.41333333,96.74666667,6,0.166666667,1.00 or less
3105170895-60962-019_3105170895-60962-020,Apartment,6,Poland,NA,NA,NA,NA,NA,NA,NA,NA,NA,,,Europe,NA,NA,NA,NA,NA,NA,NA,NA,NA,NA,NA,Head,NA,NA,NA,NA,NA,NA,NA,NA,NA,NA,NA,64,NA,NA,NA,NA,NA,NA,NA,NA,NA,NA,NA,1,White,0,0,20,30,603.12,381.6,603.12,158.0503145,158.0503145,6,0.166666667,1.00 or less
3105195350-60963-001_3105195350-60963-002,Apartment,4,USA,USA,USA,USA,USA,NA,NA,NA,NA,NA,,,USA,USA,USA,USA,USA,NA,NA,NA,NA,NA,NA,NA,Husband,Wife,Daughter,Son,Son,NA,NA,NA,NA,NA,NA,NA,48,45,20,17,7,NA,NA,NA,NA,NA,NA,NA,5,White,0,0,2.5,48,475.8,5720,703.8,8.318181818,12.3041958,4,1.25,1.01 to 1.50
3105195350-60963-003_3105195350-60963-004,NA,4,Ireland,Ireland,NA,NA,NA,NA,NA,NA,NA,NA,,,Europe,Europe,NA,NA,NA,NA,NA,NA,NA,NA,NA,NA,Head,Wife,NA,NA,NA,NA,NA,NA,NA,NA,NA,NA,68,59,NA,NA,NA,NA,NA,NA,NA,NA,NA,NA,2,White,0,0,22,36,441.6,1176,585.6,37.55102041,49.79591837,4,0.5,1.00 or less
3105195350-60963-005_3105195350-60963-006,NA,4,PR,PR,PR,PR,PR,NA,NA,NA,NA,NA,,,PR,PR,PR,PR,PR,NA,NA,NA,NA,NA,NA,NA,Head,Wife,Son,Son,Daughter,NA,NA,NA,NA,NA,NA,NA,39,26,13,10,9,NA,NA,NA,NA,NA,NA,NA,5,Puerto Rican,1,5,2,9,NA,3120,NA,NA,NA,4,1.25,1.01 to 1.50
3105195350-60963-007_3105195350-60963-008,Apartment,4,USA,USA,NA,NA,NA,NA,NA,NA,NA,NA,,,USA,USA,NA,NA,NA,NA,NA,NA,NA,NA,NA,NA,Head,Cousin,NA,NA,NA,NA,NA,NA,NA,NA,NA,NA,33,35,NA,NA,NA,NA,NA,NA,NA,NA,NA,NA,2,other,0,0,7,10,456,8060,546,5.657568238,6.774193548,4,0.5,1.00 or less
3105195350-60963-009_3105195350-60963-010,Apartment,4,Ireland,Ireland,NA,NA,NA,NA,NA,NA,NA,NA,,,Europe,Europe,NA,NA,NA,NA,NA,NA,NA,NA,NA,NA,H,Wife,NA,NA,NA,NA,NA,NA,NA,NA,NA,NA,62,52,NA,NA,NA,NA,NA,NA,NA,NA,NA,NA,2,White,0,0,33,33,441.6,3380,519.6,13.06508876,15.37278107,4,0.5,1.00 or less
3105195350-60963-011_3105195350-60963-012,Apartment,4,Cuba,Cuba,Cuba,Cuba,NA,NA,NA,NA,NA,NA,,,Caribbean,Caribbean,Caribbean,Caribbean,NA,NA,NA,NA,NA,NA,NA,NA,Head,Wife,Son,Daughter,NA,NA,NA,NA,NA,NA,NA,NA,44,34,13,9,NA,NA,NA,NA,NA,NA,NA,NA,4,other,0,0,1.5,2.5,475.8,2300,559.8,20.68695652,24.33913043,4,1,1.00 or less
3105195350-60963-013_3105195350-60963-014,NA,4,Ireland,USA,NA,NA,NA,NA,NA,NA,NA,NA,,,Europe,USA,NA,NA,NA,NA,NA,NA,NA,NA,NA,NA,Head,Son,NA,NA,NA,NA,NA,NA,NA,NA,NA,NA,63,32,NA,NA,NA,NA,NA,NA,NA,NA,NA,NA,2,White,0,0,26,37,441.6,1200,609.6,36.8,50.8,4,0.5,1.00 or less
3105195350-60963-015_3105195350-60963-016,Apartment,4,Cuba,Cuba,Cuba,NA,NA,NA,NA,NA,NA,NA,,,Caribbean,Caribbean,Caribbean,NA,NA,NA,NA,NA,NA,NA,NA,NA,Head,Wife,Son,NA,NA,NA,NA,NA,NA,NA,NA,NA,45,41,14,NA,NA,NA,NA,NA,NA,NA,NA,NA,3,White,0,0,2,2.5,475.8,5720,547.8,8.318181818,9.576923077,4,0.75,1.00 or less
3105195350-60963-017_3105195350-60963-018,Apartment,4,Peru,USA,USA,USA,NA,NA,NA,NA,NA,NA,,,Lat. Am.,USA,USA,USA,NA,NA,NA,NA,NA,NA,NA,NA,NA,NA,NA,NA,NA,NA,NA,NA,NA,NA,NA,NA,49,46,25,18,NA,NA,NA,NA,NA,NA,NA,NA,4,White,0,0,18,33,441.6,7020,441.6,6.290598291,6.290598291,4,1,1.00 or less
3105195350-60963-019_3105195350-60963-020,Apartment,4,USA,USA,USA,NA,NA,NA,NA,NA,NA,NA,,,USA,USA,USA,NA,NA,NA,NA,NA,NA,NA,NA,NA,Head,Wife,Son,NA,NA,NA,NA,NA,NA,NA,NA,NA,27,25,2,NA,NA,NA,NA,NA,NA,NA,NA,NA,3,White,0,0,27,27,444,3640,546,12.1978022,15,4,0.75,1.00 or less
3105195350-60963-021_3105195350-60963-022,NA,4,USA,NA,NA,NA,NA,NA,NA,NA,NA,NA,,,USA,NA,NA,NA,NA,NA,NA,NA,NA,NA,NA,NA,Head,NA,NA,NA,NA,NA,NA,NA,NA,NA,NA,NA,58,NA,NA,NA,NA,NA,NA,NA,NA,NA,NA,NA,1,White,0,0,17,51,414,NA,510,NA,NA,4,0.25,1.00 or less
3105195350-60963-023_3105195350-60963-024,NA,4,Ireland,NA,NA,NA,NA,NA,NA,NA,NA,NA,,,Europe,NA,NA,NA,NA,NA,NA,NA,NA,NA,NA,NA,H,NA,NA,NA,NA,NA,NA,NA,NA,NA,NA,NA,70,NA,NA,NA,NA,NA,NA,NA,NA,NA,NA,NA,1,White,0,0,20,45,441.6,7592,501.6,5.816649104,6.606954689,4,0.25,1.00 or less
3105195350-60963-025_3105195350-60963-026,Apartment,4,PR,PR,USA,USA,NA,NA,NA,NA,NA,NA,,,PR,PR,USA,USA,NA,NA,NA,NA,NA,NA,NA,NA,Head,Wife,Son,Daughter,NA,NA,NA,NA,NA,NA,NA,NA,44,30,5,3,NA,NA,NA,NA,NA,NA,NA,NA,4,Puerto Rican,1,4,2,10,460.2,2600,568.2,17.7,21.85384615,4,1,1.00 or less
3105195350-60963-027_3105195350-60963-028,Apartment,4,Ireland,NA,NA,NA,NA,NA,NA,NA,NA,NA,,,Europe,NA,NA,NA,NA,NA,NA,NA,NA,NA,NA,NA,Head,NA,NA,NA,NA,NA,NA,NA,NA,NA,NA,NA,62,NA,NA,NA,NA,NA,NA,NA,NA,NA,NA,NA,1,White,0,0,14,45,414,NA,414,NA,NA,4,0.25,1.00 or less
3105195350-60963-029_3105195350-60963-030,Apartment,4,USA,USA,USA,PR,NA,NA,NA,NA,NA,NA,,,USA,USA,USA,PR,NA,NA,NA,NA,NA,NA,NA,NA,H,Wife,Son,Mother,NA,NA,NA,NA,NA,NA,NA,NA,32,26,3,47,NA,NA,NA,NA,NA,NA,NA,NA,4,NA,1,4,5,25,438,5980,588,7.324414716,9.83277592,4,1,1.00 or less
3105200949-60964-001_3105200949-60964-002,Apartment,6,Armenia,Armenia,USA,USA,USA,NA,NA,NA,NA,NA,,,Europe,Europe,USA,USA,USA,NA,NA,NA,NA,NA,NA,NA,Head,Wife,Daughter,Son,Son,NA,NA,NA,NA,NA,NA,NA,62,58,28,22,18,NA,NA,NA,NA,NA,NA,NA,5,White,0,0,NA,NA,600,3000,756,20,25.2,6,0.833333333,1.00 or less
3105200949-60964-003_3105200949-60964-004,Apartment,4,Austria,NA,NA,NA,NA,NA,NA,NA,NA,NA,,,Europe,NA,NA,NA,NA,NA,NA,NA,NA,NA,NA,NA,H,NA,NA,NA,NA,NA,NA,NA,NA,NA,NA,NA,76,NA,NA,NA,NA,NA,NA,NA,NA,NA,NA,NA,1,White,0,0,15,37,414,828,462,50,55.79710145,4,0.25,1.00 or less
3105200949-60964-005_3105200949-60964-006,Apartment,4,USA,USA,NA,NA,NA,NA,NA,NA,NA,NA,,,USA,USA,NA,NA,NA,NA,NA,NA,NA,NA,NA,NA,Head,Wife,NA,NA,NA,NA,NA,NA,NA,NA,NA,NA,57,53,NA,NA,NA,NA,NA,NA,NA,NA,NA,NA,2,White,0,0,14,57,NA,3380,NA,NA,NA,4,0.5,1.00 or less
3105200949-60964-007_3105200949-60964-008,Apartment,4,Ireland,NA,NA,NA,NA,NA,NA,NA,NA,NA,,,Europe,NA,NA,NA,NA,NA,NA,NA,NA,NA,NA,NA,NA,NA,NA,NA,NA,NA,NA,NA,NA,NA,NA,NA,35,NA,NA,NA,NA,NA,NA,NA,NA,NA,NA,NA,1,White,0,0,13,46,414,4778.8,456,8.663262744,9.542144471,4,0.25,1.00 or less
3105200949-60964-009_3105200949-60964-010,Apartment,4,USA,USA,USA,USA,NA,NA,NA,NA,NA,NA,,,USA,USA,USA,USA,NA,NA,NA,NA,NA,NA,NA,NA,H,Wife,Son,Son,NA,NA,NA,NA,NA,NA,NA,NA,33,27,4,2,NA,NA,NA,NA,NA,NA,NA,NA,4,White,0,0,2,22,480,3380,564,14.20118343,16.68639053,4,1,1.00 or less
3105211839-60965-001_3105211839-60965-002,Apartment,3,PR,PR,PR,PR,PR,PR,PR,NA,NA,NA,,,PR,PR,PR,PR,PR,PR,PR,NA,NA,NA,NA,NA,Head,Wife,Son,Daughter,Son,Daughter,Son,NA,NA,NA,NA,NA,57,37,14,15,10,8,5,NA,NA,NA,NA,NA,7,Puerto Rican,1,7,2,2,486.6,1920,486.6,25.34375,25.34375,3,2.333333333,1.51 or more
3105211839-60965-003_3105211839-60965-004,Apartment,4,Ireland,England,USA,USA,NA,NA,NA,NA,NA,NA,,,Europe,Europe,USA,USA,NA,NA,NA,NA,NA,NA,NA,NA,Head,Wife,Son,Daughter,NA,NA,NA,NA,NA,NA,NA,NA,64,62,33,28,NA,NA,NA,NA,NA,NA,NA,NA,4,NA,0,0,7,29,384,4472.8,492,8.585226256,10.99982114,4,1,1.00 or less
3105211839-60965-005_3105211839-60965-006,Apartment,4,PR,PR,PR,PR,PR,PR,PR,PR,NA,NA,,,PR,PR,PR,PR,PR,PR,PR,PR,NA,NA,NA,NA,Head,Wife,Daughter,Son,Son,Daughter,Daughter,Son,NA,NA,NA,NA,32,28,13,11,8,8,5,7,NA,NA,NA,NA,8,Puerto Rican,1,8,1,5,607.2,2080,667.2,29.19230769,32.07692308,4,2,1.51 or more
3105211839-60965-007_3105211839-60965-008,Apartment,4,USA,USA,USA,USA,NA,NA,NA,NA,NA,NA,,,USA,USA,USA,USA,NA,NA,NA,NA,NA,NA,NA,NA,H,Wife,Daughter,Son,NA,NA,NA,NA,NA,NA,NA,NA,31,33,6,5,NA,NA,NA,NA,NA,NA,NA,NA,4,White,0,0,4.5,30,528,4500,528,11.73333333,11.73333333,4,1,1.00 or less
3105211839-60965-009_3105211839-60965-010,Apartment,3,Europe,NA,NA,NA,NA,NA,NA,NA,NA,NA,,,Europe,NA,NA,NA,NA,NA,NA,NA,NA,NA,NA,NA,Head,Friend,NA,NA,NA,NA,NA,NA,NA,NA,NA,NA,58,NA,NA,NA,NA,NA,NA,NA,NA,NA,NA,NA,2,White,0,0,5,25,358.8,4784,358.8,7.5,7.5,3,0.666666667,1.00 or less
3105211839-60965-011_3105211839-60965-012,Apartment,3,USA,NA,NA,NA,NA,NA,NA,NA,NA,NA,,,USA,NA,NA,NA,NA,NA,NA,NA,NA,NA,NA,NA,H,NA,NA,NA,NA,NA,NA,NA,NA,NA,NA,NA,66,NA,NA,NA,NA,NA,NA,NA,NA,NA,NA,NA,1,White,0,0,18,NA,345,NA,345,NA,NA,3,0.333333333,1.00 or less
3105211839-60965-013_3105211839-60965-014,Apartment,4,PR,PR,USA,USA,USA,NA,NA,NA,NA,NA,,,PR,PR,USA,USA,USA,NA,NA,NA,NA,NA,NA,NA,Head,Wife,Daughter,Son,Son,NA,NA,NA,NA,NA,NA,NA,28,24,9,4,1,NA,NA,NA,NA,NA,NA,NA,5,Puerto Rican,1,5,11,11,589.8,NA,661.8,NA,NA,4,1.25,1.01 to 1.50
3105211839-60965-015_3105211839-60965-016,Apartment,3,Greece,NA,NA,NA,NA,NA,NA,NA,NA,NA,,,Europe,NA,NA,NA,NA,NA,NA,NA,NA,NA,NA,NA,Head,NA,NA,NA,NA,NA,NA,NA,NA,NA,NA,NA,70,NA,NA,NA,NA,NA,NA,NA,NA,NA,NA,NA,1,White,0,0,18,42,339,360,351,94.16666667,97.5,3,0.333333333,1.00 or less
3105211839-60965-017_3105211839-60965-018,Apartment,3,PR,PR,PR,NA,NA,NA,NA,NA,NA,NA,,,PR,PR,PR,NA,NA,NA,NA,NA,NA,NA,NA,NA,Head,Wife,Daughter,NA,NA,NA,NA,NA,NA,NA,NA,NA,59,54,15,NA,NA,NA,NA,NA,NA,NA,NA,NA,3,Puerto Rican,1,3,5,5,496.2,1800,556.2,27.56666667,30.9,3,1,1.00 or less
3105211839-60965-019_3105211839-60965-020,Apartment,3,USA,NA,NA,NA,NA,NA,NA,NA,NA,NA,,,USA,NA,NA,NA,NA,NA,NA,NA,NA,NA,NA,NA,H,NA,NA,NA,NA,NA,NA,NA,NA,NA,NA,NA,47,NA,NA,NA,NA,NA,NA,NA,NA,NA,NA,NA,1,White,0,0,17,30,345,2418,411,14.26799007,16.99751861,3,0.333333333,1.00 or less
3105211839-60965-021_3105211839-60965-022,Apartment,4,USA,USA,USA,USA,USA,NA,NA,NA,NA,NA,,,USA,USA,USA,USA,USA,NA,NA,NA,NA,NA,NA,NA,H,Wife,Daughter,Son,Daughter,NA,NA,NA,NA,NA,NA,NA,48,48,22,18,17,NA,NA,NA,NA,NA,NA,NA,5,White,0,0,18,48,382.8,7308,382.8,5.238095238,5.238095238,4,1.25,1.01 to 1.50
3105211839-60965-023_3105211839-60965-024,Apartment,4,Ireland,NA,NA,NA,NA,NA,NA,NA,NA,NA,,,Europe,NA,NA,NA,NA,NA,NA,NA,NA,NA,NA,NA,Head,NA,NA,NA,NA,NA,NA,NA,NA,NA,NA,NA,67,NA,NA,NA,NA,NA,NA,NA,NA,NA,NA,NA,1,White,0,0,25,45,400.2,1488,496.2,26.89516129,33.34677419,4,0.25,1.00 or less
3105211839-60965-025_3105211839-60965-026,Apartment,3,PR,PR,NA,NA,NA,NA,NA,NA,NA,NA,,,PR,PR,NA,NA,NA,NA,NA,NA,NA,NA,NA,NA,Head,Wife,NA,NA,NA,NA,NA,NA,NA,NA,NA,NA,40,38,NA,NA,NA,NA,NA,NA,NA,NA,NA,NA,2,Puerto Rican,1,2,3,5,493.2,2548,553.2,19.35635793,21.711146,3,0.666666667,1.00 or less
3105211839-60965-027_3105211839-60965-028,Apartment,4,USA,NA,NA,NA,NA,NA,NA,NA,NA,NA,,,USA,NA,NA,NA,NA,NA,NA,NA,NA,NA,NA,NA,Head,NA,NA,NA,NA,NA,NA,NA,NA,NA,NA,NA,NA,NA,NA,NA,NA,NA,NA,NA,NA,NA,NA,NA,1,NA,0,0,NA,NA,372.6,663.6,456.6,56.1482821,68.80650995,4,0.25,1.00 or less
3105211839-60965-029_3105211839-60965-030,Apartment,3,PR,PR,PR,PR,USA,USA,NA,NA,NA,NA,,,PR,PR,PR,PR,USA,USA,NA,NA,NA,NA,NA,NA,Head,Wife,Daughter,Daughter,Son,Daughter,NA,NA,NA,NA,NA,NA,28,29,7,5,2,1,NA,NA,NA,NA,NA,NA,6,Puerto Rican,1,6,4,3,492,3120,564,15.76923077,18.07692308,3,2,1.51 or more
3105211839-60965-031_3105211839-60965-032,Apartment,3,PR,PR,PR,PR,USA,NA,NA,NA,NA,NA,,,PR,PR,PR,PR,USA,NA,NA,NA,NA,NA,NA,NA,Head,Wife,Son,Son,Daughter,NA,NA,NA,NA,NA,NA,NA,28,22,4,3,0,NA,NA,NA,NA,NA,NA,NA,5,Puerto Rican,1,5,2,3,480.6,2418,570.6,19.87593052,23.59801489,3,1.666666667,1.51 or more
3105211839-60965-033_3105211839-60965-034,Apartment,3,PR,NA,NA,NA,NA,NA,NA,NA,NA,NA,,,PR,NA,NA,NA,NA,NA,NA,NA,NA,NA,NA,NA,Head,NA,NA,NA,NA,NA,NA,NA,NA,NA,NA,NA,37,NA,NA,NA,NA,NA,NA,NA,NA,NA,NA,NA,1,Puerto Rican,1,1,1,25,493.2,2340,529.2,21.07692308,22.61538462,3,0.333333333,1.00 or less
3105211839-60965-035_3105211839-60965-036,Apartment,4,Cuba,Cuba,USA,NA,NA,NA,NA,NA,NA,NA,,,Caribbean,Caribbean,USA,NA,NA,NA,NA,NA,NA,NA,NA,NA,H,Wife,Daughter,NA,NA,NA,NA,NA,NA,NA,NA,NA,39,43,3,NA,NA,NA,NA,NA,NA,NA,NA,NA,3,other,0,0,4,4,432,NA,498,NA,NA,4,0.75,1.00 or less
3105211839-60965-037_3105211839-60965-038,Apartment,4,USA,USA,USA,USA,USA,USA,USA,NA,NA,NA,,,USA,USA,USA,USA,USA,USA,USA,NA,NA,NA,NA,NA,NA,NA,NA,NA,NA,NA,NA,NA,NA,NA,NA,NA,57,40,14,13,10,6,1,NA,NA,NA,NA,NA,7,White,0,0,14,57,358.8,3614,358.8,9.928057554,9.928057554,4,1.75,1.51 or more
3105211839-60965-039_3105211839-60965-040,Apartment,4,Ireland,Ireland,USA,NA,NA,NA,NA,NA,NA,NA,,,Europe,Europe,USA,NA,NA,NA,NA,NA,NA,NA,NA,NA,H,Wife,Son,NA,NA,NA,NA,NA,NA,NA,NA,NA,52,51,22,NA,NA,NA,NA,NA,NA,NA,NA,NA,3,White,0,0,5,35,0,2600,132,0,5.076923077,4,0.75,1.00 or less
3105221470-60967-001_3105221470-60967-002,Apartment,4,USA,USA,USA,NA,NA,NA,NA,NA,NA,NA,,,USA,USA,USA,NA,NA,NA,NA,NA,NA,NA,NA,NA,Head,Wife,Daughter,Daughter,Son,Daughter,NA,NA,NA,NA,NA,NA,39,25,5,4,2,1,NA,NA,NA,NA,NA,NA,6,Negro,0,0,6,18,NA,NA,NA,NA,NA,4,1.5,1.01 to 1.50
3105221470-60967-003_3105221470-60967-004,Apartment,4,USA,USA,NA,NA,NA,NA,NA,NA,NA,NA,,,USA,USA,NA,NA,NA,NA,NA,NA,NA,NA,NA,NA,NA,NA,NA,NA,NA,NA,NA,NA,NA,NA,NA,NA,50,5,NA,NA,NA,NA,NA,NA,NA,NA,NA,NA,2,White,0,0,11,35,441.6,1500,441.6,29.44,29.44,4,0.5,1.00 or less
3105221470-60967-005_3105221470-60967-006,Apartment,4,PR,PR,PR,PR,NA,NA,NA,NA,NA,NA,,,PR,PR,PR,PR,NA,NA,NA,NA,NA,NA,NA,NA,Head,Wife,Son,Daughter,NA,NA,NA,NA,NA,NA,NA,NA,25,26,10,7,NA,NA,NA,NA,NA,NA,NA,NA,4,Puerto Rican,1,4,5,6,555.48,4992,633.48,11.12740385,12.68990385,4,1,1.00 or less
3105221470-60967-007_3105221470-60967-008,Apartment,4,PR,PR,PR,NA,NA,NA,NA,NA,NA,NA,,,PR,PR,PR,NA,NA,NA,NA,NA,NA,NA,NA,NA,H,M,Uncle,NA,NA,NA,NA,NA,NA,NA,NA,NA,43,60,54,NA,NA,NA,NA,NA,NA,NA,NA,NA,3,Puerto Rican,1,3,0.5,35,483,6656,627,7.256610577,9.420072115,4,0.75,1.00 or less
3105221470-60967-009_3105221470-60967-010,Apartment,5,Spain,Spain,NA,NA,NA,NA,NA,NA,NA,NA,,,Europe,Europe,NA,NA,NA,NA,NA,NA,NA,NA,NA,NA,NA,NA,NA,NA,NA,NA,NA,NA,NA,NA,NA,NA,62,57,NA,NA,NA,NA,NA,NA,NA,NA,NA,NA,2,NA,0,0,18,33,565.8,7280,565.8,7.771978022,7.771978022,5,0.4,1.00 or less
3105221470-60967-011_3105221470-60967-012,Apartment,4,France,France,France,NA,NA,NA,NA,NA,NA,NA,,,Europe,Europe,Europe,NA,NA,NA,NA,NA,NA,NA,NA,NA,H,Wife,Daughter,NA,NA,NA,NA,NA,NA,NA,NA,NA,30,26,5,NA,NA,NA,NA,NA,NA,NA,NA,NA,3,White,0,0,4,4,507.84,3640,579.84,13.95164835,15.92967033,4,0.75,1.00 or less
3105221470-60967-013_3105221470-60967-014,Apartment,5,France,France,USA,NA,NA,NA,NA,NA,NA,NA,,,Europe,Europe,USA,NA,NA,NA,NA,NA,NA,NA,NA,NA,Head,Wife,Son,NA,NA,NA,NA,NA,NA,NA,NA,NA,38,25,1,NA,NA,NA,NA,NA,NA,NA,NA,NA,3,White,0,0,2,2.5,510.6,2600,570.6,19.63846154,21.94615385,5,0.6,1.00 or less
3105221470-60967-015_3105221470-60967-016,Apartment,NA,USA,USA,USA,NA,NA,NA,NA,NA,NA,NA,,,USA,USA,USA,NA,NA,NA,NA,NA,NA,NA,NA,NA,Head,Wife,Daughter,NA,NA,NA,NA,NA,NA,NA,NA,NA,40,38,11,NA,NA,NA,NA,NA,NA,NA,NA,NA,3,NA,0,0,3,19,NA,NA,NA,NA,NA,NA,NA,NA
3105221470-60967-017_3105221470-60967-018,Apartment,5,Ukraine,Estonia,Germany,NA,NA,NA,NA,NA,NA,NA,,,Europe,Europe,Europe,NA,NA,NA,NA,NA,NA,NA,NA,NA,H,Wife,Daughter,NA,NA,NA,NA,NA,NA,NA,NA,NA,55,33,12,NA,NA,NA,NA,NA,NA,NA,NA,NA,3,NA,0,0,0.83,6,650.64,7280,722.64,8.937362637,9.926373626,5,0.6,1.00 or less
3105221470-60967-019_3105221470-60967-020,Apartment,4,Ireland,Ireland,USA,USA,NA,NA,NA,NA,NA,NA,,,Europe,Europe,USA,USA,NA,NA,NA,NA,NA,NA,NA,NA,Head,Wife,Daughter,Son,NA,NA,NA,NA,NA,NA,NA,NA,37,36,4,2,NA,NA,NA,NA,NA,NA,NA,NA,4,White,0,0,6,7,492,5148,588,9.557109557,11.42191142,4,1,1.00 or less
3105221470-60967-021_3105221470-60967-022,Apartment,5,USA,USA,NA,NA,NA,NA,NA,NA,NA,NA,,,USA,USA,NA,NA,NA,NA,NA,NA,NA,NA,NA,NA,H,Son,NA,NA,NA,NA,NA,NA,NA,NA,NA,NA,71,35,NA,NA,NA,NA,NA,NA,NA,NA,NA,NA,2,White,0,0,13,50,520.92,4373.2,562.92,11.91164365,12.87203878,5,0.4,1.00 or less
3105228825-60968-001_3105228825-60968-002,Apartment,5,Spain,Spain,USA,Spain,NA,NA,NA,NA,NA,NA,,,Europe,Europe,USA,Europe,NA,NA,NA,NA,NA,NA,NA,NA,Head,Wife,Son,Daughter,NA,NA,NA,NA,NA,NA,NA,NA,59,52,21,25,NA,NA,NA,NA,NA,NA,NA,NA,4,White,0,0,25,25,520.8,3848,736.8,13.53430353,19.14760915,5,0.8,1.00 or less
3105228825-60968-003_3105228825-60968-004,Apartment,4,France,France,USA,NA,NA,NA,NA,NA,NA,NA,,,Europe,Europe,USA,NA,NA,NA,NA,NA,NA,NA,NA,NA,H,Wife,Daughter,NA,NA,NA,NA,NA,NA,NA,NA,NA,52,49,20,NA,NA,NA,NA,NA,NA,NA,NA,NA,3,White,0,0,25,30,414,3983.2,486,10.39365334,12.20124523,4,0.75,1.00 or less
3105228825-60968-005_3105228825-60968-006,Apartment,5,USA,USA,USA,NA,NA,NA,NA,NA,NA,NA,,,USA,USA,USA,NA,NA,NA,NA,NA,NA,NA,NA,NA,H,Brother,Son,NA,NA,NA,NA,NA,NA,NA,NA,NA,28,64,66,NA,NA,NA,NA,NA,NA,NA,NA,NA,3,White,0,0,17,54,524.4,5200,644.4,10.08461538,12.39230769,5,0.6,1.00 or less
3105228825-60968-007_3105228825-60968-008,Apartment,4,USA,USA,USA,USA,USA,USA,NA,NA,NA,NA,,,USA,USA,USA,USA,USA,USA,NA,NA,NA,NA,NA,NA,H,Wife,Daughter,Daughter,Son,Son,NA,NA,NA,NA,NA,NA,49,39,12,9,6,3,NA,NA,NA,NA,NA,NA,6,White,0,0,11,31,414,4602,414,8.996088657,8.996088657,4,1.5,1.01 to 1.50
3105228825-60968-009_3105228825-60968-010,Apartment,4,France,France,NA,NA,NA,NA,NA,NA,NA,NA,,,Europe,Europe,NA,NA,NA,NA,NA,NA,NA,NA,NA,NA,H,Wife,NA,NA,NA,NA,NA,NA,NA,NA,NA,NA,74,66,NA,NA,NA,NA,NA,NA,NA,NA,NA,NA,2,White,0,0,15,46,483,2028,579,23.81656805,28.55029586,4,0.5,1.00 or less
3105228825-60968-011_3105228825-60968-012,Apartment,4,USA,USA,NA,NA,NA,NA,NA,NA,NA,NA,,,USA,USA,NA,NA,NA,NA,NA,NA,NA,NA,NA,NA,Head,Brother,NA,NA,NA,NA,NA,NA,NA,NA,NA,NA,61,59,NA,NA,NA,NA,NA,NA,NA,NA,NA,NA,2,White,0,0,15,61,441.6,6000,621.6,7.36,10.36,4,0.5,1.00 or less
3105228825-60968-013_3105228825-60968-014,Apartment,5,France,Morocco,USA,USA,NA,NA,NA,NA,NA,NA,,,Europe,NA,USA,USA,NA,NA,NA,NA,NA,NA,NA,NA,Wife,Husband,Daughter,Son,NA,NA,NA,NA,NA,NA,NA,NA,28,31,4,2,NA,NA,NA,NA,NA,NA,NA,NA,4,White,0,0,4,8,650.64,2600,710.64,25.02461538,27.33230769,5,0.8,1.00 or less
3105228825-60968-015_3105228825-60968-016,Apartment,4,France,NA,NA,NA,NA,NA,NA,NA,NA,NA,,,Europe,NA,NA,NA,NA,NA,NA,NA,NA,NA,NA,NA,Head,Son,Son,NA,NA,NA,NA,NA,NA,NA,NA,NA,50,NA,NA,NA,NA,NA,NA,NA,NA,NA,NA,NA,3,White,0,0,5,5,620.64,3500,800.64,17.73257143,22.87542857,4,0.75,1.00 or less
3105228825-60968-017_3105228825-60968-018,Apartment,4,Ireland,NA,NA,NA,NA,NA,NA,NA,NA,NA,,,Europe,NA,NA,NA,NA,NA,NA,NA,NA,NA,NA,NA,Head,NA,NA,NA,NA,NA,NA,NA,NA,NA,NA,NA,62,NA,NA,NA,NA,NA,NA,NA,NA,NA,NA,NA,1,White,0,0,25,40,455.4,434.28,455.4,104.8632219,104.8632219,4,0.25,1.00 or less
3105228825-60968-019_3105228825-60968-020,Apartment,5,USA,Cuba,USA,USA,Spain,Cuba,NA,NA,NA,NA,,,USA,Caribbean,USA,USA,Europe,Caribbean,NA,NA,NA,NA,NA,NA,Head,Wife,Son,Son,Mother,Sister in Law,NA,NA,NA,NA,NA,NA,35,35,9,2,61,26,NA,NA,NA,NA,NA,NA,6,White,0,0,35,35,510.6,9880,624.6,5.168016194,6.321862348,5,1.2,1.01 to 1.50
3105231609-60969-001_3105231609-60969-002,Apartment,4,USA,USA,USA,NA,NA,NA,NA,NA,NA,NA,,,USA,USA,USA,NA,NA,NA,NA,NA,NA,NA,NA,NA,H,Wife,Son,NA,NA,NA,NA,NA,NA,NA,NA,NA,49,46,10,NA,NA,NA,NA,NA,NA,NA,NA,NA,3,White,0,0,15,49,414,2600,492,15.92307692,18.92307692,4,0.75,1.00 or less
3105231609-60969-003_3105231609-60969-004,Apartment,5,France,France,France,NA,NA,NA,NA,NA,NA,NA,,,Europe,Europe,Europe,NA,NA,NA,NA,NA,NA,NA,NA,NA,H,Wife,Son,NA,NA,NA,NA,NA,NA,NA,NA,NA,27,29,6,NA,NA,NA,NA,NA,NA,NA,NA,NA,3,White,0,0,3,4,618.96,3640,678.96,17.0043956,18.65274725,5,0.6,1.00 or less
3105231609-60969-005_3105231609-60969-006,Apartment,5,Spain,Spain,USA,USA,USA,NA,NA,NA,NA,NA,,,Europe,Europe,USA,USA,USA,NA,NA,NA,NA,NA,NA,NA,H,Wife,Daughter,Son,Daughter,NA,NA,NA,NA,NA,NA,NA,53,43,20,18,6,NA,NA,NA,NA,NA,NA,NA,5,White,0,0,13,26,603.6,NA,687.6,NA,NA,5,1,1.00 or less
3105231609-60969-007_3105231609-60969-008,Apartment,4,Germany,NA,NA,NA,NA,NA,NA,NA,NA,NA,,,Europe,NA,NA,NA,NA,NA,NA,NA,NA,NA,NA,NA,Head,NA,NA,NA,NA,NA,NA,NA,NA,NA,NA,NA,45,NA,NA,NA,NA,NA,NA,NA,NA,NA,NA,NA,1,White,0,0,20,25,493.2,3224,565.2,15.29776675,17.53101737,4,0.25,1.00 or less
3105231609-60969-009_3105231609-60969-010,NA,4,Ireland,Ireland,Ireland,Ireland,NA,NA,NA,NA,NA,NA,,,Europe,Europe,Europe,Europe,NA,NA,NA,NA,NA,NA,NA,NA,Head,Cousin,Cousin,Cousin,NA,NA,NA,NA,NA,NA,NA,NA,58,57,43,65,NA,NA,NA,NA,NA,NA,NA,NA,4,White,0,0,6,38,523.68,5018,631.68,10.43603029,12.58828218,4,1,1.00 or less
3105231609-60969-011_3105231609-60969-012,NA,4,PR,PR,PR,NA,NA,NA,NA,NA,NA,NA,,,PR,PR,PR,NA,NA,NA,NA,NA,NA,NA,NA,NA,H,Wife,Daughter,Son,NA,NA,NA,NA,NA,NA,NA,NA,40,38,7,NA,NA,NA,NA,NA,NA,NA,NA,NA,4,NA,1,4,NA,NA,420,NA,420,NA,NA,4,1,1.00 or less
3105231609-60969-013_3105231609-60969-014,Apartment,4,PR,PR,PR,USA,NA,NA,NA,NA,NA,NA,,,PR,PR,PR,USA,NA,NA,NA,NA,NA,NA,NA,NA,H,Wife,Daughter,Daughter,NA,NA,NA,NA,NA,NA,NA,NA,32,32,12,2,NA,NA,NA,NA,NA,NA,NA,NA,4,Puerto Rican,1,4,3,7,523.68,2600,589.68,20.14153846,22.68,4,1,1.00 or less
3105231609-60969-015_3105231609-60969-016,Apartment,4,USA,NA,NA,NA,NA,NA,NA,NA,NA,NA,,,USA,NA,NA,NA,NA,NA,NA,NA,NA,NA,NA,NA,Head,NA,NA,NA,NA,NA,NA,NA,NA,NA,NA,NA,49,NA,NA,NA,NA,NA,NA,NA,NA,NA,NA,NA,1,White,0,0,6,48,455.4,4004,455.4,11.37362637,11.37362637,4,0.25,1.00 or less
3105231609-60969-017_3105231609-60969-018,Apartment,5,NA,NA,NA,NA,NA,NA,NA,NA,NA,NA,,,NA,NA,NA,NA,NA,NA,NA,NA,NA,NA,NA,NA,Head,Sister,Husband,NA,NA,NA,NA,NA,NA,NA,NA,NA,NA,NA,NA,NA,NA,NA,NA,NA,NA,NA,NA,NA,3,other,0,0,3,6,634.8,NA,718.8,NA,NA,5,0.6,1.00 or less
3105231609-60969-019_3105231609-60969-020,Apartment,5,Spain,Gibraltar,Spain,USA,NA,NA,NA,NA,NA,NA,,,Europe,Europe,Europe,USA,NA,NA,NA,NA,NA,NA,NA,NA,H,Wife,Son,Daughter in Law,NA,NA,NA,NA,NA,NA,NA,NA,62,51,30,27,NA,NA,NA,NA,NA,NA,NA,NA,4,White,0,0,4,30,650.64,3276,740.64,19.86080586,22.60805861,5,0.8,1.00 or less
3105231609-60969-021_3105231609-60969-022,Apartment,4,I,USA,USA,NA,NA,NA,NA,NA,NA,NA,,,NA,USA,USA,NA,NA,NA,NA,NA,NA,NA,NA,NA,Mother,Son,Wife,NA,NA,NA,NA,NA,NA,NA,NA,NA,68,37,37,NA,NA,NA,NA,NA,NA,NA,NA,NA,3,NA,0,0,14,36,441.6,4420,441.6,9.990950226,9.990950226,4,0.75,1.00 or less
3105231609-60969-023_3105231609-60969-024,Apartment,4,NA,NA,NA,NA,NA,NA,NA,NA,NA,NA,,,NA,NA,NA,NA,NA,NA,NA,NA,NA,NA,NA,NA,NA,NA,NA,NA,NA,NA,NA,NA,NA,NA,NA,NA,NA,NA,NA,NA,NA,NA,NA,NA,NA,NA,NA,NA,NA,NA,0,NA,NA,NA,360,NA,360,NA,NA,NA,NA,NA
3105247721-60970-001_3105247721-60970-002,Apartment,4,USA,USA,USA,USA,NA,NA,NA,NA,NA,NA,,,USA,USA,USA,USA,NA,NA,NA,NA,NA,NA,NA,NA,Head,Sister,Niece,Niece,NA,NA,NA,NA,NA,NA,NA,NA,37,39,15,11,NA,NA,NA,NA,NA,NA,NA,NA,4,White,0,0,5,37,488.4,5720,608.4,8.538461538,10.63636364,4,1,1.00 or less
3105247721-60970-003_3105247721-60970-004,Apartment,5,Ireland,Ireland,NA,NA,NA,NA,NA,NA,NA,NA,,,Europe,Europe,NA,NA,NA,NA,NA,NA,NA,NA,NA,NA,Head,Sister,NA,NA,NA,NA,NA,NA,NA,NA,NA,NA,62,60,NA,NA,NA,NA,NA,NA,NA,NA,NA,NA,2,NA,0,0,20,30,483,5642,567,8.560794045,10.04962779,5,0.4,1.00 or less
3105247721-60970-005_3105247721-60970-006,Apartment,4,PR,PR,PR,USA,USA,USA,NA,NA,NA,NA,,,PR,PR,PR,USA,USA,USA,NA,NA,NA,NA,NA,NA,Head,Wife,Sister in Law,Daughter,Son,Son,NA,NA,NA,NA,NA,NA,27,25,24,3,1,0,NA,NA,NA,NA,NA,NA,6,NA,1,6,NA,NA,720,2288,720,31.46853147,31.46853147,4,1.5,1.01 to 1.50
3105247721-60970-007_3105247721-60970-008,Apartment,4,NA,NA,NA,NA,NA,NA,NA,NA,NA,NA,,,NA,NA,NA,NA,NA,NA,NA,NA,NA,NA,NA,NA,NA,NA,NA,NA,NA,NA,NA,NA,NA,NA,NA,NA,NA,NA,NA,NA,NA,NA,NA,NA,NA,NA,NA,NA,NA,NA,0,NA,NA,NA,488.4,NA,488.4,NA,NA,NA,NA,NA
3105247721-60970-009_3105247721-60970-010,Apartment,4,Ireland,Ireland,NA,NA,NA,NA,NA,NA,NA,NA,,,Europe,Europe,NA,NA,NA,NA,NA,NA,NA,NA,NA,NA,NA,NA,NA,NA,NA,NA,NA,NA,NA,NA,NA,NA,77,56,NA,NA,NA,NA,NA,NA,NA,NA,NA,NA,2,White,0,0,18,58,441.6,3640,441.6,12.13186813,12.13186813,4,0.5,1.00 or less
3105247721-60970-011_3105247721-60970-012,Apartment,4,PR,PR,PR,PR,NA,NA,NA,NA,NA,NA,,,PR,PR,PR,PR,NA,NA,NA,NA,NA,NA,NA,NA,Mother,Daughter,Son,Son,NA,NA,NA,NA,NA,NA,NA,NA,58,35,20,18,NA,NA,NA,NA,NA,NA,NA,NA,4,Puerto Rican,1,4,8,10,669,3640,753,18.37912088,20.68681319,4,1,1.00 or less
3105247721-60970-013_3105247721-60970-014,Apartment,4,DR,DR,DR,DR,DR,DR,NA,NA,NA,NA,,,Caribbean,Caribbean,Caribbean,Caribbean,Caribbean,Caribbean,NA,NA,NA,NA,NA,NA,Head,Son,Sister,Daughter,Daughter,Niece,NA,NA,NA,NA,NA,NA,45,28,54,31,20,27,NA,NA,NA,NA,NA,NA,6,other,0,0,1.5,7,612.72,12350,666.72,4.961295547,5.39854251,4,1.5,1.01 to 1.50
3105247721-60970-015_3105247721-60970-016,Apartment,5,PR,PR,PR,NA,NA,NA,NA,NA,NA,NA,,,PR,PR,PR,NA,NA,NA,NA,NA,NA,NA,NA,NA,H,Wife,Daughter,NA,NA,NA,NA,NA,NA,NA,NA,NA,30,33,14,NA,NA,NA,NA,NA,NA,NA,NA,NA,3,Puerto Rican,1,3,5,6,850.2,6500,922.2,13.08,14.18769231,5,0.6,1.00 or less
3105247721-60970-017_3105247721-60970-018,Apartment,4,PR,PR,USA,USA,NA,NA,NA,NA,NA,NA,,,PR,PR,USA,USA,NA,NA,NA,NA,NA,NA,NA,NA,H,Wife,Son,Son,NA,NA,NA,NA,NA,NA,NA,NA,55,46,8,25,NA,NA,NA,NA,NA,NA,NA,NA,4,Puerto Rican,1,4,2.75,30,912,5200,912,17.53846154,17.53846154,4,1,1.00 or less
3105247721-60970-019_3105247721-60970-020,Apartment,4,PR,USA,PR,PR,PR,USA,USA,NA,NA,NA,,,PR,USA,PR,PR,PR,USA,USA,NA,NA,NA,NA,NA,M,Son,H,Wife,Sister,Daughter,Son,NA,NA,NA,NA,NA,21,2,26,25,21,2,1,NA,NA,NA,NA,NA,7,Puerto Rican,1,7,0.5,9,840,2340,840,35.8974359,35.8974359,4,1.75,1.51 or more
3105247721-60970-021_3105247721-60970-022,Apartment,5,Greece,USA,USA,USA,Greece,NA,NA,NA,NA,NA,,,Europe,USA,USA,USA,Europe,NA,NA,NA,NA,NA,NA,NA,H,Wife,Son,Son,Mother of 1,NA,NA,NA,NA,NA,NA,NA,45,28,7,3,65,NA,NA,NA,NA,NA,NA,NA,5,White,0,0,8,10,615,5200,717,11.82692308,13.78846154,5,1,1.00 or less
3105247721-60970-023_3105247721-60970-024,NA,4,PR,PR,PR,PR,NA,NA,NA,NA,NA,NA,,,PR,PR,PR,PR,NA,NA,NA,NA,NA,NA,NA,NA,Head,Father,Mother,Sister,NA,NA,NA,NA,NA,NA,NA,NA,25,56,44,21,NA,NA,NA,NA,NA,NA,NA,NA,4,Puerto Rican,1,4,2,6,728.4,6188,908.4,11.77117001,14.68002586,4,1,1.00 or less
3105247721-60970-025_3105247721-60970-026,Apartment,5,PR,PR,PR,NA,NA,NA,NA,NA,NA,NA,,,PR,PR,PR,NA,NA,NA,NA,NA,NA,NA,NA,NA,H,Wife,Daughter,NA,NA,NA,NA,NA,NA,NA,NA,NA,NA,NA,14,NA,NA,NA,NA,NA,NA,NA,NA,NA,3,Puerto Rican,1,3,3,13,645.6,5460,735.6,11.82417582,13.47252747,5,0.6,1.00 or less
3105247721-60970-027_3105247721-60970-028,Apartment,NA,USA,USA,USA,NA,NA,NA,NA,NA,NA,NA,,,USA,USA,USA,NA,NA,NA,NA,NA,NA,NA,NA,NA,H,Daughter,Daughter,NA,NA,NA,NA,NA,NA,NA,NA,NA,39,15,11,NA,NA,NA,NA,NA,NA,NA,NA,NA,3,NA,0,0,NA,NA,NA,2600,NA,NA,NA,NA,NA,NA
3105255100-60971-001_3105255100-60971-002,NA,4,NA,NA,NA,NA,NA,NA,NA,NA,NA,NA,,,NA,NA,NA,NA,NA,NA,NA,NA,NA,NA,NA,NA,NA,NA,NA,NA,NA,NA,NA,NA,NA,NA,NA,NA,NA,NA,NA,NA,NA,NA,NA,NA,NA,NA,NA,NA,NA,NA,0,NA,NA,NA,NA,NA,NA,NA,NA,NA,NA,NA
3105255100-60971-003_3105255100-60971-004,Apartment,5,USA,USA,NA,NA,NA,NA,NA,NA,NA,NA,,,USA,USA,NA,NA,NA,NA,NA,NA,NA,NA,NA,NA,NA,NA,NA,NA,NA,NA,NA,NA,NA,NA,NA,NA,NA,NA,NA,NA,NA,NA,NA,NA,NA,NA,NA,NA,2,White,0,0,NA,NA,483,864,483,55.90277778,55.90277778,5,0.4,1.00 or less
3105255100-60971-005_3105255100-60971-006,Apartment,3,Cuba,NA,NA,NA,NA,NA,NA,NA,NA,NA,,,Caribbean,NA,NA,NA,NA,NA,NA,NA,NA,NA,NA,NA,Head,NA,NA,NA,NA,NA,NA,NA,NA,NA,NA,NA,49,NA,NA,NA,NA,NA,NA,NA,NA,NA,NA,NA,1,Negro,0,0,5,13,646.8,2600,706.8,24.87692308,27.18461538,3,0.333333333,1.00 or less
3105255100-60971-007_3105255100-60971-008,Apartment,5,PR,PR,NA,NA,NA,NA,NA,NA,NA,NA,,,PR,PR,NA,NA,NA,NA,NA,NA,NA,NA,NA,NA,Husband,Wife,NA,NA,NA,NA,NA,NA,NA,NA,NA,NA,30,25,NA,NA,NA,NA,NA,NA,NA,NA,NA,NA,2,Puerto Rican,1,2,3,9,696,5824,696,11.95054945,11.95054945,5,0.4,1.00 or less
3105255100-60971-009_3105255100-60971-010,NA,4,PR,PR,PR,NA,NA,NA,NA,NA,NA,NA,,,PR,PR,PR,NA,NA,NA,NA,NA,NA,NA,NA,NA,Head,Wife,Son,NA,NA,NA,NA,NA,NA,NA,NA,NA,25,27,2,NA,NA,NA,NA,NA,NA,NA,NA,NA,3,Puerto Rican,1,3,1,5,789,2912,909,27.09478022,31.21565934,4,0.75,1.00 or less
3105255100-60971-011_3105255100-60971-012,Apartment,4,PR,Italy,Austria,NA,NA,NA,NA,NA,NA,NA,,,PR,Europe,Europe,NA,NA,NA,NA,NA,NA,NA,NA,NA,Head,Wife,Daughter,NA,NA,NA,NA,NA,NA,NA,NA,NA,28,30,3,NA,NA,NA,NA,NA,NA,NA,NA,NA,3,Puerto Rican,1,3,9,10,807,3380,807,23.87573964,23.87573964,4,0.75,1.00 or less
3105255100-60971-013_3105255100-60971-014,Apartment,4,PR,PR,NA,NA,NA,NA,NA,NA,NA,NA,,,PR,PR,NA,NA,NA,NA,NA,NA,NA,NA,NA,NA,Head,Daughter,NA,NA,NA,NA,NA,NA,NA,NA,NA,NA,37,16,NA,NA,NA,NA,NA,NA,NA,NA,NA,NA,2,Puerto Rican,1,2,4,10,643.8,3120,721.8,20.63461538,23.13461538,4,0.5,1.00 or less
3105255100-60971-015_3105255100-60971-016,Apartment,4,PR,DR,USA,USA,NA,NA,NA,NA,NA,NA,,,PR,Caribbean,USA,USA,NA,NA,NA,NA,NA,NA,NA,NA,H,Wife,Son,Son,NA,NA,NA,NA,NA,NA,NA,NA,28,36,4,3,NA,NA,NA,NA,NA,NA,NA,NA,4,Puerto Rican,1,4,0.166666667,11,900,3120,972,28.84615385,31.15384615,4,1,1.00 or less
3105255100-60971-017_3105255100-60971-018,Apartment,5,PR,PR,PR,NA,NA,NA,NA,NA,NA,NA,,,PR,PR,PR,NA,NA,NA,NA,NA,NA,NA,NA,NA,M,Daughter,Son,NA,NA,NA,NA,NA,NA,NA,NA,NA,55,20,14,NA,NA,NA,NA,NA,NA,NA,NA,NA,3,Puerto Rican,1,3,2,11,684,4336.8,684,15.77199779,15.77199779,5,0.6,1.00 or less
3105255100-60971-019_3105255100-60971-020,Apartment,4,PR,DR,USA,NA,NA,NA,NA,NA,NA,NA,,,PR,Caribbean,USA,NA,NA,NA,NA,NA,NA,NA,NA,NA,Head,Wife,Daughter,NA,NA,NA,NA,NA,NA,NA,NA,NA,34,21,1,NA,NA,NA,NA,NA,NA,NA,NA,NA,3,Puerto Rican,1,3,0.666666667,8,624,3120,714,20,22.88461538,4,0.75,1.00 or less
3105255100-60971-021_3105255100-60971-022,Apartment,4,PR,PR,PR,USA,NA,NA,NA,NA,NA,NA,,,PR,PR,PR,USA,NA,NA,NA,NA,NA,NA,NA,NA,H,Wife,Father in Law,Son,NA,NA,NA,NA,NA,NA,NA,NA,23,23,55,2,NA,NA,NA,NA,NA,NA,NA,NA,4,Puerto Rican,1,4,2,16,657.6,3744,657.6,17.56410256,17.56410256,4,1,1.00 or less
3105255100-60971-023_3105255100-60971-024,Apartment,5,PR,USA,USA,USA,NA,NA,NA,NA,NA,NA,,,PR,USA,USA,USA,NA,NA,NA,NA,NA,NA,NA,NA,H,Wife,Daughter,Mother in Law,NA,NA,NA,NA,NA,NA,NA,NA,60,35,10,67,NA,NA,NA,NA,NA,NA,NA,NA,4,Puerto Rican,1,4,4,12,720,2340,720,30.76923077,30.76923077,5,0.8,1.00 or less
3105257795-60972-001_3105257795-60972-002,NA,4,NA,NA,NA,NA,NA,NA,NA,NA,NA,NA,,,NA,NA,NA,NA,NA,NA,NA,NA,NA,NA,NA,NA,H,Wife,Daughter,Daughter,Son,Daughter,NA,NA,NA,NA,NA,NA,NA,NA,NA,NA,NA,NA,NA,NA,NA,NA,NA,NA,6,NA,0,0,6,18,NA,NA,NA,NA,NA,4,1.5,1.01 to 1.50
3105257795-60972-003_3105257795-60972-004,NA,4,PR,PR,USA,NA,NA,NA,NA,NA,NA,NA,,,PR,PR,USA,NA,NA,NA,NA,NA,NA,NA,NA,NA,Head,Wife,Daughter,NA,NA,NA,NA,NA,NA,NA,NA,NA,57,45,4,NA,NA,NA,NA,NA,NA,NA,NA,NA,3,NA,1,3,NA,NA,NA,NA,NA,NA,NA,4,0.75,1.00 or less
3105257795-60972-005_3105257795-60972-006,Apartment,5,PR,PR,PR,PR,USA,USA,USA,NA,NA,NA,,,PR,PR,PR,PR,USA,USA,USA,NA,NA,NA,NA,NA,H,Wife,Son,Son,Daughter,Daughter,Son,NA,NA,NA,NA,NA,33,29,10,9,8,7,5,NA,NA,NA,NA,NA,7,Puerto Rican,1,7,5,8,813,5200,813,15.63461538,15.63461538,5,1.4,1.01 to 1.50
3105257795-60972-007_3105257795-60972-008,Apartment,5,PR,PR,PR,PR,PR,PR,PR,NA,NA,NA,,,PR,PR,PR,PR,PR,PR,PR,NA,NA,NA,NA,NA,Head,Wife,Daughter,Son,Daughter,Daughter,Daughter,NA,NA,NA,NA,NA,38,33,17,16,15,11,8,NA,NA,NA,NA,NA,7,Puerto Rican,1,7,3,3,699,4056,801,17.23372781,19.74852071,5,1.4,1.01 to 1.50
3105257795-60972-009_3105257795-60972-010,Apartment,4,PR,Germany,USA,NA,NA,NA,NA,NA,NA,NA,,,PR,Europe,USA,NA,NA,NA,NA,NA,NA,NA,NA,NA,Husband,Wife,Son,NA,NA,NA,NA,NA,NA,NA,NA,NA,29,30,5,NA,NA,NA,NA,NA,NA,NA,NA,NA,3,Puerto Rican,1,3,0.666666667,1,636,4420,768,14.38914027,17.37556561,4,0.75,1.00 or less
3105257795-60972-011_3105257795-60972-012,Apartment,3,Italy,NA,NA,NA,NA,NA,NA,NA,NA,NA,,,Europe,NA,NA,NA,NA,NA,NA,NA,NA,NA,NA,NA,Mother,NA,NA,NA,NA,NA,NA,NA,NA,NA,NA,NA,76,NA,NA,NA,NA,NA,NA,NA,NA,NA,NA,NA,1,White,0,0,38,NA,414,NA,453,NA,NA,3,0.333333333,1.00 or less
3105257795-60972-013_3105257795-60972-014,NA,5,USA,USA,USA,USA,NA,NA,NA,NA,NA,NA,,,USA,USA,USA,USA,NA,NA,NA,NA,NA,NA,NA,NA,Head,Wife,Daughter,Grand Son,NA,NA,NA,NA,NA,NA,NA,NA,55,52,31,6,NA,NA,NA,NA,NA,NA,NA,NA,4,White,0,0,15,55,540,3900,756,13.84615385,19.38461538,5,0.8,1.00 or less
3105257795-60972-015_3105257795-60972-016,Apartment,4,PR,PR,PR,NA,NA,NA,NA,NA,NA,NA,,,PR,PR,PR,NA,NA,NA,NA,NA,NA,NA,NA,NA,H,Wife,Daughter,NA,NA,NA,NA,NA,NA,NA,NA,NA,28,31,14,NA,NA,NA,NA,NA,NA,NA,NA,NA,3,Puerto Rican,1,3,6,12,633.6,3380,633.6,18.74556213,18.74556213,4,0.75,1.00 or less
3105257795-60972-017_3105257795-60972-018,Apartment,4,Austria,USA,USA,NA,NA,NA,NA,NA,NA,NA,,,Europe,USA,USA,NA,NA,NA,NA,NA,NA,NA,NA,NA,H,M,Son,NA,NA,NA,NA,NA,NA,NA,NA,NA,69,74,40,NA,NA,NA,NA,NA,NA,NA,NA,NA,3,NA,0,0,20,69,414,3900,414,10.61538462,10.61538462,4,0.75,1.00 or less
3105257795-60972-019_3105257795-60972-020,Apartment,5,PR,PR,PR,PR,PR,PR,PR,NA,NA,NA,,,PR,PR,PR,PR,PR,PR,PR,NA,NA,NA,NA,NA,Husband,Wife,Son,Son,Son,Son,Son,NA,NA,NA,NA,NA,47,36,20,16,14,12,9,NA,NA,NA,NA,NA,7,Puerto Rican,1,7,1,8,686.4,6734,686.4,10.19305019,10.19305019,5,1.4,1.01 to 1.50
3105257795-60972-021_3105257795-60972-022,Apartment,5,PR,PR,PR,PR,PR,USA,NA,NA,NA,NA,,,PR,PR,PR,PR,PR,USA,NA,NA,NA,NA,NA,NA,H,Wife,Daughter,Daughter,Wife,Daughter,NA,NA,NA,NA,NA,NA,60,48,23,18,27,2,NA,NA,NA,NA,NA,NA,6,Puerto Rican,1,6,0.083333333,10,869.4,10452,869.4,8.318025258,8.318025258,5,1.2,1.01 to 1.50
3105257795-60972-023_3105257795-60972-024,Apartment,4,USA,NA,NA,NA,NA,NA,NA,NA,NA,NA,,,USA,NA,NA,NA,NA,NA,NA,NA,NA,NA,NA,NA,NA,NA,NA,NA,NA,NA,NA,NA,NA,NA,NA,NA,74,50,NA,NA,NA,NA,NA,NA,NA,NA,NA,NA,2,White,0,0,41,75,414,1182,414,35.02538071,35.02538071,4,0.5,1.00 or less
3105260901-60973-001_3105260901-60973-002,Apartment,4,Russia,USA,USA,NA,NA,NA,NA,NA,NA,NA,,,Europe,USA,USA,NA,NA,NA,NA,NA,NA,NA,NA,NA,H,M,Son,NA,NA,NA,NA,NA,NA,NA,NA,NA,71,50,29,NA,NA,NA,NA,NA,NA,NA,NA,NA,3,White,0,0,23,23,NA,480,NA,NA,NA,4,0.75,1.00 or less
3105260901-60973-003_3105260901-60973-004,Apartment,4,USA,USA,USA,NA,NA,NA,NA,NA,NA,NA,,,USA,USA,USA,NA,NA,NA,NA,NA,NA,NA,NA,NA,Husband,Wife,Daughter,NA,NA,NA,NA,NA,NA,NA,NA,NA,58,48,17,NA,NA,NA,NA,NA,NA,NA,NA,NA,3,White,0,0,18,32,552,3120,672,17.69230769,21.53846154,4,0.75,1.00 or less
3105260901-60973-005_3105260901-60973-006,Apartment,4,USA,NA,NA,NA,NA,NA,NA,NA,NA,NA,,,USA,NA,NA,NA,NA,NA,NA,NA,NA,NA,NA,NA,H,NA,NA,NA,NA,NA,NA,NA,NA,NA,NA,NA,44,NA,NA,NA,NA,NA,NA,NA,NA,NA,NA,NA,1,White,0,0,6,44,621,NA,693,NA,NA,4,0.25,1.00 or less
3105260901-60973-007_3105260901-60973-008,Apartment,4,USA,USA,USA,USA,NA,NA,NA,NA,NA,NA,,,USA,USA,USA,USA,NA,NA,NA,NA,NA,NA,NA,NA,Head,Wife,Daughter,Son,NA,NA,NA,NA,NA,NA,NA,NA,53,44,17,13,NA,NA,NA,NA,NA,NA,NA,NA,4,White,0,0,2.5,53,666,3640,666,18.2967033,18.2967033,4,1,1.00 or less
3105260901-60973-009_3105260901-60973-010,Apartment,3,USA,USA,USA,NA,NA,NA,NA,NA,NA,NA,,,USA,USA,USA,NA,NA,NA,NA,NA,NA,NA,NA,NA,Head,Daughter,Sister,NA,NA,NA,NA,NA,NA,NA,NA,NA,37,10,40,NA,NA,NA,NA,NA,NA,NA,NA,NA,3,White,0,0,1,37,765,3796,825,20.15279241,21.73340358,3,1,1.00 or less
3105260901-60973-011_3105260901-60973-012,Apartment,3,USA,NA,NA,NA,NA,NA,NA,NA,NA,NA,,,USA,NA,NA,NA,NA,NA,NA,NA,NA,NA,NA,NA,H,NA,NA,NA,NA,NA,NA,NA,NA,NA,NA,NA,75,NA,NA,NA,NA,NA,NA,NA,NA,NA,NA,NA,1,White,0,0,17,NA,579.6,NA,663.6,NA,NA,3,0.333333333,1.00 or less
3105260901-60973-013_3105260901-60973-014,NA,4,USA,France,NA,NA,NA,NA,NA,NA,NA,NA,,,USA,Europe,NA,NA,NA,NA,NA,NA,NA,NA,NA,NA,Head,Wife,NA,NA,NA,NA,NA,NA,NA,NA,NA,NA,71,66,NA,NA,NA,NA,NA,NA,NA,NA,NA,NA,2,NA,0,0,16,1.5,621,4500,801,13.8,17.8,4,0.5,1.00 or less
3105260901-60973-015_3105260901-60973-016,Apartment,4,Italy,Italy,USA,NA,NA,NA,NA,NA,NA,NA,,,Europe,Europe,USA,NA,NA,NA,NA,NA,NA,NA,NA,NA,Head,Wife,Son,NA,NA,NA,NA,NA,NA,NA,NA,NA,61,49,19,NA,NA,NA,NA,NA,NA,NA,NA,NA,3,White,0,0,5,25,714,5980,798,11.93979933,13.34448161,4,0.75,1.00 or less
3105260901-60973-017_3105260901-60973-018,Apartment,3,WestInd,USA,NA,NA,NA,NA,NA,NA,NA,NA,,,Caribbean,USA,NA,NA,NA,NA,NA,NA,NA,NA,NA,NA,H,Wife,NA,NA,NA,NA,NA,NA,NA,NA,NA,NA,63,58,NA,NA,NA,NA,NA,NA,NA,NA,NA,NA,2,White,0,0,17,17,576,NA,648,NA,NA,3,0.666666667,1.00 or less
3105260901-60973-019_3105260901-60973-020,Apartment,4,Austria,NA,NA,NA,NA,NA,NA,NA,NA,NA,,,Europe,NA,NA,NA,NA,NA,NA,NA,NA,NA,NA,NA,Head,NA,NA,NA,NA,NA,NA,NA,NA,NA,NA,NA,59,NA,NA,NA,NA,NA,NA,NA,NA,NA,NA,NA,1,White,0,0,13,23,621,2444,693,25.4091653,28.35515548,4,0.25,1.00 or less
3105260901-60973-021_3105260901-60973-022,Apartment,4,Ireland,NA,NA,NA,NA,NA,NA,NA,NA,NA,,,Europe,NA,NA,NA,NA,NA,NA,NA,NA,NA,NA,NA,Head,Roomer,NA,NA,NA,NA,NA,NA,NA,NA,NA,NA,71,NA,NA,NA,NA,NA,NA,NA,NA,NA,NA,NA,2,White,0,0,7,50,621,NA,621,NA,NA,4,0.5,1.00 or less
3105260901-60973-023_3105260901-60973-024,NA,3,USA,NA,NA,NA,NA,NA,NA,NA,NA,NA,,,USA,NA,NA,NA,NA,NA,NA,NA,NA,NA,NA,NA,Head,NA,NA,NA,NA,NA,NA,NA,NA,NA,NA,NA,63,NA,NA,NA,NA,NA,NA,NA,NA,NA,NA,NA,1,White,0,0,63,63,588,2236,732,26.29695886,32.73703041,3,0.333333333,1.00 or less
3105260901-60973-025_3105260901-60973-026,Apartment,3,USA,NA,NA,NA,NA,NA,NA,NA,NA,NA,,,USA,NA,NA,NA,NA,NA,NA,NA,NA,NA,NA,NA,NA,NA,NA,NA,NA,NA,NA,NA,NA,NA,NA,NA,76,NA,NA,NA,NA,NA,NA,NA,NA,NA,NA,NA,1,White,0,0,19,76,564,876,624,64.38356164,71.23287671,3,0.333333333,1.00 or less
3105260901-60973-027_3105260901-60973-028,NA,4,USA,NA,NA,NA,NA,NA,NA,NA,NA,NA,,,USA,NA,NA,NA,NA,NA,NA,NA,NA,NA,NA,NA,Head,NA,NA,NA,NA,NA,NA,NA,NA,NA,NA,NA,63,NA,NA,NA,NA,NA,NA,NA,NA,NA,NA,NA,1,White,0,0,19,63,612,3500,732,17.48571429,20.91428571,4,0.25,1.00 or less
3105260901-60973-029_3105260901-60973-030,NA,4,USA,NA,NA,NA,NA,NA,NA,NA,NA,NA,,,USA,NA,NA,NA,NA,NA,NA,NA,NA,NA,NA,NA,Head,NA,NA,NA,NA,NA,NA,NA,NA,NA,NA,NA,55,NA,NA,NA,NA,NA,NA,NA,NA,NA,NA,NA,1,White,0,0,24,55,588,3000,756,19.6,25.2,4,0.25,1.00 or less
3105271794-60974-001_3105271794-60974-002,Apartment,6,USA,USA,Italy,USA,NA,NA,NA,NA,NA,NA,,,USA,USA,Europe,USA,NA,NA,NA,NA,NA,NA,NA,NA,H,Wife,Mother in Law,Son,NA,NA,NA,NA,NA,NA,NA,NA,49,48,70,14,NA,NA,NA,NA,NA,NA,NA,NA,4,White,0,0,1.083333333,49,714,6760,834,10.56213018,12.33727811,6,0.666666667,1.00 or less
3105271794-60974-003_3105271794-60974-004,Apartment,6,WestInd,WestInd,USA,USA,NA,NA,NA,NA,NA,NA,,,Caribbean,Caribbean,USA,USA,NA,NA,NA,NA,NA,NA,NA,NA,H,Wife,Daughter,Son,NA,NA,NA,NA,NA,NA,NA,NA,40,51,11,8,NA,NA,NA,NA,NA,NA,NA,NA,4,White,0,0,10,14,600,3172,696,18.91551072,21.94199243,6,0.666666667,1.00 or less
3105271794-60974-005_3105271794-60974-006,NA,6,PR,NA,NA,NA,NA,NA,NA,NA,NA,NA,,,PR,NA,NA,NA,NA,NA,NA,NA,NA,NA,NA,NA,M,Son,Daughter,Daughter,Daughter,Daughter,NA,NA,NA,NA,NA,NA,37,14,13,10,9,6,NA,NA,NA,NA,NA,NA,6,NA,1,6,NA,NA,612,NA,612,NA,NA,6,1,1.00 or less
3105271794-60974-007_3105271794-60974-008,Apartment,6,Germany,Germany,NA,NA,NA,NA,NA,NA,NA,NA,,,Europe,Europe,NA,NA,NA,NA,NA,NA,NA,NA,NA,NA,H,Wife,NA,NA,NA,NA,NA,NA,NA,NA,NA,NA,68,59,NA,NA,NA,NA,NA,NA,NA,NA,NA,NA,2,White,0,0,16,37,612,5200,726,11.76923077,13.96153846,6,0.333333333,1.00 or less
3105271794-60974-009_3105271794-60974-010,Apartment,6,England,USA,USA,NA,NA,NA,NA,NA,NA,NA,,,Europe,USA,USA,NA,NA,NA,NA,NA,NA,NA,NA,NA,Head,Son,Son,NA,NA,NA,NA,NA,NA,NA,NA,NA,54,29,23,NA,NA,NA,NA,NA,NA,NA,NA,NA,3,White,0,0,22,32,NA,9308,NA,NA,NA,6,0.5,1.00 or less
3105271794-60974-011_3105271794-60974-012,Apartment,6,NA,NA,NA,NA,NA,NA,NA,NA,NA,NA,,,NA,NA,NA,NA,NA,NA,NA,NA,NA,NA,NA,NA,Head,Wife,Daughter,Daughter,Daughter,Daughter,Son,Daughter,NA,NA,NA,NA,NA,NA,NA,NA,NA,NA,NA,NA,NA,NA,NA,NA,8,NA,0,0,NA,NA,672,NA,672,NA,NA,6,1.333333333,1.01 to 1.50
3105271794-60974-013_3105271794-60974-014,Apartment,5.5,Italy,PR,NA,NA,NA,NA,NA,NA,NA,NA,,,Europe,PR,NA,NA,NA,NA,NA,NA,NA,NA,NA,NA,Husband,Wife,NA,NA,NA,NA,NA,NA,NA,NA,NA,NA,61,41,NA,NA,NA,NA,NA,NA,NA,NA,NA,NA,2,White,1,2,14,37,594,5980,738,9.933110368,12.34113712,5.5,0.363636364,1.00 or less
3105271794-60974-015_3105271794-60974-016,Apartment,6,USA,USA,USA,NA,NA,NA,NA,NA,NA,NA,,,USA,USA,USA,NA,NA,NA,NA,NA,NA,NA,NA,NA,H,Brother,Cousin,NA,NA,NA,NA,NA,NA,NA,NA,NA,46,48,43,NA,NA,NA,NA,NA,NA,NA,NA,NA,3,White,0,0,30,46,645,11250,789,5.733333333,7.013333333,6,0.5,1.00 or less
3105271794-60974-017_3105271794-60974-018,NA,6,Cyprus,Cyprus,Cyprus,NA,NA,NA,NA,NA,NA,NA,,,Europe,Europe,Europe,NA,NA,NA,NA,NA,NA,NA,NA,NA,Head,Wife,Son,NA,NA,NA,NA,NA,NA,NA,NA,NA,50,58,27,NA,NA,NA,NA,NA,NA,NA,NA,NA,3,White,0,0,1.5,7,621,3120,801,19.90384615,25.67307692,6,0.5,1.00 or less
3105271794-60974-019_3105271794-60974-020,Apartment,6,USA,NA,NA,NA,NA,NA,NA,NA,NA,NA,,,USA,NA,NA,NA,NA,NA,NA,NA,NA,NA,NA,NA,Mother,NA,NA,NA,NA,NA,NA,NA,NA,NA,NA,NA,66,NA,NA,NA,NA,NA,NA,NA,NA,NA,NA,NA,1,White,0,0,8,35,588,2340,588,25.12820513,25.12820513,6,0.166666667,1.00 or less
3105271794-60974-021_3105271794-60974-022,Apartment,6,USA,USA,NA,NA,NA,NA,NA,NA,NA,NA,,,USA,USA,NA,NA,NA,NA,NA,NA,NA,NA,NA,NA,Sister,Brother,NA,NA,NA,NA,NA,NA,NA,NA,NA,NA,63,66,NA,NA,NA,NA,NA,NA,NA,NA,NA,NA,2,White,0,0,14,62,654,NA,744,NA,NA,6,0.333333333,1.00 or less
3105271794-60974-023_3105271794-60974-024,Apartment,6,USA,USA,USA,NA,NA,NA,NA,NA,NA,NA,,,USA,USA,USA,NA,NA,NA,NA,NA,NA,NA,NA,NA,Head,Daughter,Daughter,NA,NA,NA,NA,NA,NA,NA,NA,NA,55,24,20,NA,NA,NA,NA,NA,NA,NA,NA,NA,3,White,0,0,2,34,761.76,2288,761.76,33.29370629,33.29370629,6,0.5,1.00 or less
3105271794-60974-025_3105271794-60974-026,Apartment,6,PR,PR,PR,PR,PR,PR,USA,USA,USA,NA,,,PR,PR,PR,PR,PR,PR,USA,USA,USA,NA,NA,NA,H,Wife,Son,Son,Daughter,Daughter,Son,Son,Daughter,NA,NA,NA,38,30,11,10,8,6,5,4,1,NA,NA,NA,9,NA,1,9,3,8,NA,NA,NA,NA,NA,6,1.5,1.01 to 1.50
3105271794-60974-027_3105271794-60974-028,Apartment,6,NA,NA,NA,NA,NA,NA,NA,NA,NA,NA,,,NA,NA,NA,NA,NA,NA,NA,NA,NA,NA,NA,NA,H,Wife,Daughter,NA,NA,NA,NA,NA,NA,NA,NA,NA,NA,NA,NA,NA,NA,NA,NA,NA,NA,NA,NA,NA,3,NA,0,0,NA,NA,504,NA,504,NA,NA,6,0.5,1.00 or less
3105271794-60974-029_3105271794-60974-030,NA,6,USA,USA,USA,NA,NA,NA,NA,NA,NA,NA,,,USA,USA,USA,NA,NA,NA,NA,NA,NA,NA,NA,NA,Head,Wife,Daughter,NA,NA,NA,NA,NA,NA,NA,NA,NA,57,55,12,NA,NA,NA,NA,NA,NA,NA,NA,NA,3,NA,0,0,NA,NA,588,3380,588,17.3964497,17.3964497,6,0.5,1.00 or less
3105283572-60975-001_3105283572-60975-002,NA,4.5,USA,USA,USA,USA,NA,NA,NA,NA,NA,NA,,,USA,USA,USA,USA,NA,NA,NA,NA,NA,NA,NA,NA,Head,Wife,Daughter,Daughter,NA,NA,NA,NA,NA,NA,NA,NA,26,22,12,13,NA,NA,NA,NA,NA,NA,NA,NA,4,White,0,0,17,26,496.8,NA,712.8,NA,NA,4.5,0.888888889,1.00 or less
3105283572-60975-003_3105283572-60975-004,Apartment,3,USA,USA,USA,USA,NA,NA,NA,NA,NA,NA,,,USA,USA,USA,USA,NA,NA,NA,NA,NA,NA,NA,NA,NA,NA,NA,NA,NA,NA,NA,NA,NA,NA,NA,NA,42,39,13,10,NA,NA,NA,NA,NA,NA,NA,NA,4,White,0,0,14,46,483,8000,483,6.0375,6.0375,3,1.333333333,1.01 to 1.50
3105283572-60975-005_3105283572-60975-006,Apartment,4,USA,NA,NA,NA,NA,NA,NA,NA,NA,NA,,,USA,NA,NA,NA,NA,NA,NA,NA,NA,NA,NA,NA,Head,NA,NA,NA,NA,NA,NA,NA,NA,NA,NA,NA,60,NA,NA,NA,NA,NA,NA,NA,NA,NA,NA,NA,1,White,0,0,60,60,483,909.96,579,53.07925623,63.62917051,4,0.25,1.00 or less
3105283572-60975-007_3105283572-60975-008,NA,4,Ireland,Ireland,NA,NA,NA,NA,NA,NA,NA,NA,,,Europe,Europe,NA,NA,NA,NA,NA,NA,NA,NA,NA,NA,Head,Wife,NA,NA,NA,NA,NA,NA,NA,NA,NA,NA,63,61,NA,NA,NA,NA,NA,NA,NA,NA,NA,NA,2,White,0,0,20,45,510.6,1140,690.6,44.78947368,60.57894737,4,0.5,1.00 or less
3105283572-60975-009_3105283572-60975-010,Apartment,4,Ireland,Germany,USA,USA,USA,NA,NA,NA,NA,NA,,,Europe,Europe,USA,USA,USA,NA,NA,NA,NA,NA,NA,NA,H,Wife,Daughter,Daughter,Son,NA,NA,NA,NA,NA,NA,NA,53,51,21,17,15,NA,NA,NA,NA,NA,NA,NA,5,White,0,0,16,32,NA,6760,NA,NA,NA,4,1.25,1.01 to 1.50
3105283572-60975-011_3105283572-60975-012,Apartment,4,USA,USA,NA,NA,NA,NA,NA,NA,NA,NA,,,USA,USA,NA,NA,NA,NA,NA,NA,NA,NA,NA,NA,Head,Father of 1,NA,NA,NA,NA,NA,NA,NA,NA,NA,NA,50,73,NA,NA,NA,NA,NA,NA,NA,NA,NA,NA,2,White,0,0,0.083333333,50,634.8,2052,730.8,30.93567251,35.61403509,4,0.5,1.00 or less
3105283572-60975-013_3105283572-60975-014,Apartment,4,USA,USA,USA,USA,NA,NA,NA,NA,NA,NA,,,USA,USA,USA,USA,NA,NA,NA,NA,NA,NA,NA,NA,H,Wife,Daughter,Daughter,NA,NA,NA,NA,NA,NA,NA,NA,44,40,15,11,NA,NA,NA,NA,NA,NA,NA,NA,4,White,0,0,18,41,496.8,3900,586.8,12.73846154,15.04615385,4,1,1.00 or less
3105283572-60975-015_3105283572-60975-016,Apartment,3,USA,USA,USA,USA,USA,USA,USA,NA,NA,NA,,,USA,USA,USA,USA,USA,USA,USA,NA,NA,NA,NA,NA,H,Wife,Daughter,Son,Son,Son,Son,NA,NA,NA,NA,NA,27,27,6,5,4,3,0,NA,NA,NA,NA,NA,7,White,0,0,3.5,27,469.2,3744,565.2,12.53205128,15.09615385,3,2.333333333,1.51 or more
3105283572-60975-017_3105283572-60975-018,NA,3,USA,USA,NA,NA,NA,NA,NA,NA,NA,NA,,,USA,USA,NA,NA,NA,NA,NA,NA,NA,NA,NA,NA,Head,Son,NA,NA,NA,NA,NA,NA,NA,NA,NA,NA,28,4,NA,NA,NA,NA,NA,NA,NA,NA,NA,NA,2,White,0,0,NA,28,679.68,2964,835.68,22.93117409,28.19433198,3,0.666666667,1.00 or less
3105283572-60975-019_3105283572-60975-020,Apartment,4,USA,Canada,Russia,NA,NA,NA,NA,NA,NA,NA,,,USA,Nrth. Am.,Europe,NA,NA,NA,NA,NA,NA,NA,NA,NA,H,Wife,Father,NA,NA,NA,NA,NA,NA,NA,NA,NA,52,44,88,NA,NA,NA,NA,NA,NA,NA,NA,NA,3,White,0,0,6,48,528,9568,624,5.518394649,6.52173913,4,0.75,1.00 or less
3105283572-60975-021_3105283572-60975-022,Apartment,4,USA,USA,USA,NA,NA,NA,NA,NA,NA,NA,,,USA,USA,USA,NA,NA,NA,NA,NA,NA,NA,NA,NA,H,Wife,Daughter,NA,NA,NA,NA,NA,NA,NA,NA,NA,24,24,0,NA,NA,NA,NA,NA,NA,NA,NA,NA,3,White,0,0,NA,24,571.32,5200,571.32,10.98692308,10.98692308,4,0.75,1.00 or less
3105283572-60975-023_3105283572-60975-024,Apartment,3,USA,USA,USA,NA,NA,NA,NA,NA,NA,NA,,,USA,USA,USA,NA,NA,NA,NA,NA,NA,NA,NA,NA,H,Wife,Son,NA,NA,NA,NA,NA,NA,NA,NA,NA,48,47,24,NA,NA,NA,NA,NA,NA,NA,NA,NA,3,White,0,0,19,48,483,8060,483,5.992555831,5.992555831,3,1,1.00 or less
3105283572-60975-025_3105283572-60975-026,Apartment,3,Spain,NA,NA,NA,NA,NA,NA,NA,NA,NA,,,Europe,NA,NA,NA,NA,NA,NA,NA,NA,NA,NA,NA,H,NA,NA,NA,NA,NA,NA,NA,NA,NA,NA,NA,58,NA,NA,NA,NA,NA,NA,NA,NA,NA,NA,NA,1,White,0,0,15,34,516,NA,564,NA,NA,3,0.333333333,1.00 or less
3105283572-60975-027_3105283572-60975-028,Apartment,3,USA,England,NA,NA,NA,NA,NA,NA,NA,NA,,,USA,Europe,NA,NA,NA,NA,NA,NA,NA,NA,NA,NA,Head,rommer,NA,NA,NA,NA,NA,NA,NA,NA,NA,NA,37,NA,NA,NA,NA,NA,NA,NA,NA,NA,NA,NA,2,White,0,0,2.5,35,570,2340,672,24.35897436,28.71794872,3,0.666666667,1.00 or less
3105283572-60975-029_3105283572-60975-030,Apartment,4,Ireland,USA,USA,USA,NA,NA,NA,NA,NA,NA,,,Europe,USA,USA,USA,NA,NA,NA,NA,NA,NA,NA,NA,H,Wife,Daughter,Daughter,NA,NA,NA,NA,NA,NA,NA,NA,49,49,17,16,NA,NA,NA,NA,NA,NA,NA,NA,4,White,0,0,18,30,496.8,3620,586.8,13.72375691,16.20994475,4,1,1.00 or less
3105288010-60976-001_3105288010-60976-002,Apartment,6,USA,USA,USA,USA,USA,NA,NA,NA,NA,NA,,,USA,USA,USA,USA,USA,NA,NA,NA,NA,NA,NA,NA,Head,Daughter,Daughter,Daughter,Daughter,NA,NA,NA,NA,NA,NA,NA,45,23,16,15,11,NA,NA,NA,NA,NA,NA,NA,5,NA,0,0,NA,NA,593.4,4740,809.4,12.51898734,17.07594937,6,0.833333333,1.00 or less
3105288010-60976-003_3105288010-60976-004,NA,3,Phillipines,USA,USA,NA,NA,NA,NA,NA,NA,NA,,,Asia,USA,USA,NA,NA,NA,NA,NA,NA,NA,NA,NA,Head,Wife,Son,NA,NA,NA,NA,NA,NA,NA,NA,NA,57,48,0,NA,NA,NA,NA,NA,NA,NA,NA,NA,3,other,0,0,1.5,14,531,3000,651,17.7,21.7,3,1,1.00 or less
3105288010-60976-005_3105288010-60976-006,NA,6,USA,USA,USA,USA,USA,NA,NA,NA,NA,NA,,,USA,USA,USA,USA,USA,NA,NA,NA,NA,NA,NA,NA,H,Wife,Daughter,Daughter,Son,NA,NA,NA,NA,NA,NA,NA,28,25,6,5,2,NA,NA,NA,NA,NA,NA,NA,5,White,0,0,0.5,28,692.4,5000,692.4,13.848,13.848,6,0.833333333,1.00 or less
3105288010-60976-007_3105288010-60976-008,Apartment,6,PR,PR,PR,PR,PR,NA,NA,NA,NA,NA,,,PR,PR,PR,PR,PR,NA,NA,NA,NA,NA,NA,NA,H,Wife,Son,Son,Daughter,NA,NA,NA,NA,NA,NA,NA,45,35,17,8,15,NA,NA,NA,NA,NA,NA,NA,5,Puerto Rican,1,5,2,NA,NA,2600,NA,NA,NA,6,0.833333333,1.00 or less
3105288010-60976-009_3105288010-60976-010,Apartment,6,Ireland,Ireland,Ireland,NA,NA,NA,NA,NA,NA,NA,,,Europe,Europe,Europe,NA,NA,NA,NA,NA,NA,NA,NA,NA,H,Wife,Son,NA,NA,NA,NA,NA,NA,NA,NA,NA,70,64,33,NA,NA,NA,NA,NA,NA,NA,NA,NA,3,NA,0,0,10,32,552,2860,672,19.3006993,23.4965035,6,0.5,1.00 or less
3105288010-60976-011_3105288010-60976-012,Apartment,6,USA,USA,NA,NA,NA,NA,NA,NA,NA,NA,,,USA,USA,NA,NA,NA,NA,NA,NA,NA,NA,NA,NA,Head,Sister,Niece,NA,NA,NA,NA,NA,NA,NA,NA,NA,NA,NA,NA,NA,NA,NA,NA,NA,NA,NA,NA,NA,3,NA,0,0,14,NA,648.6,NA,648.6,NA,NA,6,0.5,1.00 or less
3105288010-60976-013_3105288010-60976-014,Apartment,6,PR,USA,USA,USA,NA,NA,NA,NA,NA,NA,,,PR,USA,USA,USA,NA,NA,NA,NA,NA,NA,NA,NA,H,Wife,Daughter,Daughter,NA,NA,NA,NA,NA,NA,NA,NA,31,28,6,5,NA,NA,NA,NA,NA,NA,NA,NA,4,NA,1,4,1.333333333,9,885,5160,993,17.15116279,19.24418605,6,0.666666667,1.00 or less
3105288010-60976-015_3105288010-60976-016,NA,3,USA,WestInd,NA,NA,NA,NA,NA,NA,NA,NA,,,USA,Caribbean,NA,NA,NA,NA,NA,NA,NA,NA,NA,NA,Head,Mother,NA,NA,NA,NA,NA,NA,NA,NA,NA,NA,30,69,NA,NA,NA,NA,NA,NA,NA,NA,NA,NA,2,White,0,0,NA,NA,384,NA,444,NA,NA,3,0.666666667,1.00 or less
3105288010-60976-017_3105288010-60976-018,NA,6,USA,USA,USA,NA,NA,NA,NA,NA,NA,NA,,,USA,USA,USA,NA,NA,NA,NA,NA,NA,NA,NA,NA,Head,Son,Daughter,NA,NA,NA,NA,NA,NA,NA,NA,NA,56,28,23,NA,NA,NA,NA,NA,NA,NA,NA,NA,3,NA,0,0,13,56,621,1612,861,38.5235732,53.41191067,6,0.5,1.00 or less
3105288010-60976-019_3105288010-60976-020,Apartment,6,PR,PR,PR,PR,PR,USA,USA,NA,NA,NA,,,PR,PR,PR,PR,PR,USA,USA,NA,NA,NA,NA,NA,H,Wife,Daughter,Daughter,Daughter,Son,Son,NA,NA,NA,NA,NA,45,43,18,15,16,7,6,NA,NA,NA,NA,NA,7,NA,1,7,0.5,8,682.2,4836,772.2,14.10669975,15.96774194,6,1.166666667,1.01 to 1.50
3105288010-60976-021_3105288010-60976-022,Apartment,4,PR,PR,NA,NA,NA,NA,NA,NA,NA,NA,,,PR,PR,NA,NA,NA,NA,NA,NA,NA,NA,NA,NA,M,Son,NA,NA,NA,NA,NA,NA,NA,NA,NA,NA,64,18,NA,NA,NA,NA,NA,NA,NA,NA,NA,NA,2,Puerto Rican,1,2,2,8,496.8,NA,580.8,NA,NA,4,0.5,1.00 or less
3105288010-60976-023_3105288010-60976-024,Apartment,3,PR,PR,PR,NA,NA,NA,NA,NA,NA,NA,,,PR,PR,PR,NA,NA,NA,NA,NA,NA,NA,NA,NA,Wife,H,Son,NA,NA,NA,NA,NA,NA,NA,NA,NA,44,29,13,NA,NA,NA,NA,NA,NA,NA,NA,NA,3,Puerto Rican,1,3,2,12,528.36,4940,612.36,10.69554656,12.39595142,3,1,1.00 or less
3105291390-60977-001_3105291390-60977-002,Apartment,4,Romania,Romania,NA,NA,NA,NA,NA,NA,NA,NA,,,Europe,Europe,NA,NA,NA,NA,NA,NA,NA,NA,NA,NA,H,M,NA,NA,NA,NA,NA,NA,NA,NA,NA,NA,44,67,NA,NA,NA,NA,NA,NA,NA,NA,NA,NA,2,White,0,0,7,8,276,2288,276,12.06293706,12.06293706,4,0.5,1.00 or less
3105291390-60977-003_3105291390-60977-004,Apartment,4,Italy,USA,USA,NA,NA,NA,NA,NA,NA,NA,,,Europe,USA,USA,NA,NA,NA,NA,NA,NA,NA,NA,NA,H,Wife,Son,NA,NA,NA,NA,NA,NA,NA,NA,NA,50,50,19,NA,NA,NA,NA,NA,NA,NA,NA,NA,3,White,0,0,16,25,303.6,NA,507.6,NA,NA,4,0.75,1.00 or less
3105291390-60977-005_3105291390-60977-006,Apartment,4,NA,NA,NA,NA,NA,NA,NA,NA,NA,NA,,,NA,NA,NA,NA,NA,NA,NA,NA,NA,NA,NA,NA,NA,NA,NA,NA,NA,NA,NA,NA,NA,NA,NA,NA,70,NA,NA,NA,NA,NA,NA,NA,NA,NA,NA,NA,1,White,0,0,10,27,303.6,4160,363.6,7.298076923,8.740384615,4,0.25,1.00 or less
3105291390-60977-007_3105291390-60977-008,Apartment,4,USA,USA,USA,NA,NA,NA,NA,NA,NA,NA,,,USA,USA,USA,NA,NA,NA,NA,NA,NA,NA,NA,NA,Husband,Wife,Son,NA,NA,NA,NA,NA,NA,NA,NA,NA,67,63,38,NA,NA,NA,NA,NA,NA,NA,NA,NA,3,White,0,0,17,67,303.6,3800,380.4,7.989473684,10.01052632,4,0.75,1.00 or less
3105291390-60977-009_3105291390-60977-010,Apartment,4,Germany,USA,Germany,NA,NA,NA,NA,NA,NA,NA,,,Europe,USA,Europe,NA,NA,NA,NA,NA,NA,NA,NA,NA,Head,Son of 1,Friend,NA,NA,NA,NA,NA,NA,NA,NA,NA,55,33,57,NA,NA,NA,NA,NA,NA,NA,NA,NA,3,White,0,0,18,26,303.6,1820,303.6,16.68131868,16.68131868,4,0.75,1.00 or less
3105291390-60977-011_3105291390-60977-012,Apartment,4,Ireland,Ireland,NA,NA,NA,NA,NA,NA,NA,NA,,,Europe,Europe,NA,NA,NA,NA,NA,NA,NA,NA,NA,NA,Husband,Wife,NA,NA,NA,NA,NA,NA,NA,NA,NA,NA,61,66,NA,NA,NA,NA,NA,NA,NA,NA,NA,NA,2,White,0,0,21,39,317.4,3224,395.4,9.844913151,12.26426799,4,0.5,1.00 or less
3105291390-60977-013_3105291390-60977-014,Apartment,4,Austria,Italy,USA,USA,NA,NA,NA,NA,NA,NA,,,Europe,Europe,USA,USA,NA,NA,NA,NA,NA,NA,NA,NA,Father,Mother,Daughter,Daughter,NA,NA,NA,NA,NA,NA,NA,NA,48,32,9,4,NA,NA,NA,NA,NA,NA,NA,NA,4,White,0,0,10,29,303.6,3120,603.6,9.730769231,19.34615385,4,1,1.00 or less
3105291390-60977-015_3105291390-60977-016,Apartment,4,NA,NA,NA,NA,NA,NA,NA,NA,NA,NA,,,NA,NA,NA,NA,NA,NA,NA,NA,NA,NA,NA,NA,single,NA,NA,NA,NA,NA,NA,NA,NA,NA,NA,NA,NA,NA,NA,NA,NA,NA,NA,NA,NA,NA,NA,NA,1,White,0,0,21,21,317.4,NA,617.4,NA,NA,4,0.25,1.00 or less
3105291390-60977-017_3105291390-60977-018,NA,4,Austria,Austria,USA,USA,NA,NA,NA,NA,NA,NA,,,Europe,Europe,USA,USA,NA,NA,NA,NA,NA,NA,NA,NA,H,Wife,Daughter,Son,NA,NA,NA,NA,NA,NA,NA,NA,54,47,20,17,NA,NA,NA,NA,NA,NA,NA,NA,4,White,0,0,14,28,NA,4056,NA,NA,NA,4,1,1.00 or less
3105291390-60977-019_3105291390-60977-020,Apartment,4,USA,USA,USA,NA,NA,NA,NA,NA,NA,NA,,,USA,USA,USA,NA,NA,NA,NA,NA,NA,NA,NA,NA,Mother,Daughter,Grand Daughter,NA,NA,NA,NA,NA,NA,NA,NA,NA,65,27,14,NA,NA,NA,NA,NA,NA,NA,NA,NA,3,White,0,0,5,30,364.92,NA,964.92,NA,NA,4,0.75,1.00 or less
3105291390-60977-021_3105291390-60977-022,Apartment,4,USA,USA,USA,USA,NA,NA,NA,NA,NA,NA,,,USA,USA,USA,USA,NA,NA,NA,NA,NA,NA,NA,NA,Father,Mother,Daughter,Daughter in Law,NA,NA,NA,NA,NA,NA,NA,NA,61,59,33,17,NA,NA,NA,NA,NA,NA,NA,NA,4,White,0,0,18,59,317.4,2860,617.4,11.0979021,21.58741259,4,1,1.00 or less
3105291390-60977-023_3105291390-60977-024,Apartment,4,USA,USA,USA,NA,NA,NA,NA,NA,NA,NA,,,USA,USA,USA,NA,NA,NA,NA,NA,NA,NA,NA,NA,H,Son,Daughter,NA,NA,NA,NA,NA,NA,NA,NA,NA,38,11,7,NA,NA,NA,NA,NA,NA,NA,NA,NA,3,White,0,0,NA,NA,NA,NA,NA,NA,NA,4,0.75,1.00 or less
3105291390-60977-025_3105291390-60977-026,Apartment,4,USA,NA,NA,NA,NA,NA,NA,NA,NA,NA,,,USA,NA,NA,NA,NA,NA,NA,NA,NA,NA,NA,NA,single,NA,NA,NA,NA,NA,NA,NA,NA,NA,NA,NA,33,NA,NA,NA,NA,NA,NA,NA,NA,NA,NA,NA,1,White,0,0,4,4,401.64,2860,1121.64,14.04335664,39.21818182,4,0.25,1.00 or less
3105291390-60977-027_3105291390-60977-028,Apartment,4,NA,NA,NA,NA,NA,NA,NA,NA,NA,NA,,,NA,NA,NA,NA,NA,NA,NA,NA,NA,NA,NA,NA,single,NA,NA,NA,NA,NA,NA,NA,NA,NA,NA,NA,64,NA,NA,NA,NA,NA,NA,NA,NA,NA,NA,NA,1,White,0,0,20,20,303.6,NA,303.6,NA,NA,4,0.25,1.00 or less
3105291390-60977-029_3105291390-60977-030,Apartment,4,USA,USA,USA,NA,NA,NA,NA,NA,NA,NA,,,USA,USA,USA,NA,NA,NA,NA,NA,NA,NA,NA,NA,Father,Mother,Daughter,NA,NA,NA,NA,NA,NA,NA,NA,NA,24,24,2,NA,NA,NA,NA,NA,NA,NA,NA,NA,3,White,0,0,1,23,349.2,3380,649.2,10.33136095,19.20710059,4,0.75,1.00 or less
3105293794-60978-001_3105293794-60978-002,Apartment,6,Ireland,Ireland,USA,NA,NA,NA,NA,NA,NA,NA,,,Europe,Europe,USA,NA,NA,NA,NA,NA,NA,NA,NA,NA,NA,NA,Son,NA,NA,NA,NA,NA,NA,NA,NA,NA,62,64,28,NA,NA,NA,NA,NA,NA,NA,NA,NA,3,NA,0,0,35,40,345,4080,885,8.455882353,21.69117647,6,0.5,1.00 or less
3105293794-60978-003_3105293794-60978-004,Apartment,6,Holland,Trinidad,NA,NA,NA,NA,NA,NA,NA,NA,,,Europe,Caribbean,NA,NA,NA,NA,NA,NA,NA,NA,NA,NA,H,Wife,Sister of 2,NA,NA,NA,NA,NA,NA,NA,NA,NA,53,47,NA,NA,NA,NA,NA,NA,NA,NA,NA,NA,3,NA,0,0,2,28,392.16,NA,392.16,NA,NA,6,0.5,1.00 or less
3105293794-60978-005_3105293794-60978-006,Apartment,6,USA,USA,USA,USA,NA,NA,NA,NA,NA,NA,,,USA,USA,USA,USA,NA,NA,NA,NA,NA,NA,NA,NA,H,Wife,Son,Son,NA,NA,NA,NA,NA,NA,NA,NA,39,34,12,10,NA,NA,NA,NA,NA,NA,NA,NA,4,NA,0,0,5,39,354.72,6000,558.72,5.912,9.312,6,0.666666667,1.00 or less
3105293794-60978-007_3105293794-60978-008,Apartment,6,Italy,Italy,Italy,Italy,NA,NA,NA,NA,NA,NA,,,Europe,Europe,Europe,Europe,NA,NA,NA,NA,NA,NA,NA,NA,NA,NA,NA,NA,NA,NA,NA,NA,NA,NA,NA,NA,70,57,19,19,NA,NA,NA,NA,NA,NA,NA,NA,4,NA,0,0,5,5,292.2,5200,486,5.619230769,9.346153846,6,0.666666667,1.00 or less
3105293794-60978-009_3105293794-60978-010,Apartment,6,Ireland,USA,USA,NA,NA,NA,NA,NA,NA,NA,,,Europe,USA,USA,NA,NA,NA,NA,NA,NA,NA,NA,NA,Mother,Son,Daughter in Law,NA,NA,NA,NA,NA,NA,NA,NA,NA,78,44,43,NA,NA,NA,NA,NA,NA,NA,NA,NA,3,NA,0,0,40,52,358.8,3500,598.8,10.25142857,17.10857143,6,0.5,1.00 or less
3105293794-60978-011_3105293794-60978-012,Apartment,6,Germany,NA,NA,NA,NA,NA,NA,NA,NA,NA,,,Europe,NA,NA,NA,NA,NA,NA,NA,NA,NA,NA,NA,NA,NA,NA,NA,NA,NA,NA,NA,NA,NA,NA,NA,64,NA,NA,NA,NA,NA,NA,NA,NA,NA,NA,NA,1,NA,0,0,7,8,345,2080,345,16.58653846,16.58653846,6,0.166666667,1.00 or less
3105293794-60978-013_3105293794-60978-014,Apartment,6,Ireland,NA,NA,NA,NA,NA,NA,NA,NA,NA,,,Europe,NA,NA,NA,NA,NA,NA,NA,NA,NA,NA,NA,Head,NA,NA,NA,NA,NA,NA,NA,NA,NA,NA,NA,68,NA,NA,NA,NA,NA,NA,NA,NA,NA,NA,NA,1,White,0,0,34,34,358.8,372,442.8,96.4516129,119.0322581,6,0.166666667,1.00 or less
3105293794-60978-015_3105293794-60978-016,Apartment,6,USA,USA,USA,USA,USA,NA,NA,NA,NA,NA,,,USA,USA,USA,USA,USA,NA,NA,NA,NA,NA,NA,NA,NA,NA,Son,Son,Son,NA,NA,NA,NA,NA,NA,NA,45,51,22,20,13,NA,NA,NA,NA,NA,NA,NA,5,NA,0,0,9,40,NA,4160,NA,NA,NA,6,0.833333333,1.00 or less
3105293794-60978-017_3105293794-60978-018,Apartment,6,Ireland,NA,NA,NA,NA,NA,NA,NA,NA,NA,,,Europe,NA,NA,NA,NA,NA,NA,NA,NA,NA,NA,NA,H,NA,NA,NA,NA,NA,NA,NA,NA,NA,NA,NA,NA,NA,NA,NA,NA,NA,NA,NA,NA,NA,NA,NA,1,NA,0,0,NA,NA,358.8,NA,358.8,NA,NA,6,0.166666667,1.00 or less
3105293794-60978-019_3105293794-60978-020,Apartment,6,USA,USA,USA,USA,USA,NA,NA,NA,NA,NA,,,USA,USA,USA,USA,USA,NA,NA,NA,NA,NA,NA,NA,H,Wife,Son,Son,Son,NA,NA,NA,NA,NA,NA,NA,46,37,16,13,12,NA,NA,NA,NA,NA,NA,NA,5,White,0,0,13,45,345,5800,489,5.948275862,8.431034483,6,0.833333333,1.00 or less
3105296384-60979-001_3105296384-60979-002,Apartment,4,PR,PR,PR,PR,PR,USA,NA,NA,NA,NA,,,PR,PR,PR,PR,PR,USA,NA,NA,NA,NA,NA,NA,Husband,Wife,Daughter,Son,Daughter,Cousin,NA,NA,NA,NA,NA,NA,39,NA,17,10,11,NA,NA,NA,NA,NA,NA,NA,6,Puerto Rican,1,6,0.25,7,476.04,4264,668.04,11.1641651,15.66697936,4,1.5,1.01 to 1.50
3105296384-60979-003_3105296384-60979-004,Apartment,4,PR,PR,NA,NA,NA,NA,NA,NA,NA,NA,,,PR,PR,NA,NA,NA,NA,NA,NA,NA,NA,NA,NA,Head,Wife,NA,NA,NA,NA,NA,NA,NA,NA,NA,NA,27,21,NA,NA,NA,NA,NA,NA,NA,NA,NA,NA,2,Puerto Rican,1,2,NA,NA,487.2,7072,559.2,6.889140271,7.907239819,4,0.5,1.00 or less
3105296384-60979-005_3105296384-60979-006,Apartment,4,USA,USA,USA,USA,NA,NA,NA,NA,NA,NA,,,USA,USA,USA,USA,NA,NA,NA,NA,NA,NA,NA,NA,NA,NA,NA,NA,NA,NA,NA,NA,NA,NA,NA,NA,58,53,28,16,NA,NA,NA,NA,NA,NA,NA,NA,4,White,0,0,16,58,372,2496,528,14.90384615,21.15384615,4,1,1.00 or less
3105296384-60979-007_3105296384-60979-008,Apartment,4,USA,USA,USA,USA,USA,NA,NA,NA,NA,NA,,,USA,USA,USA,USA,USA,NA,NA,NA,NA,NA,NA,NA,Head,Son,Son,Daughter,Grand Child,NA,NA,NA,NA,NA,NA,NA,48,19,20,24,3,NA,NA,NA,NA,NA,NA,NA,5,White,0,0,17,31,379.8,2912,523.8,13.04258242,17.98763736,4,1.25,1.01 to 1.50
3105296384-60979-009_3105296384-60979-010,Apartment,4,PR,PR,PR,PR,PR,NA,NA,NA,NA,NA,,,PR,PR,PR,PR,PR,NA,NA,NA,NA,NA,NA,NA,Head,Wife,Daughter,Daughter,Daughter,NA,NA,NA,NA,NA,NA,NA,30,31,9,6,5,NA,NA,NA,NA,NA,NA,NA,5,Puerto Rican,1,5,6,6,483,3120,603,15.48076923,19.32692308,4,1.25,1.01 to 1.50
3105296384-60979-011_3105296384-60979-012,Apartment,4,USA,USA,USA,NA,NA,NA,NA,NA,NA,NA,,,USA,USA,USA,NA,NA,NA,NA,NA,NA,NA,NA,NA,NA,NA,NA,NA,NA,NA,NA,NA,NA,NA,NA,NA,NA,11,12,NA,NA,NA,NA,NA,NA,NA,NA,NA,3,White,0,0,13,NA,386.4,1200,458.4,32.2,38.2,4,0.75,1.00 or less
3105296384-60979-013_3105296384-60979-014,Apartment,4,PR,PR,USA,NA,NA,NA,NA,NA,NA,NA,,,PR,PR,USA,NA,NA,NA,NA,NA,NA,NA,NA,NA,Head,Wife,Daughter,NA,NA,NA,NA,NA,NA,NA,NA,NA,35,21,0,NA,NA,NA,NA,NA,NA,NA,NA,NA,3,Puerto Rican,1,3,10,10,520.2,2080,616.2,25.00961538,29.625,4,0.75,1.00 or less
3105296384-60979-015_3105296384-60979-016,NA,3,USA,USA,NA,NA,NA,NA,NA,NA,NA,NA,,,USA,USA,NA,NA,NA,NA,NA,NA,NA,NA,NA,NA,Head,Daughter,NA,NA,NA,NA,NA,NA,NA,NA,NA,NA,77,43,NA,NA,NA,NA,NA,NA,NA,NA,NA,NA,2,White,0,0,8,77,345,2080,489,16.58653846,23.50961538,3,0.666666667,1.00 or less
3105296384-60979-017_3105296384-60979-018,Apartment,4,USA,USA,USA,USA,USA,NA,NA,NA,NA,NA,,,USA,USA,USA,USA,USA,NA,NA,NA,NA,NA,NA,NA,Head,Wife,Son,Daughter,Daughter,NA,NA,NA,NA,NA,NA,NA,48,40,18,16,13,NA,NA,NA,NA,NA,NA,NA,5,White,0,0,15,48,414,2600,492,15.92307692,18.92307692,4,1.25,1.01 to 1.50
3105296384-60979-019_3105296384-60979-020,Apartment,4,PR,PR,USA,USA,USA,NA,NA,NA,NA,NA,,,PR,PR,USA,USA,USA,NA,NA,NA,NA,NA,NA,NA,NA,NA,NA,NA,NA,NA,NA,NA,NA,NA,NA,NA,47,40,19,17,14,NA,NA,NA,NA,NA,NA,NA,5,Oriental,1,5,22,28,386.4,3900,650.4,9.907692308,16.67692308,4,1.25,1.01 to 1.50
3105296384-60979-021_3105296384-60979-022,Apartment,4,Cuba,Germany,USA,USA,NA,NA,NA,NA,NA,NA,,,Caribbean,Europe,USA,USA,NA,NA,NA,NA,NA,NA,NA,NA,NA,NA,NA,NA,NA,NA,NA,NA,NA,NA,NA,NA,51,51,19,15,NA,NA,NA,NA,NA,NA,NA,NA,4,NA,0,0,14,34,400.2,6049.16,673.2,6.61579459,11.12881789,4,1,1.00 or less
3105296384-60979-023_3105296384-60979-024,Apartment,4,USA,USA,USA,USA,NA,NA,NA,NA,NA,NA,,,USA,USA,USA,USA,NA,NA,NA,NA,NA,NA,NA,NA,NA,NA,NA,NA,NA,NA,NA,NA,NA,NA,NA,NA,41,39,11,11,NA,NA,NA,NA,NA,NA,NA,NA,4,NA,0,0,12,41,358.8,3000,436.8,11.96,14.56,4,1,1.00 or less
3105296384-60979-025_3105296384-60979-026,NA,4,Malta,Malta,Malta,Malta,USA,NA,NA,NA,NA,NA,,,Europe,Europe,Europe,Europe,USA,NA,NA,NA,NA,NA,NA,NA,Head,Wife,Daughter,Son,Daughter,NA,NA,NA,NA,NA,NA,NA,34,31,8,6,5,NA,NA,NA,NA,NA,NA,NA,5,White,0,0,4,6,428.4,3796,692.4,11.28556375,18.2402529,4,1.25,1.01 to 1.50
3105296384-60979-027_3105296384-60979-028,Apartment,4,PR,PR,PR,USA,USA,USA,PR,NA,NA,NA,,,PR,PR,PR,USA,USA,USA,PR,NA,NA,NA,NA,NA,Head,Wife,Daughter,Son,Son,Son,Mother,NA,NA,NA,NA,NA,49,38,18,12,9,3,66,NA,NA,NA,NA,NA,7,Puerto Rican,1,7,12,12,NA,5980,NA,NA,NA,4,1.75,1.51 or more
3105296384-60979-029_3105296384-60979-030,Apartment,4,USA,USA,USA,USA,NA,NA,NA,NA,NA,NA,,,USA,USA,USA,USA,NA,NA,NA,NA,NA,NA,NA,NA,Head,Wife,Daughter,Daughter,NA,NA,NA,NA,NA,NA,NA,NA,33,29,7,2,NA,NA,NA,NA,NA,NA,NA,NA,4,White,0,0,12,33,404.4,1872,500.4,21.6025641,26.73076923,4,1,1.00 or less
3105296384-60979-031_3105296384-60979-032,Apartment,4,USA,NA,NA,NA,NA,NA,NA,NA,NA,NA,,,USA,NA,NA,NA,NA,NA,NA,NA,NA,NA,NA,NA,Head,NA,NA,NA,NA,NA,NA,NA,NA,NA,NA,NA,53,NA,NA,NA,NA,NA,NA,NA,NA,NA,NA,NA,1,White,0,0,15,45,424.2,3120,424.2,13.59615385,13.59615385,4,0.25,1.00 or less
3105298148-60980-001_3105298148-60980-002,Apartment,6,PR,PR,USA,USA,NA,NA,NA,NA,NA,NA,,,PR,PR,USA,USA,NA,NA,NA,NA,NA,NA,NA,NA,Head,Wife,Daughter,Son,NA,NA,NA,NA,NA,NA,NA,NA,39,26,5,3,NA,NA,NA,NA,NA,NA,NA,NA,4,NA,1,4,6,6,580.8,2704,664.8,21.47928994,24.58579882,6,0.666666667,1.00 or less
3105298148-60980-003_3105298148-60980-004,Apartment,6,NA,NA,NA,NA,NA,NA,NA,NA,NA,NA,,,NA,NA,NA,NA,NA,NA,NA,NA,NA,NA,NA,NA,H,Daughter,Daughter,Daughter,Daughter,NA,NA,NA,NA,NA,NA,NA,NA,NA,NA,NA,NA,NA,NA,NA,NA,NA,NA,NA,5,NA,0,0,NA,NA,NA,NA,NA,NA,NA,6,0.833333333,1.00 or less
3105298148-60980-005_3105298148-60980-006,Apartment,6,USA,USA,USA,USA,NA,NA,NA,NA,NA,NA,,,USA,USA,USA,USA,NA,NA,NA,NA,NA,NA,NA,NA,H,Daughter,Grand Son,Daughter,Grand Daughter,Grand Daughter,Grand Daughter,Grand Daughter,NA,NA,NA,NA,56,19,16,30,NA,NA,NA,NA,NA,NA,NA,NA,8,NA,0,0,15,56,444.36,NA,780.36,NA,NA,6,1.333333333,1.01 to 1.50
3105298148-60980-007_3105298148-60980-008,Apartment,6,USA,USA,USA,USA,NA,NA,NA,NA,NA,NA,,,USA,USA,USA,USA,NA,NA,NA,NA,NA,NA,NA,NA,Head,Daughter,Daughter,Son,NA,NA,NA,NA,NA,NA,NA,NA,48,12,19,27,NA,NA,NA,NA,NA,NA,NA,NA,4,White,0,0,15,48,380.88,3640,470.88,10.46373626,12.93626374,6,0.666666667,1.00 or less
3105298148-60980-009_3105298148-60980-010,Rooming,6,PR,NA,PR,PR,USA,USA,NA,NA,NA,NA,,,PR,NA,PR,PR,USA,USA,NA,NA,NA,NA,NA,NA,Head,Wife,Daughter,Son,Daughter,Son,NA,NA,NA,NA,NA,NA,31,32,8,6,4,2,NA,NA,NA,NA,NA,NA,6,NA,1,6,4,8,552,2352,804,23.46938776,34.18367347,6,1,1.00 or less
3105298148-60980-011_3105298148-60980-012,Apartment,6,USA,USA,USA,NA,NA,NA,NA,NA,NA,NA,,,USA,USA,USA,NA,NA,NA,NA,NA,NA,NA,NA,NA,H,Wife,Daughter,NA,NA,NA,NA,NA,NA,NA,NA,NA,24,29,4,NA,NA,NA,NA,NA,NA,NA,NA,NA,3,NA,0,0,4,24,471.84,2600,471.84,18.14769231,18.14769231,6,0.5,1.00 or less
3105298148-60980-013_3105298148-60980-014,Apartment,6,PR,PR,PR,PR,USA,NA,NA,NA,NA,NA,,,PR,PR,PR,PR,USA,NA,NA,NA,NA,NA,NA,NA,H,Wife,Son,Son,Son,NA,NA,NA,NA,NA,NA,NA,30,29,11,8,1,NA,NA,NA,NA,NA,NA,NA,5,Puerto Rican,1,5,4.5,9,500.28,4600,620.28,10.87565217,13.48434783,6,0.833333333,1.00 or less
3105298148-60980-015_3105298148-60980-016,Apartment,6,PR,PR,PR,PR,USA,USA,NA,NA,NA,NA,,,PR,PR,PR,PR,USA,USA,NA,NA,NA,NA,NA,NA,Head,Wife,Daughter,Son,Son,Daughter,NA,NA,NA,NA,NA,NA,37,30,15,9,7,6,NA,NA,NA,NA,NA,NA,6,NA,1,6,5,9,480,4836,612,9.925558313,12.65508685,6,1,1.00 or less
3105298148-60980-017_3105298148-60980-018,Apartment,6,PR,PR,PR,PR,USA,NA,NA,NA,NA,NA,,,PR,PR,PR,PR,USA,NA,NA,NA,NA,NA,NA,NA,H,Wife,Daughter,Son,Son,NA,NA,NA,NA,NA,NA,NA,42,36,19,15,11,NA,NA,NA,NA,NA,NA,NA,5,Puerto Rican,1,5,14,14,NA,8060,NA,NA,NA,6,0.833333333,1.00 or less
3105298148-60980-019_3105298148-60980-020,Apartment,6,USA,USA,USA,USA,NA,NA,NA,NA,NA,NA,,,USA,USA,USA,USA,NA,NA,NA,NA,NA,NA,NA,NA,NA,NA,NA,NA,NA,NA,NA,NA,NA,NA,NA,NA,51,27,24,23,NA,NA,NA,NA,NA,NA,NA,NA,4,NA,0,0,15,51,415.08,7176,1015.08,5.784280936,14.14548495,6,0.666666667,1.00 or less
3105298148-60980-021_3105298148-60980-022,Apartment,6,Ireland,Ireland,USA,NA,NA,NA,NA,NA,NA,NA,,,Europe,Europe,USA,NA,NA,NA,NA,NA,NA,NA,NA,NA,H,Wife,Son,NA,NA,NA,NA,NA,NA,NA,NA,NA,57,58,23,NA,NA,NA,NA,NA,NA,NA,NA,NA,3,White,0,0,14,38,412.68,5312,616.68,7.768825301,11.60918675,6,0.5,1.00 or less
3105300183-60981-001_3105300183-60981-002,Apartment,4,PR,PR,PR,PR,PR,NA,NA,NA,NA,NA,,,PR,PR,PR,PR,PR,NA,NA,NA,NA,NA,NA,NA,Head,Wife,Daughter,Daughter,Daughter,NA,NA,NA,NA,NA,NA,NA,44,35,17,15,13,NA,NA,NA,NA,NA,NA,NA,5,Puerto Rican,1,5,2,2,792,3536,876,22.39819005,24.77375566,4,1.25,1.01 to 1.50
3105300183-60981-003_3105300183-60981-004,Apartment,4,USA,USA,USA,USA,USA,USA,NA,NA,NA,NA,,,USA,USA,USA,USA,USA,USA,NA,NA,NA,NA,NA,NA,NA,NA,NA,NA,NA,NA,NA,NA,NA,NA,NA,NA,40,36,12,16,10,9,NA,NA,NA,NA,NA,NA,6,White,0,0,3,19,450,6708,715.8,6.708407871,10.67084079,4,1.5,1.01 to 1.50
3105300183-60981-005_3105300183-60981-006,Apartment,4,USA,Italy,USA,USA,NA,NA,NA,NA,NA,NA,,,USA,Europe,USA,USA,NA,NA,NA,NA,NA,NA,NA,NA,H,Wife,Daughter,Daughter,NA,NA,NA,NA,NA,NA,NA,NA,50,46,12,11,NA,NA,NA,NA,NA,NA,NA,NA,4,White,0,0,20,38,414,4510,414,9.179600887,9.179600887,4,1,1.00 or less
3105300183-60981-007_3105300183-60981-008,Apartment,4,PR,PR,PR,USA,NA,NA,NA,NA,NA,NA,,,PR,PR,PR,USA,NA,NA,NA,NA,NA,NA,NA,NA,H,Wife,Daughter,Son,NA,NA,NA,NA,NA,NA,NA,NA,40,39,15,12,NA,NA,NA,NA,NA,NA,NA,NA,4,Puerto Rican,1,4,14,16,414,6448,534,6.420595533,8.281637717,4,1,1.00 or less
3105300183-60981-009_3105300183-60981-010,NA,4,Greece,USA,NA,NA,NA,NA,NA,NA,NA,NA,,,Europe,USA,NA,NA,NA,NA,NA,NA,NA,NA,NA,NA,H,Wife,Son,NA,NA,NA,NA,NA,NA,NA,NA,NA,50,50,10,NA,NA,NA,NA,NA,NA,NA,NA,NA,3,White,0,0,5,45,NA,NA,NA,NA,NA,4,0.75,1.00 or less
3105300183-60981-011_3105300183-60981-012,Apartment,4,Ireland,Ireland,NA,NA,NA,NA,NA,NA,NA,NA,,,Europe,Europe,NA,NA,NA,NA,NA,NA,NA,NA,NA,NA,H,Wife,NA,NA,NA,NA,NA,NA,NA,NA,NA,NA,81,82,NA,NA,NA,NA,NA,NA,NA,NA,NA,NA,2,White,0,0,30,52,NA,1247.4,NA,NA,NA,4,0.5,1.00 or less
3105300183-60981-013_3105300183-60981-014,Apartment,4,USA,NA,NA,NA,NA,NA,NA,NA,NA,NA,,,USA,NA,NA,NA,NA,NA,NA,NA,NA,NA,NA,NA,H,NA,NA,NA,NA,NA,NA,NA,NA,NA,NA,NA,38,NA,NA,NA,NA,NA,NA,NA,NA,NA,NA,NA,1,White,0,0,2,17,516,3380,576,15.26627219,17.04142012,4,0.25,1.00 or less
3105300183-60981-015_3105300183-60981-016,Apartment,4,USA,NA,NA,NA,NA,NA,NA,NA,NA,NA,,,USA,NA,NA,NA,NA,NA,NA,NA,NA,NA,NA,NA,Head,NA,NA,NA,NA,NA,NA,NA,NA,NA,NA,NA,29,NA,NA,NA,NA,NA,NA,NA,NA,NA,NA,NA,1,White,0,0,0.75,1.5,600,4680,642,12.82051282,13.71794872,4,0.25,1.00 or less
3105300183-60981-017_3105300183-60981-018,Apartment,4,PR,PR,PR,NA,NA,NA,NA,NA,NA,NA,,,PR,PR,PR,NA,NA,NA,NA,NA,NA,NA,NA,NA,Wife,H,Daughter,NA,NA,NA,NA,NA,NA,NA,NA,NA,44,33,9,NA,NA,NA,NA,NA,NA,NA,NA,NA,3,Puerto Rican,1,3,NA,NA,521.76,4654,521.76,11.21100129,11.21100129,4,0.75,1.00 or less
3105300183-60981-019_3105300183-60981-020,Apartment,4,USA,USA,NA,NA,NA,NA,NA,NA,NA,NA,,,USA,USA,NA,NA,NA,NA,NA,NA,NA,NA,NA,NA,H,Son,NA,NA,NA,NA,NA,NA,NA,NA,NA,NA,51,22,NA,NA,NA,NA,NA,NA,NA,NA,NA,NA,2,White,0,0,15,38,426.6,496.8,504.6,85.86956522,101.5700483,4,0.5,1.00 or less
3105300183-60981-021_3105300183-60981-022,Apartment,4,USA,USA,USA,NA,NA,NA,NA,NA,NA,NA,,,USA,USA,USA,NA,NA,NA,NA,NA,NA,NA,NA,NA,NA,NA,NA,NA,NA,NA,NA,NA,NA,NA,NA,NA,64,60,37,NA,NA,NA,NA,NA,NA,NA,NA,NA,3,White,0,0,40,64,441.6,NA,441.6,NA,NA,4,0.75,1.00 or less
3105300183-60981-023_3105300183-60981-024,Apartment,4,USA,USA,NA,NA,NA,NA,NA,NA,NA,NA,,,USA,USA,NA,NA,NA,NA,NA,NA,NA,NA,NA,NA,H,Friend,NA,NA,NA,NA,NA,NA,NA,NA,NA,NA,31,30,NA,NA,NA,NA,NA,NA,NA,NA,NA,NA,2,White,0,0,1.5,5,690,NA,762,NA,NA,4,0.5,1.00 or less
3105300183-60981-025_3105300183-60981-026,Apartment,4,USA,NA,NA,NA,NA,NA,NA,NA,NA,NA,,,USA,NA,NA,NA,NA,NA,NA,NA,NA,NA,NA,NA,NA,NA,NA,NA,NA,NA,NA,NA,NA,NA,NA,NA,29,NA,NA,NA,NA,NA,NA,NA,NA,NA,NA,NA,1,Negro,0,0,1.5,3,665.16,7000,665.16,9.502285714,9.502285714,4,0.25,1.00 or less
3105300183-60981-027_3105300183-60981-028,Apartment,4,USA,USA,NA,NA,NA,NA,NA,NA,NA,NA,,,USA,USA,NA,NA,NA,NA,NA,NA,NA,NA,NA,NA,Head,Friend,NA,NA,NA,NA,NA,NA,NA,NA,NA,NA,48,41,NA,NA,NA,NA,NA,NA,NA,NA,NA,NA,2,White,0,0,5,13,600,10400,600,5.769230769,5.769230769,4,0.5,1.00 or less
3105300183-60981-029_3105300183-60981-030,NA,4,Austria,Austria,USA,NA,NA,NA,NA,NA,NA,NA,,,Europe,Europe,USA,NA,NA,NA,NA,NA,NA,NA,NA,NA,Head,Wife,Son,NA,NA,NA,NA,NA,NA,NA,NA,NA,71,61,26,NA,NA,NA,NA,NA,NA,NA,NA,NA,3,White,0,0,10,50,552,3380,888,16.33136095,26.27218935,4,0.75,1.00 or less
3105302993-60982-001_3105302993-60982-002,Apartment,6,NA,NA,NA,NA,NA,NA,NA,NA,NA,NA,,,NA,NA,NA,NA,NA,NA,NA,NA,NA,NA,NA,NA,H,Wife,Daughter,Daughter,Daughter,Daughter,Daughter,Son,Son,NA,NA,NA,NA,NA,NA,NA,NA,NA,NA,NA,NA,NA,NA,NA,9,NA,0,0,NA,NA,456.24,NA,456.24,NA,NA,6,1.5,1.01 to 1.50
3105302993-60982-003_3105302993-60982-004,Apartment,6,PR,PR,PR,PR,PR,PR,PR,PR,PR,NA,,,PR,PR,PR,PR,PR,PR,PR,PR,PR,NA,NA,NA,Head,Wife,Son,Daughter,Daughter,Daughter,Son,Daughter,Daughter,NA,NA,NA,55,40,21,19,16,14,12,11,20,NA,NA,NA,9,NA,1,9,NA,NA,456.24,4420,570.24,10.32217195,12.90135747,6,1.5,1.01 to 1.50
3105302993-60982-005_3105302993-60982-006,Apartment,6,PR,PR,PR,PR,PR,PR,PR,PR,PR,PR,USA,USA,PR,PR,PR,PR,PR,PR,PR,PR,PR,PR,USA,USA,Husband,Wife,Son,Son,Daughter,Son,Son,Daughter,Daughter,Son,Son,Son,36,31,13,11,10,9,7,6,4,3,2,1,10,NA,1,10,NA,NA,456.24,2392,576.24,19.0735786,24.090301,6,1.666666667,1.51 or more
3105302993-60982-007_3105302993-60982-008,Apartment,6,Cuba,USA,USA,USA,Cuba,NA,NA,NA,NA,NA,,,Caribbean,USA,USA,USA,Caribbean,NA,NA,NA,NA,NA,NA,NA,Head,Wife,Son,Daughter,Mother,NA,NA,NA,NA,NA,NA,NA,40,33,3,1,70,NA,NA,NA,NA,NA,NA,NA,4,other,0,0,4,8,419.76,NA,527.76,NA,NA,6,0.666666667,1.00 or less
3105302993-60982-009_3105302993-60982-010,Apartment,6,PR,PR,PR,PR,NA,NA,NA,NA,NA,NA,,,PR,PR,PR,PR,NA,NA,NA,NA,NA,NA,NA,NA,Head,Husband,Mother,Grand Son,NA,NA,NA,NA,NA,NA,NA,NA,60,70,86,18,NA,NA,NA,NA,NA,NA,NA,NA,4,Puerto Rican,1,4,2,16,456.24,1758.4,588.24,25.94631483,33.45313922,6,0.666666667,1.00 or less
3105302993-60982-011_3105302993-60982-012,Apartment,6,PR,PR,USA,USA,USA,USA,NA,NA,NA,NA,,,PR,PR,USA,USA,USA,USA,NA,NA,NA,NA,NA,NA,NA,NA,NA,NA,NA,NA,NA,NA,NA,NA,NA,NA,28,28,5,4,3,1,NA,NA,NA,NA,NA,NA,6,NA,1,6,0.75,7,456.24,3432,948.24,13.29370629,27.62937063,6,1,1.00 or less
3105302993-60982-013_3105302993-60982-014,Apartment,6,USA,USA,NA,NA,NA,NA,NA,NA,NA,NA,,,USA,USA,NA,NA,NA,NA,NA,NA,NA,NA,NA,NA,Brother,Brother,NA,NA,NA,NA,NA,NA,NA,NA,NA,NA,41,39,NA,NA,NA,NA,NA,NA,NA,NA,NA,NA,2,NA,0,0,16,40,396.72,5500,396.72,7.213090909,7.213090909,6,0.333333333,1.00 or less
3105302993-60982-015_3105302993-60982-016,Apartment,6,England,USA,USA,USA,USA,Belgium,NA,NA,NA,NA,,,Europe,USA,USA,USA,USA,Europe,NA,NA,NA,NA,NA,NA,NA,NA,NA,NA,NA,NA,NA,NA,NA,NA,NA,NA,49,43,24,10,6,92,NA,NA,NA,NA,NA,NA,6,NA,0,0,19,46,396.72,5200,828.72,7.629230769,15.93692308,6,1,1.00 or less
3105302993-60982-017_3105302993-60982-018,Apartment,6,Cuba,Cuba,USA,USA,NA,NA,NA,NA,NA,NA,,,Caribbean,Caribbean,USA,USA,NA,NA,NA,NA,NA,NA,NA,NA,Head,Wife,Son,Mother in Law,NA,NA,NA,NA,NA,NA,NA,NA,34,26,4,51,NA,NA,NA,NA,NA,NA,NA,NA,4,other,0,0,3,3.5,456.24,5044,708.24,9.04520222,14.04123711,6,0.666666667,1.00 or less
3105302993-60982-019_3105302993-60982-020,Apartment,6,NA,NA,NA,NA,NA,NA,NA,NA,NA,NA,,,NA,NA,NA,NA,NA,NA,NA,NA,NA,NA,NA,NA,Head,Son,Son,Son,NA,NA,NA,NA,NA,NA,NA,NA,NA,NA,NA,NA,NA,NA,NA,NA,NA,NA,NA,NA,4,NA,0,0,NA,NA,NA,NA,NA,NA,NA,6,0.666666667,1.00 or less
3105302993-60982-021_3105302993-60982-022,Apartment,6,USA,Cuba,Cuba,Cuba,Cuba,NA,NA,NA,NA,NA,,,USA,Caribbean,Caribbean,Caribbean,Caribbean,NA,NA,NA,NA,NA,NA,NA,NA,NA,NA,NA,NA,NA,NA,NA,NA,NA,NA,NA,35,33,51,13,10,NA,NA,NA,NA,NA,NA,NA,5,White,0,0,1,11,584.4,3924,860.4,14.89296636,21.9266055,6,0.833333333,1.00 or less
3150219515-60966-001_3150219515-60966-002,Apartment,3,PR,PR,USA,USA,NA,NA,NA,NA,NA,NA,,,PR,PR,USA,USA,NA,NA,NA,NA,NA,NA,NA,NA,H,Wife,Daughter,Daughter,NA,NA,NA,NA,NA,NA,NA,NA,44,36,7,2,NA,NA,NA,NA,NA,NA,NA,NA,4,Puerto Rican,1,4,2,10,441.6,3848,525.6,11.47609148,13.65904366,3,1.333333333,1.01 to 1.50
3150219515-60966-003_3150219515-60966-004,Apartment,3,PR,PR,NA,NA,NA,NA,NA,NA,NA,NA,,,PR,PR,NA,NA,NA,NA,NA,NA,NA,NA,NA,NA,Head,Friend,NA,NA,NA,NA,NA,NA,NA,NA,NA,NA,29,12,NA,NA,NA,NA,NA,NA,NA,NA,NA,NA,2,Puerto Rican,1,2,8,8,493.32,2184,565.32,22.58791209,25.88461538,3,0.666666667,1.00 or less
3150219515-60966-005_3150219515-60966-006,Apartment,4,Hungary,Hungary,NA,NA,NA,NA,NA,NA,NA,NA,,,Europe,Europe,NA,NA,NA,NA,NA,NA,NA,NA,NA,NA,Head,Sister,NA,NA,NA,NA,NA,NA,NA,NA,NA,NA,71,68,NA,NA,NA,NA,NA,NA,NA,NA,NA,NA,2,NA,0,0,3,37,444.36,960,504.36,46.2875,52.5375,4,0.5,1.00 or less
3150219515-60966-007_3150219515-60966-008,Apartment,4,Hungary,NA,NA,NA,NA,NA,NA,NA,NA,NA,,,Europe,NA,NA,NA,NA,NA,NA,NA,NA,NA,NA,NA,H,NA,NA,NA,NA,NA,NA,NA,NA,NA,NA,NA,71,NA,NA,NA,NA,NA,NA,NA,NA,NA,NA,NA,1,NA,0,0,37,38,444.36,960,444.36,46.2875,46.2875,4,0.25,1.00 or less
3150219515-60966-009_3150219515-60966-010,Apartment,4,NA,NA,NA,NA,NA,NA,NA,NA,NA,NA,,,NA,NA,NA,NA,NA,NA,NA,NA,NA,NA,NA,NA,NA,NA,NA,NA,NA,NA,NA,NA,NA,NA,NA,NA,34,18,30,NA,NA,NA,NA,NA,NA,NA,NA,NA,3,Puerto Rican,1,3,1.5,2.5,444.36,3900,516.36,11.39384615,13.24,4,0.75,1.00 or less
3150219515-60966-011_3150219515-60966-012,Apartment,4,USA,USA,USA,USA,NA,NA,NA,NA,NA,NA,,,USA,USA,USA,USA,NA,NA,NA,NA,NA,NA,NA,NA,H,Wife,Son,Daughter,NA,NA,NA,NA,NA,NA,NA,NA,58,54,18,16,NA,NA,NA,NA,NA,NA,NA,NA,4,White,0,0,20,38,384,4160,486,9.230769231,11.68269231,4,1,1.00 or less
3150219515-60966-013_3150219515-60966-014,Apartment,3.5,USA,NA,NA,NA,NA,NA,NA,NA,NA,NA,,,USA,NA,NA,NA,NA,NA,NA,NA,NA,NA,NA,NA,NA,NA,NA,NA,NA,NA,NA,NA,NA,NA,NA,NA,27,NA,NA,NA,NA,NA,NA,NA,NA,NA,NA,NA,1,White,0,0,1,7,438,2080,438,21.05769231,21.05769231,3.5,0.285714286,1.00 or less
3150219515-60966-015_3150219515-60966-016,Apartment,3,Austria,NA,NA,NA,NA,NA,NA,NA,NA,NA,,,Europe,NA,NA,NA,NA,NA,NA,NA,NA,NA,NA,NA,Head,NA,NA,NA,NA,NA,NA,NA,NA,NA,NA,NA,70,NA,NA,NA,NA,NA,NA,NA,NA,NA,NA,NA,1,White,0,0,15,54,372,NA,441,NA,NA,3,0.333333333,1.00 or less
3150219515-60966-017_3150219515-60966-018,Apartment,4,USA,Ireland,NA,NA,NA,NA,NA,NA,NA,NA,,,USA,Europe,NA,NA,NA,NA,NA,NA,NA,NA,NA,NA,Daughter,Mother,NA,NA,NA,NA,NA,NA,NA,NA,NA,NA,46,72,NA,NA,NA,NA,NA,NA,NA,NA,NA,NA,2,White,0,0,13,45,474,4602,546,10.29986962,11.86440678,4,0.5,1.00 or less
3150219515-60966-019_3150219515-60966-020,Apartment,NA,PR,PR,NA,NA,NA,NA,NA,NA,NA,NA,,,PR,PR,NA,NA,NA,NA,NA,NA,NA,NA,NA,NA,Head,C/Husband,NA,NA,NA,NA,NA,NA,NA,NA,NA,NA,NA,NA,NA,NA,NA,NA,NA,NA,NA,NA,NA,NA,2,NA,1,2,NA,NA,NA,NA,NA,NA,NA,NA,NA,NA
3150219515-60966-021_3150219515-60966-022,Apartment,3,USA,NA,NA,NA,NA,NA,NA,NA,NA,NA,,,USA,NA,NA,NA,NA,NA,NA,NA,NA,NA,NA,NA,Head,NA,NA,NA,NA,NA,NA,NA,NA,NA,NA,NA,NA,NA,NA,NA,NA,NA,NA,NA,NA,NA,NA,NA,1,White,0,0,NA,NA,372,2964,372,12.55060729,12.55060729,3,0.333333333,1.00 or less
3150219515-60966-023_3150219515-60966-024,Apartment,4,USA,USA,USA,NA,NA,NA,NA,NA,NA,NA,,,USA,USA,USA,NA,NA,NA,NA,NA,NA,NA,NA,NA,Head,Son,Daughter,NA,NA,NA,NA,NA,NA,NA,NA,NA,40,18,17,NA,NA,NA,NA,NA,NA,NA,NA,NA,3,White,0,0,NA,NA,384,5460,504,7.032967033,9.230769231,4,0.75,1.00 or less
3150219515-60966-025_3150219515-60966-026,Apartment,3,NA,NA,NA,NA,NA,NA,NA,NA,NA,NA,,,NA,NA,NA,NA,NA,NA,NA,NA,NA,NA,NA,NA,H,NA,NA,NA,NA,NA,NA,NA,NA,NA,NA,NA,71,NA,NA,NA,NA,NA,NA,NA,NA,NA,NA,NA,1,White,0,0,14,51,345,793.2,393,43.49470499,49.54614221,3,0.333333333,1.00 or less
3150219515-60966-027_3150219515-60966-028,Apartment,3,Ireland,NA,NA,NA,NA,NA,NA,NA,NA,NA,,,Europe,NA,NA,NA,NA,NA,NA,NA,NA,NA,NA,NA,Head,NA,NA,NA,NA,NA,NA,NA,NA,NA,NA,NA,51,NA,NA,NA,NA,NA,NA,NA,NA,NA,NA,NA,1,White,0,0,27,27,321,4160,393,7.716346154,9.447115385,3,0.333333333,1.00 or less
3150219515-60966-029_3150219515-60966-030,Apartment,3,USA,NA,NA,NA,NA,NA,NA,NA,NA,NA,,,USA,NA,NA,NA,NA,NA,NA,NA,NA,NA,NA,NA,H,NA,NA,NA,NA,NA,NA,NA,NA,NA,NA,NA,59,NA,NA,NA,NA,NA,NA,NA,NA,NA,NA,NA,1,White,0,0,4,30,429,2184,429,19.64285714,19.64285714,3,0.333333333,1.00 or less
3150219515-60966-031_3150219515-60966-032,Apartment,4,Romania,NA,NA,NA,NA,NA,NA,NA,NA,NA,,,Europe,NA,NA,NA,NA,NA,NA,NA,NA,NA,NA,NA,NA,NA,NA,NA,NA,NA,NA,NA,NA,NA,NA,NA,66,NA,NA,NA,NA,NA,NA,NA,NA,NA,NA,NA,1,White,0,0,11,38,425.04,3432,425.04,12.38461538,12.38461538,4,0.25,1.00 or less
3150219515-60966-033_3150219515-60966-034,Apartment,3,Ireland,USA,NA,NA,NA,NA,NA,NA,NA,NA,,,Europe,USA,NA,NA,NA,NA,NA,NA,NA,NA,NA,NA,NA,Grand Daughter,NA,NA,NA,NA,NA,NA,NA,NA,NA,NA,67,14,NA,NA,NA,NA,NA,NA,NA,NA,NA,NA,2,White,0,0,NA,NA,345,1612,465,21.40198511,28.84615385,3,0.666666667,1.00 or less
3150219515-60966-035_3150219515-60966-036,Apartment,4,France,USA,NA,NA,NA,NA,NA,NA,NA,NA,,,Europe,USA,NA,NA,NA,NA,NA,NA,NA,NA,NA,NA,Head,Wife,NA,NA,NA,NA,NA,NA,NA,NA,NA,NA,52,50,NA,NA,NA,NA,NA,NA,NA,NA,NA,NA,2,White,0,0,20,22,372.6,3900,432.6,9.553846154,11.09230769,4,0.5,1.00 or less
3150219515-60966-037_3150219515-60966-038,Apartment,3,USA,USA,NA,NA,NA,NA,NA,NA,NA,NA,,,USA,USA,NA,NA,NA,NA,NA,NA,NA,NA,NA,NA,H,Wife,NA,NA,NA,NA,NA,NA,NA,NA,NA,NA,43,34,NA,NA,NA,NA,NA,NA,NA,NA,NA,NA,2,White,0,0,2,22,552,5200,624,10.61538462,12,3,0.666666667,1.00 or less
3150219515-60966-039_3150219515-60966-040,Apartment,4,USA,NA,NA,NA,NA,NA,NA,NA,NA,NA,,,USA,NA,NA,NA,NA,NA,NA,NA,NA,NA,NA,NA,H,NA,NA,NA,NA,NA,NA,NA,NA,NA,NA,NA,33,NA,NA,NA,NA,NA,NA,NA,NA,NA,NA,NA,1,White,0,0,4,5,540,4420,582,12.21719457,13.16742081,4,0.25,1.00 or less
3150219515-60966-041_3150219515-60966-042,Apartment,2.5,Cuba,USA,Cuba,NA,NA,NA,NA,NA,NA,NA,,,Caribbean,USA,Caribbean,NA,NA,NA,NA,NA,NA,NA,NA,NA,H,Daughter,M,NA,NA,NA,NA,NA,NA,NA,NA,NA,41,5,73,NA,NA,NA,NA,NA,NA,NA,NA,NA,3,NA,0,0,1,5,443.88,4000,503.88,11.097,12.597,2.5,1.2,1.01 to 1.50
3150219515-60966-043_3150219515-60966-044,Apartment,4,USA,USA,NA,NA,NA,NA,NA,NA,NA,NA,,,USA,USA,NA,NA,NA,NA,NA,NA,NA,NA,NA,NA,H,Son,NA,NA,NA,NA,NA,NA,NA,NA,NA,NA,36,16,NA,NA,NA,NA,NA,NA,NA,NA,NA,NA,2,White,0,0,1.5,20,561.96,1820,645.96,30.87692308,35.49230769,4,0.5,1.00 or less
3195236545-60983-001_3195236545-60983-002,NA,4,France,France,NA,NA,NA,NA,NA,NA,NA,NA,,,Europe,Europe,NA,NA,NA,NA,NA,NA,NA,NA,NA,NA,Head,Mother,NA,NA,NA,NA,NA,NA,NA,NA,NA,NA,50,71,NA,NA,NA,NA,NA,NA,NA,NA,NA,NA,2,NA,0,0,13,34,386.4,NA,386.4,NA,NA,4,0.5,1.00 or less
3195236545-60983-003_3195236545-60983-004,Apartment,4,USA,USA,NA,NA,NA,NA,NA,NA,NA,NA,,,USA,USA,NA,NA,NA,NA,NA,NA,NA,NA,NA,NA,NA,NA,NA,NA,NA,NA,NA,NA,NA,NA,NA,NA,46,18,NA,NA,NA,NA,NA,NA,NA,NA,NA,NA,2,NA,0,0,20,25,408,708,540,57.62711864,76.27118644,4,0.5,1.00 or less
3195236545-60983-005_3195236545-60983-006,Apartment,4,PR,USA,NA,NA,NA,NA,NA,NA,NA,NA,,,PR,USA,NA,NA,NA,NA,NA,NA,NA,NA,NA,NA,Mother,Son,NA,NA,NA,NA,NA,NA,NA,NA,NA,NA,26,6,26,NA,NA,NA,NA,NA,NA,NA,NA,NA,2,NA,1,2,1,11,587.4,3068,587.4,19.14602347,19.14602347,4,0.5,1.00 or less
3195236545-60983-007_3195236545-60983-008,Apartment,3,DR,DR,DR,DR,NA,NA,NA,NA,NA,NA,,,Caribbean,Caribbean,Caribbean,Caribbean,NA,NA,NA,NA,NA,NA,NA,NA,Head,Daughter,Sister,Brother,NA,NA,NA,NA,NA,NA,NA,NA,28,9,34,25,NA,NA,NA,NA,NA,NA,NA,NA,4,Puerto Rican mix,1,4,4,6,539.4,4524,635.4,11.92307692,14.04509284,3,1.333333333,1.01 to 1.50
3195236545-60983-009_3195236545-60983-010,Apartment,4,USA,Spain,USA,USA,NA,NA,NA,NA,NA,NA,,,USA,Europe,USA,USA,NA,NA,NA,NA,NA,NA,NA,NA,Head,Son in Law,Daughter,Grand Son,NA,NA,NA,NA,NA,NA,NA,NA,NA,63,37,15,NA,NA,NA,NA,NA,NA,NA,NA,4,NA,0,0,14,20,408,6619.6,516,6.163514412,7.795032933,4,1,1.00 or less
3195236545-60983-011_3195236545-60983-012,Apartment,4,Armenia,Armenia,NA,NA,NA,NA,NA,NA,NA,NA,,,Europe,Europe,NA,NA,NA,NA,NA,NA,NA,NA,NA,NA,H,Father,NA,NA,NA,NA,NA,NA,NA,NA,NA,NA,48,73,NA,NA,NA,NA,NA,NA,NA,NA,NA,NA,2,NA,0,0,9,20,408,2600,468,15.69230769,18,4,0.5,1.00 or less
3195236545-60983-013_3195236545-60983-014,Apartment,4,PR,PR,USA,USA,PR,NA,NA,NA,NA,NA,,,PR,PR,USA,USA,PR,NA,NA,NA,NA,NA,NA,NA,NA,NA,Son,Son,brother in law,NA,NA,NA,NA,NA,NA,NA,29,28,9,7,20,NA,NA,NA,NA,NA,NA,NA,5,NA,1,5,1,12,448.2,6552,588.84,6.840659341,8.987179487,4,1.25,1.01 to 1.50
3195236545-60983-015_3195236545-60983-016,Apartment,4,USA,USA,NA,NA,NA,NA,NA,NA,NA,NA,,,USA,USA,NA,NA,NA,NA,NA,NA,NA,NA,NA,NA,Head,Wife,NA,NA,NA,NA,NA,NA,NA,NA,NA,NA,60,65,NA,NA,NA,NA,NA,NA,NA,NA,NA,NA,2,NA,0,0,NA,NA,396,NA,516,NA,NA,4,0.5,1.00 or less
3195236545-60983-017_3195236545-60983-018,Apartment,4,Cuba,Cuba,Cuba,Cuba,NA,NA,NA,NA,NA,NA,,,Caribbean,Caribbean,Caribbean,Caribbean,NA,NA,NA,NA,NA,NA,NA,NA,NA,NA,Son,Son,NA,NA,NA,NA,NA,NA,NA,NA,52,44,16,22,NA,NA,NA,NA,NA,NA,NA,NA,4,NA,0,0,2,2,535.8,4264,723.72,12.56566604,16.9727955,4,1,1.00 or less
3195236545-60983-019_3195236545-60983-020,Apartment,4,PR,PR,USA,USA,USA,USA,USA,USA,NA,NA,,,PR,PR,USA,USA,USA,USA,USA,USA,NA,NA,NA,NA,NA,NA,NA,NA,NA,NA,NA,NA,NA,NA,NA,NA,43,34,16,14,11,13,6,4,NA,NA,NA,NA,8,NA,1,8,0.25,16,625.2,3640,625.2,17.17582418,17.17582418,4,2,1.51 or more
3195236545-60983-021_3195236545-60983-022,Apartment,4,PR,PR,NA,NA,NA,NA,NA,NA,NA,NA,,,PR,PR,NA,NA,NA,NA,NA,NA,NA,NA,NA,NA,Husband,Wife,NA,NA,NA,NA,NA,NA,NA,NA,NA,NA,50,46,NA,NA,NA,NA,NA,NA,NA,NA,NA,NA,2,NA,1,2,7,7,501,2600,669,19.26923077,25.73076923,4,0.5,1.00 or less
3195236545-60983-023_3195236545-60983-024,Apartment,4,Cuba,Cuba,NA,NA,NA,NA,NA,NA,NA,NA,,,Caribbean,Caribbean,NA,NA,NA,NA,NA,NA,NA,NA,NA,NA,Sister,Sister,NA,NA,NA,NA,NA,NA,NA,NA,NA,NA,43,53,NA,NA,NA,NA,NA,NA,NA,NA,NA,NA,2,NA,0,0,12,16,400.2,5200,400.2,7.696153846,7.696153846,4,0.5,1.00 or less
3195236545-60983-025_3195236545-60983-026,Apartment,4,PR,PR,USA,NA,NA,NA,NA,NA,NA,NA,,,PR,PR,USA,NA,NA,NA,NA,NA,NA,NA,NA,NA,Husband,Wife,Son,NA,NA,NA,NA,NA,NA,NA,NA,NA,49,53,26,NA,NA,NA,NA,NA,NA,NA,NA,NA,3,NA,1,3,0.75,32,559.8,2600,559.8,21.53076923,21.53076923,4,0.75,1.00 or less
3195263566-61020-001_3195263566-61020-002,Rooming,1,NA,NA,NA,NA,NA,NA,NA,NA,NA,NA,,,NA,NA,NA,NA,NA,NA,NA,NA,NA,NA,NA,NA,H,NA,NA,NA,NA,NA,NA,NA,NA,NA,NA,NA,NA,NA,NA,NA,NA,NA,NA,NA,NA,NA,NA,NA,1,NA,0,0,NA,NA,260,NA,260,NA,NA,1,1,1.00 or less
3195263566-61020-003_3195263566-61020-004,Rooming,1,NA,NA,NA,NA,NA,NA,NA,NA,NA,NA,,,NA,NA,NA,NA,NA,NA,NA,NA,NA,NA,NA,NA,NA,NA,NA,NA,NA,NA,NA,NA,NA,NA,NA,NA,NA,NA,NA,NA,NA,NA,NA,NA,NA,NA,NA,NA,NA,NA,0,NA,NA,NA,416,NA,416,NA,NA,NA,NA,NA
3195263566-61020-005_3195263566-61020-006,Rooming,1,NA,NA,NA,NA,NA,NA,NA,NA,NA,NA,,,NA,NA,NA,NA,NA,NA,NA,NA,NA,NA,NA,NA,H,NA,NA,NA,NA,NA,NA,NA,NA,NA,NA,NA,NA,NA,NA,NA,NA,NA,NA,NA,NA,NA,NA,NA,1,NA,0,0,NA,NA,468,NA,468,NA,NA,1,1,1.00 or less
3195263566-61020-007_3195263566-61020-008,Rooming,1,NA,NA,NA,NA,NA,NA,NA,NA,NA,NA,,,NA,NA,NA,NA,NA,NA,NA,NA,NA,NA,NA,NA,H,NA,NA,NA,NA,NA,NA,NA,NA,NA,NA,NA,NA,NA,NA,NA,NA,NA,NA,NA,NA,NA,NA,NA,1,NA,0,0,NA,NA,520,NA,520,NA,NA,1,1,1.00 or less
3195263566-61020-009_3195263566-61020-010,Rooming,1,NA,NA,NA,NA,NA,NA,NA,NA,NA,NA,,,NA,NA,NA,NA,NA,NA,NA,NA,NA,NA,NA,NA,H,NA,NA,NA,NA,NA,NA,NA,NA,NA,NA,NA,NA,NA,NA,NA,NA,NA,NA,NA,NA,NA,NA,NA,1,NA,0,0,NA,NA,239.2,NA,239.2,NA,NA,1,1,1.00 or less
3195263566-61020-011_3195263566-61020-012,Rooming,1,NA,NA,NA,NA,NA,NA,NA,NA,NA,NA,,,NA,NA,NA,NA,NA,NA,NA,NA,NA,NA,NA,NA,H,NA,NA,NA,NA,NA,NA,NA,NA,NA,NA,NA,NA,NA,NA,NA,NA,NA,NA,NA,NA,NA,NA,NA,1,NA,0,0,NA,NA,390,NA,390,NA,NA,1,1,1.00 or less
3195263566-61020-013_3195263566-61020-014,Apartment,1,NA,NA,NA,NA,NA,NA,NA,NA,NA,NA,,,NA,NA,NA,NA,NA,NA,NA,NA,NA,NA,NA,NA,H,NA,NA,NA,NA,NA,NA,NA,NA,NA,NA,NA,NA,NA,NA,NA,NA,NA,NA,NA,NA,NA,NA,NA,1,NA,0,0,NA,NA,416,NA,416,NA,NA,1,1,1.00 or less
3195263566-61020-015_3195263566-61020-016,Rooming,1,Canada,USA,NA,NA,NA,NA,NA,NA,NA,NA,,,Nrth. Am.,USA,NA,NA,NA,NA,NA,NA,NA,NA,NA,NA,H,Wife,NA,NA,NA,NA,NA,NA,NA,NA,NA,NA,58,48,NA,NA,NA,NA,NA,NA,NA,NA,NA,NA,2,Negro,0,0,10,28,520,3900,520,13.33333333,13.33333333,1,2,1.51 or more
3195263566-61020-017_3195263566-61020-018,Rooming,1,NA,NA,NA,NA,NA,NA,NA,NA,NA,NA,,,NA,NA,NA,NA,NA,NA,NA,NA,NA,NA,NA,NA,H,NA,NA,NA,NA,NA,NA,NA,NA,NA,NA,NA,NA,NA,NA,NA,NA,NA,NA,NA,NA,NA,NA,NA,1,NA,0,0,NA,NA,520,NA,520,NA,NA,1,1,1.00 or less
3195263566-61020-019_3195263566-61020-020,Rooming,1,NA,NA,NA,NA,NA,NA,NA,NA,NA,NA,,,NA,NA,NA,NA,NA,NA,NA,NA,NA,NA,NA,NA,H,NA,NA,NA,NA,NA,NA,NA,NA,NA,NA,NA,NA,NA,NA,NA,NA,NA,NA,NA,NA,NA,NA,NA,1,NA,0,0,NA,NA,520,NA,520,NA,NA,1,1,1.00 or less
3195263566-61020-021_3195263566-61020-022,Rooming,1,NA,NA,NA,NA,NA,NA,NA,NA,NA,NA,,,NA,NA,NA,NA,NA,NA,NA,NA,NA,NA,NA,NA,H,NA,NA,NA,NA,NA,NA,NA,NA,NA,NA,NA,NA,NA,NA,NA,NA,NA,NA,NA,NA,NA,NA,NA,1,NA,0,0,NA,NA,416,NA,416,NA,NA,1,1,1.00 or less
3195263566-61020-023_3195263566-61020-024,Rooming,1,NA,NA,NA,NA,NA,NA,NA,NA,NA,NA,,,NA,NA,NA,NA,NA,NA,NA,NA,NA,NA,NA,NA,H,NA,NA,NA,NA,NA,NA,NA,NA,NA,NA,NA,NA,NA,NA,NA,NA,NA,NA,NA,NA,NA,NA,NA,1,NA,0,0,NA,NA,416,NA,416,NA,NA,1,1,1.00 or less
3195263566-61020-025_3195263566-61020-026,Rooming,1,NA,NA,NA,NA,NA,NA,NA,NA,NA,NA,,,NA,NA,NA,NA,NA,NA,NA,NA,NA,NA,NA,NA,H,NA,NA,NA,NA,NA,NA,NA,NA,NA,NA,NA,NA,NA,NA,NA,NA,NA,NA,NA,NA,NA,NA,NA,1,NA,0,0,NA,NA,416,NA,416,NA,NA,1,1,1.00 or less
3195263566-61020-027_3195263566-61020-028,Rooming,1,NA,NA,NA,NA,NA,NA,NA,NA,NA,NA,,,NA,NA,NA,NA,NA,NA,NA,NA,NA,NA,NA,NA,H,NA,NA,NA,NA,NA,NA,NA,NA,NA,NA,NA,NA,NA,NA,NA,NA,NA,NA,NA,NA,NA,NA,NA,1,NA,0,0,NA,NA,416,NA,416,NA,NA,1,1,1.00 or less
3195263566-61020-029_3195263566-61020-030,Rooming,1,NA,NA,NA,NA,NA,NA,NA,NA,NA,NA,,,NA,NA,NA,NA,NA,NA,NA,NA,NA,NA,NA,NA,H,NA,NA,NA,NA,NA,NA,NA,NA,NA,NA,NA,NA,NA,NA,NA,NA,NA,NA,NA,NA,NA,NA,NA,1,NA,0,0,NA,NA,247,NA,247,NA,NA,1,1,1.00 or less
3195263566-61020-031_3195263566-61020-032,Rooming,NA,NA,NA,NA,NA,NA,NA,NA,NA,NA,NA,,,NA,NA,NA,NA,NA,NA,NA,NA,NA,NA,NA,NA,H,NA,NA,NA,NA,NA,NA,NA,NA,NA,NA,NA,NA,NA,NA,NA,NA,NA,NA,NA,NA,NA,NA,NA,1,NA,0,0,NA,NA,416,NA,416,NA,NA,NA,NA,NA
3195263566-61020-033_3195263566-61020-034,Rooming,1,NA,NA,NA,NA,NA,NA,NA,NA,NA,NA,,,NA,NA,NA,NA,NA,NA,NA,NA,NA,NA,NA,NA,H,NA,NA,NA,NA,NA,NA,NA,NA,NA,NA,NA,NA,NA,NA,NA,NA,NA,NA,NA,NA,NA,NA,NA,1,NA,0,0,NA,NA,416,NA,416,NA,NA,1,1,1.00 or less
3195263566-61020-035_3195263566-61020-036,Rooming,NA,NA,NA,NA,NA,NA,NA,NA,NA,NA,NA,,,NA,NA,NA,NA,NA,NA,NA,NA,NA,NA,NA,NA,H,NA,NA,NA,NA,NA,NA,NA,NA,NA,NA,NA,NA,NA,NA,NA,NA,NA,NA,NA,NA,NA,NA,NA,1,NA,0,0,NA,NA,468,NA,468,NA,NA,NA,NA,NA
3195275806-61021-001_3195275806-61021-002,Rooming,1,NA,NA,NA,NA,NA,NA,NA,NA,NA,NA,,,NA,NA,NA,NA,NA,NA,NA,NA,NA,NA,NA,NA,H,NA,NA,NA,NA,NA,NA,NA,NA,NA,NA,NA,NA,NA,NA,NA,NA,NA,NA,NA,NA,NA,NA,NA,1,NA,0,0,NA,NA,416,NA,416,NA,NA,1,1,1.00 or less
3195275806-61021-003_3195275806-61021-004,Rooming,1,NA,NA,NA,NA,NA,NA,NA,NA,NA,NA,,,NA,NA,NA,NA,NA,NA,NA,NA,NA,NA,NA,NA,H,NA,NA,NA,NA,NA,NA,NA,NA,NA,NA,NA,NA,NA,NA,NA,NA,NA,NA,NA,NA,NA,NA,NA,1,NA,0,0,NA,NA,NA,NA,NA,NA,NA,1,1,1.00 or less
3195275806-61021-005_3195275806-61021-006,Rooming,1,NA,NA,NA,NA,NA,NA,NA,NA,NA,NA,,,NA,NA,NA,NA,NA,NA,NA,NA,NA,NA,NA,NA,H,NA,NA,NA,NA,NA,NA,NA,NA,NA,NA,NA,NA,NA,NA,NA,NA,NA,NA,NA,NA,NA,NA,NA,1,NA,0,0,NA,NA,416,NA,416,NA,NA,1,1,1.00 or less
3195275806-61021-007_3195275806-61021-008,Rooming,1,NA,NA,NA,NA,NA,NA,NA,NA,NA,NA,,,NA,NA,NA,NA,NA,NA,NA,NA,NA,NA,NA,NA,H,NA,NA,NA,NA,NA,NA,NA,NA,NA,NA,NA,NA,NA,NA,NA,NA,NA,NA,NA,NA,NA,NA,NA,1,NA,0,0,NA,NA,NA,NA,NA,NA,NA,1,1,1.00 or less
3195275806-61021-009_3195275806-61021-010,Rooming,1,NA,NA,NA,NA,NA,NA,NA,NA,NA,NA,,,NA,NA,NA,NA,NA,NA,NA,NA,NA,NA,NA,NA,H,NA,NA,NA,NA,NA,NA,NA,NA,NA,NA,NA,NA,NA,NA,NA,NA,NA,NA,NA,NA,NA,NA,NA,1,NA,0,0,NA,NA,390,NA,390,NA,NA,1,1,1.00 or less
3195275806-61021-011_3195275806-61021-012,Rooming,1,NA,NA,NA,NA,NA,NA,NA,NA,NA,NA,,,NA,NA,NA,NA,NA,NA,NA,NA,NA,NA,NA,NA,H,NA,NA,NA,NA,NA,NA,NA,NA,NA,NA,NA,NA,NA,NA,NA,NA,NA,NA,NA,NA,NA,NA,NA,1,NA,0,0,NA,NA,520,NA,520,NA,NA,1,1,1.00 or less
3195275806-61021-013_3195275806-61021-014,Rooming,1,NA,NA,NA,NA,NA,NA,NA,NA,NA,NA,,,NA,NA,NA,NA,NA,NA,NA,NA,NA,NA,NA,NA,H,NA,NA,NA,NA,NA,NA,NA,NA,NA,NA,NA,NA,NA,NA,NA,NA,NA,NA,NA,NA,NA,NA,NA,1,NA,0,0,NA,NA,520,NA,520,NA,NA,1,1,1.00 or less
3195275806-61021-015_3195275806-61021-016,Rooming,1,France,NA,NA,NA,NA,NA,NA,NA,NA,NA,,,Europe,NA,NA,NA,NA,NA,NA,NA,NA,NA,NA,NA,H,NA,NA,NA,NA,NA,NA,NA,NA,NA,NA,NA,77,NA,NA,NA,NA,NA,NA,NA,NA,NA,NA,NA,1,White,0,0,18,42,312,NA,312,NA,NA,1,1,1.00 or less
3195275806-61021-017_3195275806-61021-018,Rooming,1,NA,NA,NA,NA,NA,NA,NA,NA,NA,NA,,,NA,NA,NA,NA,NA,NA,NA,NA,NA,NA,NA,NA,H,NA,NA,NA,NA,NA,NA,NA,NA,NA,NA,NA,NA,NA,NA,NA,NA,NA,NA,NA,NA,NA,NA,NA,1,NA,0,0,NA,NA,416,NA,416,NA,NA,1,1,1.00 or less
3195275806-61021-019_3195275806-61021-020,Rooming,1,NA,NA,NA,NA,NA,NA,NA,NA,NA,NA,,,NA,NA,NA,NA,NA,NA,NA,NA,NA,NA,NA,NA,H,NA,NA,NA,NA,NA,NA,NA,NA,NA,NA,NA,NA,NA,NA,NA,NA,NA,NA,NA,NA,NA,NA,NA,1,NA,0,0,NA,NA,364,NA,364,NA,NA,1,1,1.00 or less
3195275806-61021-021_3195275806-61021-022,Rooming,1,NA,NA,NA,NA,NA,NA,NA,NA,NA,NA,,,NA,NA,NA,NA,NA,NA,NA,NA,NA,NA,NA,NA,H,NA,NA,NA,NA,NA,NA,NA,NA,NA,NA,NA,NA,NA,NA,NA,NA,NA,NA,NA,NA,NA,NA,NA,1,NA,0,0,NA,NA,390,NA,390,NA,NA,1,1,1.00 or less
3195275806-61021-023_3195275806-61021-024,Rooming,1,NA,NA,NA,NA,NA,NA,NA,NA,NA,NA,,,NA,NA,NA,NA,NA,NA,NA,NA,NA,NA,NA,NA,H,NA,NA,NA,NA,NA,NA,NA,NA,NA,NA,NA,NA,NA,NA,NA,NA,NA,NA,NA,NA,NA,NA,NA,1,NA,0,0,NA,NA,390,NA,390,NA,NA,1,1,1.00 or less
3195276858-61051-001_3195276858-61051-002,Rooming,1,USA,USA,NA,NA,NA,NA,NA,NA,NA,NA,,,USA,USA,NA,NA,NA,NA,NA,NA,NA,NA,NA,NA,H,Wife,NA,NA,NA,NA,NA,NA,NA,NA,NA,NA,48,24,NA,NA,NA,NA,NA,NA,NA,NA,NA,NA,2,Negro,0,0,3.5,7,676,NA,676,NA,NA,1,2,1.51 or more
3195276858-61051-003_3195276858-61051-004,Rooming,2,PR,USA,USA,USA,USA,PR,NA,NA,NA,NA,,,PR,USA,USA,USA,USA,PR,NA,NA,NA,NA,NA,NA,H,Son,Son,Son,Daughter,Mother,NA,NA,NA,NA,NA,NA,26,7,6,5,4,60,NA,NA,NA,NA,NA,NA,6,NA,1,6,6,8,363.6,NA,363.6,NA,NA,2,3,1.51 or more
3195276858-61051-005_3195276858-61051-006,Rooming,2,USA,USA,USA,USA,USA,USA,NA,NA,NA,NA,,,USA,USA,USA,USA,USA,USA,NA,NA,NA,NA,NA,NA,Wife,H,Son,Daughter,Daughter,Daughter,NA,NA,NA,NA,NA,NA,26,28,11,10,10,8,NA,NA,NA,NA,NA,NA,5,Negro,0,0,1,19,385.8,NA,385.8,NA,NA,2,2.5,1.51 or more
3195276858-61051-007_3195276858-61051-008,Rooming,2,USA,USA,USA,USA,USA,NA,NA,NA,NA,NA,,,USA,USA,USA,USA,USA,NA,NA,NA,NA,NA,NA,NA,NA,Head,Son,Son,Daughter,NA,NA,NA,NA,NA,NA,NA,26,28,12,10,8,NA,NA,NA,NA,NA,NA,NA,5,Negro,0,0,12,16,385.8,3588,385.8,10.75250836,10.75250836,2,2.5,1.51 or more
3195276858-61051-009_3195276858-61051-010,Rooming,1,USA,USA,USA,NA,NA,NA,NA,NA,NA,NA,,,USA,USA,USA,NA,NA,NA,NA,NA,NA,NA,NA,NA,H,Son,Son,NA,NA,NA,NA,NA,NA,NA,NA,NA,28,8,6,NA,NA,NA,NA,NA,NA,NA,NA,NA,3,NA,0,0,NA,NA,910,NA,910,NA,NA,1,3,1.51 or more
3195276858-61051-011_3195276858-61051-012,Rooming,1,USA,USA,USA,USA,USA,NA,NA,NA,NA,NA,,,USA,USA,USA,USA,USA,NA,NA,NA,NA,NA,NA,NA,H,Son,Son,Son,Daughter,NA,NA,NA,NA,NA,NA,NA,28,6,11,3,4,NA,NA,NA,NA,NA,NA,NA,5,Negro,0,0,2,19,662.4,NA,662.4,NA,NA,1,5,1.51 or more
3195276858-61051-013_3195276858-61051-014,Rooming,2,USA,USA,USA,USA,USA,USA,USA,USA,USA,NA,,,USA,USA,USA,USA,USA,USA,USA,USA,USA,NA,NA,NA,Head,Wife,Son,Son,Son,Son,Daughter,Son,Son,NA,NA,NA,NA,31,13,11,8,5,4,3,0,NA,NA,NA,9,Negro,0,0,2,4,414,2392,414,17.30769231,17.30769231,2,4.5,1.51 or more
3195276858-61051-015_3195276858-61051-016,Rooming,2.5,USA,USA,USA,USA,USA,USA,USA,NA,NA,NA,,,USA,USA,USA,USA,USA,USA,USA,NA,NA,NA,NA,NA,H,Wife,Daughter,Son,Son,Son,Daughter,NA,NA,NA,NA,NA,33,27,7,6,3,4,2,NA,NA,NA,NA,NA,7,Negro,0,0,4,13,858,NA,858,NA,NA,2.5,2.8,1.51 or more
3195364380-61052-001_3195364380-61052-002,Rooming,3,Cuba,Cuba,Cuba,Cuba,NA,NA,NA,NA,NA,NA,,,Caribbean,Caribbean,Caribbean,Caribbean,NA,NA,NA,NA,NA,NA,NA,NA,H,Daughter,Nephew,Nephew,NA,NA,NA,NA,NA,NA,NA,NA,46,21,29,20,NA,NA,NA,NA,NA,NA,NA,NA,4,NA,0,0,0.67,3,NA,4888,NA,NA,NA,3,1.333333333,1.01 to 1.50
3195364380-61052-003_3195364380-61052-004,Rooming,7,USA,USA,USA,USA,USA,USA,USA,USA,NA,NA,,,USA,USA,USA,USA,USA,USA,USA,USA,NA,NA,NA,NA,Head,Wife,Son,Daughter,Daughter,Daughter,Daughter,Son,NA,NA,NA,NA,42,41,15,14,12,11,8,3,NA,NA,NA,NA,8,White,0,0,15,NA,414,6000,714,6.9,11.9,7,1.142857143,1.01 to 1.50
3195364380-61052-005_3195364380-61052-006,Rooming,1,PR,PR,PR,PR,NA,NA,NA,NA,NA,NA,,,PR,PR,PR,PR,NA,NA,NA,NA,NA,NA,NA,NA,Head,Wife,Son,Son,NA,NA,NA,NA,NA,NA,NA,NA,NA,NA,NA,NA,NA,NA,NA,NA,NA,NA,NA,NA,4,Puerto Rican,1,4,NA,NA,640.32,NA,640.32,NA,NA,1,4,1.51 or more
3195364380-61052-007_3195364380-61052-008,Rooming,1,NA,NA,NA,NA,NA,NA,NA,NA,NA,NA,,,NA,NA,NA,NA,NA,NA,NA,NA,NA,NA,NA,NA,NA,NA,NA,NA,NA,NA,NA,NA,NA,NA,NA,NA,NA,NA,NA,NA,NA,NA,NA,NA,NA,NA,NA,NA,NA,NA,0,NA,NA,NA,956.8,NA,956.8,NA,NA,NA,NA,NA
3195364380-61052-009_3195364380-61052-010,Rooming,2.5,PR,PR,PR,PR,NA,NA,NA,NA,NA,NA,,,PR,PR,PR,PR,NA,NA,NA,NA,NA,NA,NA,NA,H,Wife,Daughter,Son,NA,NA,NA,NA,NA,NA,NA,NA,39,24,6,5,NA,NA,NA,NA,NA,NA,NA,NA,4,NA,1,4,1,NA,794.88,3900,794.88,20.38153846,20.38153846,2.5,1.6,1.51 or more
3195364380-61052-011_3195364380-61052-012,Rooming,1,Cuba,Cuba,USA,NA,NA,NA,NA,NA,NA,NA,,,Caribbean,Caribbean,USA,NA,NA,NA,NA,NA,NA,NA,NA,NA,H,Wife,Son,NA,NA,NA,NA,NA,NA,NA,NA,NA,34,34,1,NA,NA,NA,NA,NA,NA,NA,NA,NA,3,NA,0,0,0.58,14,NA,4888,NA,NA,NA,1,3,1.51 or more
3195364380-61052-013_3195364380-61052-014,Rooming,2,PR,PR,USA,NA,NA,NA,NA,NA,NA,NA,,,PR,PR,USA,NA,NA,NA,NA,NA,NA,NA,NA,NA,Head,Wife,Daughter,NA,NA,NA,NA,NA,NA,NA,NA,NA,39,23,1,NA,NA,NA,NA,NA,NA,NA,NA,NA,3,NA,1,3,0.42,11,NA,2548,NA,NA,NA,2,1.5,1.01 to 1.50
3195364380-61052-015_3195364380-61052-016,Rooming,NA,PR,PR,USA,USA,NA,NA,NA,NA,NA,NA,,,PR,PR,USA,USA,NA,NA,NA,NA,NA,NA,NA,NA,H,Wife,Son,Son,NA,NA,NA,NA,NA,NA,NA,NA,55,30,4,1,NA,NA,NA,NA,NA,NA,NA,NA,4,NA,1,4,2.5,5,640.32,NA,640.32,NA,NA,NA,NA,NA
3195364380-61052-017_3195364380-61052-018,Rooming,1,NA,NA,NA,NA,NA,NA,NA,NA,NA,NA,,,NA,NA,NA,NA,NA,NA,NA,NA,NA,NA,NA,NA,Head,Wife,Son,Son,NA,NA,NA,NA,NA,NA,NA,NA,33,29,3,1,NA,NA,NA,NA,NA,NA,NA,NA,4,Puerto Rican,1,4,NA,4,NA,NA,NA,NA,NA,1,4,1.51 or more
3195364380-61052-019_3195364380-61052-020,Rooming,1,PR,PR,NA,NA,NA,NA,NA,NA,NA,NA,,,PR,PR,NA,NA,NA,NA,NA,NA,NA,NA,NA,NA,Head,Grand Son,NA,NA,NA,NA,NA,NA,NA,NA,NA,NA,61,8,NA,NA,NA,NA,NA,NA,NA,NA,NA,NA,2,Puerto Rican,1,2,0.25,5,NA,NA,NA,NA,NA,1,2,1.51 or more
3195364380-61052-021_3195364380-61052-022,Rooming,7,USA,USA,USA,USA,USA,USA,USA,NA,NA,NA,,,USA,USA,USA,USA,USA,USA,USA,NA,NA,NA,NA,NA,Head,Sister,Brother,Brother,Brother,Sister,Nephew,NA,NA,NA,NA,NA,NA,8,43,40,26,21,8,NA,NA,NA,NA,NA,7,White,0,0,21,NA,414,720,714,57.5,99.16666667,7,1,1.00 or less
3195364380-61052-023_3195364380-61052-024,Rooming,1,PR,PR,PR,PR,PR,NA,NA,NA,NA,NA,,,PR,PR,PR,PR,PR,NA,NA,NA,NA,NA,NA,NA,Head,Wife,Son,Daughter,Daughter,M,Brother in Law,NA,NA,NA,NA,NA,28,24,8,2,1,NA,NA,NA,NA,NA,NA,NA,7,Puerto Rican,1,7,NA,NA,NA,2496,NA,NA,NA,1,7,1.51 or more
3195364380-61052-025_3195364380-61052-026,Rooming,1,NA,NA,NA,NA,NA,NA,NA,NA,NA,NA,,,NA,NA,NA,NA,NA,NA,NA,NA,NA,NA,NA,NA,NA,NA,NA,NA,NA,NA,NA,NA,NA,NA,NA,NA,NA,NA,NA,NA,NA,NA,NA,NA,NA,NA,NA,NA,NA,NA,0,NA,NA,NA,NA,NA,NA,NA,NA,NA,NA,NA
3195364380-61052-027_3195364380-61052-028,Rooming,3,PR,USA,USA,USA,USA,NA,NA,NA,NA,NA,,,PR,USA,USA,USA,USA,NA,NA,NA,NA,NA,NA,NA,Head,Son,Son,Son,Son,NA,NA,NA,NA,NA,NA,NA,22,5,4,3,1,NA,NA,NA,NA,NA,NA,NA,5,NA,1,5,NA,NA,1128,NA,1128,NA,NA,3,1.666666667,1.51 or more
3195364380-61052-029_3195364380-61052-030,Rooming,2,USA,USA,USA,USA,PR,NA,NA,NA,NA,NA,,,USA,USA,USA,USA,PR,NA,NA,NA,NA,NA,NA,NA,Son,Son,Son,Son,Head,NA,NA,NA,NA,NA,NA,NA,5,4,3,1,22,NA,NA,NA,NA,NA,NA,NA,5,NA,1,5,NA,NA,NA,NA,NA,NA,NA,2,2.5,1.51 or more
3195364380-61052-031_3195364380-61052-032,Rooming,2,PR,PR,PR,NA,NA,NA,NA,NA,NA,NA,,,PR,PR,PR,NA,NA,NA,NA,NA,NA,NA,NA,NA,Head,Wife,Son,NA,NA,NA,NA,NA,NA,NA,NA,NA,29,28,9,NA,NA,NA,NA,NA,NA,NA,NA,NA,3,Puerto Rican,1,3,0.17,5,NA,1976,NA,NA,NA,2,1.5,1.01 to 1.50
3195364380-61052-033_3195364380-61052-034,NA,4,USA,USA,USA,USA,NA,NA,NA,NA,NA,NA,,,USA,USA,USA,USA,NA,NA,NA,NA,NA,NA,NA,NA,Head,Wife,Son,Son,NA,NA,NA,NA,NA,NA,NA,NA,53,53,28,22,NA,NA,NA,NA,NA,NA,NA,NA,4,NA,0,0,16,NA,593.4,NA,761.4,NA,NA,4,1,1.00 or less
3195364380-61052-035_3195364380-61052-036,Rooming,NA,PR,PR,PR,PR,USA,USA,NA,NA,NA,NA,,,PR,PR,PR,PR,USA,USA,NA,NA,NA,NA,NA,NA,H,Wife,Daughter,Daughter,Daughter,NA,NA,NA,NA,NA,NA,NA,31,27,7,6,4,3,NA,NA,NA,NA,NA,NA,6,NA,1,6,5,5,NA,2080,NA,NA,NA,NA,NA,NA
3195364380-61052-037_3195364380-61052-038,Rooming,1,USA,NA,NA,NA,NA,NA,NA,NA,NA,NA,,,USA,NA,NA,NA,NA,NA,NA,NA,NA,NA,NA,NA,H,NA,NA,NA,NA,NA,NA,NA,NA,NA,NA,NA,50,NA,NA,NA,NA,NA,NA,NA,NA,NA,NA,NA,1,Negro,0,0,3,35,NA,NA,NA,NA,NA,1,1,1.00 or less
3195364380-61052-039_3195364380-61052-040,Rooming,4,NA,NA,NA,NA,NA,NA,NA,NA,NA,NA,,,NA,NA,NA,NA,NA,NA,NA,NA,NA,NA,NA,NA,H,Wife,NA,NA,NA,NA,NA,NA,NA,NA,NA,NA,NA,NA,NA,NA,NA,NA,NA,NA,NA,NA,NA,NA,2,Puerto Rican,1,2,NA,NA,NA,NA,NA,NA,NA,4,0.5,1.00 or less
3195364380-61052-041_3195364380-61052-042,Rooming,1,PR,NA,NA,NA,NA,NA,NA,NA,NA,NA,,,PR,NA,NA,NA,NA,NA,NA,NA,NA,NA,NA,NA,H,Daughter,NA,NA,NA,NA,NA,NA,NA,NA,NA,NA,33,3,NA,NA,NA,NA,NA,NA,NA,NA,NA,NA,2,NA,1,2,NA,NA,NA,2400,NA,NA,NA,1,2,1.51 or more
3195364380-61052-043_3195364380-61052-044,Rooming,1,PR,PR,PR,NA,NA,NA,NA,NA,NA,NA,,,PR,PR,PR,NA,NA,NA,NA,NA,NA,NA,NA,NA,Head,Wife,Daughter,NA,NA,NA,NA,NA,NA,NA,NA,NA,31,34,8,4,NA,NA,NA,NA,NA,NA,NA,NA,4,Puerto Rican,1,4,NA,0.58,NA,884,NA,NA,NA,1,4,1.51 or more
3195364380-61052-045_3195364380-61052-046,Rooming,4,PR,PR,PR,NA,NA,NA,NA,NA,NA,NA,,,PR,PR,PR,NA,NA,NA,NA,NA,NA,NA,NA,NA,H,Wife,Daughter,NA,NA,NA,NA,NA,NA,NA,NA,NA,35,31,14,NA,NA,NA,NA,NA,NA,NA,NA,NA,3,Puerto Rican,1,3,0.25,NA,1299.96,NA,1299.96,NA,NA,4,0.75,1.00 or less
3195364380-61052-047_3195364380-61052-048,Rooming,2,PR,PR,USA,NA,NA,NA,NA,NA,NA,NA,,,PR,PR,USA,NA,NA,NA,NA,NA,NA,NA,NA,NA,Head,Wife,Daughter,NA,NA,NA,NA,NA,NA,NA,NA,NA,24,27,6,NA,NA,NA,NA,NA,NA,NA,NA,NA,3,NA,1,3,1,12,NA,5200,NA,NA,NA,2,1.5,1.01 to 1.50
3195364380-61052-049_3195364380-61052-050,Rooming,2,PR,PR,PR,USA,USA,NA,NA,NA,NA,NA,,,PR,PR,PR,USA,USA,NA,NA,NA,NA,NA,NA,NA,Head,Wife,Son,Daughter,Daughter,NA,NA,NA,NA,NA,NA,NA,20,23,3,2,2,NA,NA,NA,NA,NA,NA,NA,5,Puerto Rican,1,5,NA,NA,NA,NA,NA,NA,NA,2,2.5,1.51 or more
3195364380-61052-051_3195364380-61052-052,Rooming,3,USA,USA,USA,NA,NA,NA,NA,NA,NA,NA,,,USA,USA,USA,NA,NA,NA,NA,NA,NA,NA,NA,NA,Head,Wife,Son,NA,NA,NA,NA,NA,NA,NA,NA,NA,45,39,20,NA,NA,NA,NA,NA,NA,NA,NA,NA,3,Negro,0,0,1,12,NA,4160,NA,NA,NA,3,1,1.00 or less
3195364380-61052-053_3195364380-61052-054,Rooming,1,PR,PR,NA,NA,NA,NA,NA,NA,NA,NA,,,PR,PR,NA,NA,NA,NA,NA,NA,NA,NA,NA,NA,Head,Mother,NA,NA,NA,NA,NA,NA,NA,NA,NA,NA,18,49,NA,NA,NA,NA,NA,NA,NA,NA,NA,NA,2,Puerto Rican,1,2,0.08,2,NA,2872.48,NA,NA,NA,1,2,1.51 or more
3195364380-61052-055_3195364380-61052-056,Rooming,1,NA,NA,NA,NA,NA,NA,NA,NA,NA,NA,,,NA,NA,NA,NA,NA,NA,NA,NA,NA,NA,NA,NA,NA,NA,NA,NA,NA,NA,NA,NA,NA,NA,NA,NA,NA,NA,NA,NA,NA,NA,NA,NA,NA,NA,NA,NA,NA,NA,0,NA,NA,NA,NA,NA,NA,NA,NA,NA,NA,NA
3195368322-61081-001_3195368322-61081-002,Rooming,1.5,PR,PR,PR,NA,NA,NA,NA,NA,NA,NA,,,PR,PR,PR,NA,NA,NA,NA,NA,NA,NA,NA,NA,Mother,Son,Daughter,NA,NA,NA,NA,NA,NA,NA,NA,NA,40,5,4,NA,NA,NA,NA,NA,NA,NA,NA,NA,3,Puerto Rican,1,3,1.5,1.5,832,NA,832,NA,NA,1.5,2,1.51 or more
3195368322-61081-003_3195368322-61081-004,Rooming,1,NA,NA,NA,NA,NA,NA,NA,NA,NA,NA,,,NA,NA,NA,NA,NA,NA,NA,NA,NA,NA,NA,NA,NA,NA,NA,NA,NA,NA,NA,NA,NA,NA,NA,NA,NA,NA,NA,NA,NA,NA,NA,NA,NA,NA,NA,NA,NA,NA,0,NA,NA,NA,587.6,NA,587.6,NA,NA,NA,NA,NA
3195368322-61081-005_3195368322-61081-006,Rooming,1,PR,PR,NA,NA,NA,NA,NA,NA,NA,NA,,,PR,PR,NA,NA,NA,NA,NA,NA,NA,NA,NA,NA,Head,Wife,NA,NA,NA,NA,NA,NA,NA,NA,NA,NA,48,38,NA,NA,NA,NA,NA,NA,NA,NA,NA,NA,2,Puerto Rican,1,2,1,3,650,2225.6,650,29.20560748,29.20560748,1,2,1.51 or more
3195368322-61081-007_3195368322-61081-008,Rooming,1,PR,NA,NA,NA,NA,NA,NA,NA,NA,NA,,,PR,NA,NA,NA,NA,NA,NA,NA,NA,NA,NA,NA,Head,NA,NA,NA,NA,NA,NA,NA,NA,NA,NA,NA,31,NA,NA,NA,NA,NA,NA,NA,NA,NA,NA,NA,1,NA,1,1,NA,NA,312,937.2,312,33.29065301,33.29065301,1,1,1.00 or less
3195368322-61081-009_3195368322-61081-010,Rooming,2,PR,PR,PR,PR,PR,USA,USA,NA,NA,NA,,,PR,PR,PR,PR,PR,USA,USA,NA,NA,NA,NA,NA,H,Wife,Son,Daughter,Son,Daughter,Son,NA,NA,NA,NA,NA,24,25,8,6,4,1,0,NA,NA,NA,NA,NA,7,Puerto Rican,1,7,0.25,3,1040,NA,1040,NA,NA,2,3.5,1.51 or more
3195368322-61081-011_3195368322-61081-012,Rooming,2,PR,PR,PR,USA,NA,NA,NA,NA,NA,NA,,,PR,PR,PR,USA,NA,NA,NA,NA,NA,NA,NA,NA,Head,Wife,Son,Son,NA,NA,NA,NA,NA,NA,NA,NA,23,21,3,1,NA,NA,NA,NA,NA,NA,NA,NA,4,NA,1,4,NA,NA,936,NA,936,NA,NA,2,2,1.51 or more
3195368322-61081-013_3195368322-61081-014,Rooming,1.5,PR,PR,PR,NA,NA,NA,NA,NA,NA,NA,,,PR,PR,PR,NA,NA,NA,NA,NA,NA,NA,NA,NA,Mother,Son,Daughter,NA,NA,NA,NA,NA,NA,NA,NA,NA,37,11,9,NA,NA,NA,NA,NA,NA,NA,NA,NA,3,Puerto Rican,1,3,0.75,5,832,NA,832,NA,NA,1.5,2,1.51 or more
3195368322-61081-015_3195368322-61081-016,Rooming,2,PR,PR,USA,USA,NA,NA,NA,NA,NA,NA,,,PR,PR,USA,USA,NA,NA,NA,NA,NA,NA,NA,NA,Wife,Head,Daughter,Son,NA,NA,NA,NA,NA,NA,NA,NA,31,25,3,2,NA,NA,NA,NA,NA,NA,NA,NA,4,NA,1,4,NA,4,832,2080,832,40,40,2,2,1.51 or more
3195368322-61081-017_3195368322-61081-018,Rooming,1.5,PR,USA,USA,NA,NA,NA,NA,NA,NA,NA,,,PR,USA,USA,NA,NA,NA,NA,NA,NA,NA,NA,NA,Mother,Daughter,Son,NA,NA,NA,NA,NA,NA,NA,NA,NA,30,3,1,NA,NA,NA,NA,NA,NA,NA,NA,NA,3,Puerto Rican,1,3,2,4,832,NA,832,NA,NA,1.5,2,1.51 or more
3195368322-61081-019_3195368322-61081-020,Rooming,1,PR,PR,NA,NA,NA,NA,NA,NA,NA,NA,,,PR,PR,NA,NA,NA,NA,NA,NA,NA,NA,NA,NA,H,Wife,NA,NA,NA,NA,NA,NA,NA,NA,NA,NA,39,62,NA,NA,NA,NA,NA,NA,NA,NA,NA,NA,2,Puerto Rican,1,2,2,20,650,4680,650,13.88888889,13.88888889,1,2,1.51 or more
3195373134-61082-001_3195373134-61082-002,Rooming,1.5,PR,PR,PR,PR,NA,NA,NA,NA,NA,NA,,,PR,PR,PR,PR,NA,NA,NA,NA,NA,NA,NA,NA,Head,Daughter,Son,Brother,NA,NA,NA,NA,NA,NA,NA,NA,28,8,3,22,NA,NA,NA,NA,NA,NA,NA,NA,4,Puerto Rican,1,4,1,1.5,988,2080,988,47.5,47.5,1.5,2.666666667,1.51 or more
3195373134-61082-003_3195373134-61082-004,Rooming,1,PR,PR,NA,NA,NA,NA,NA,NA,NA,NA,,,PR,PR,NA,NA,NA,NA,NA,NA,NA,NA,NA,NA,Head,Wife,NA,NA,NA,NA,NA,NA,NA,NA,NA,NA,36,31,NA,NA,NA,NA,NA,NA,NA,NA,NA,NA,2,Puerto Rican,1,2,0.75,0.75,343.2,NA,343.2,NA,NA,1,2,1.51 or more
3195373134-61082-005_3195373134-61082-006,Rooming,1.5,NA,NA,NA,NA,NA,NA,NA,NA,NA,NA,,,NA,NA,NA,NA,NA,NA,NA,NA,NA,NA,NA,NA,NA,NA,NA,NA,NA,NA,NA,NA,NA,NA,NA,NA,NA,NA,NA,NA,NA,NA,NA,NA,NA,NA,NA,NA,NA,NA,0,NA,NA,NA,863.2,NA,863.2,NA,NA,NA,NA,NA
3195373134-61082-007_3195373134-61082-008,Rooming,1,Japan,USA,NA,NA,NA,NA,NA,NA,NA,NA,,,Asia,USA,NA,NA,NA,NA,NA,NA,NA,NA,NA,NA,H,Wife,NA,NA,NA,NA,NA,NA,NA,NA,NA,NA,70,40,NA,NA,NA,NA,NA,NA,NA,NA,NA,NA,2,Oriental,0,0,14,50,717.6,1560,717.6,46,46,1,2,1.51 or more
3195373134-61082-009_3195373134-61082-010,Rooming,2,Japan,USA,NA,NA,NA,NA,NA,NA,NA,NA,,,Asia,USA,NA,NA,NA,NA,NA,NA,NA,NA,NA,NA,H,Wife,NA,NA,NA,NA,NA,NA,NA,NA,NA,NA,68,58,NA,NA,NA,NA,NA,NA,NA,NA,NA,NA,2,Oriental,0,0,NA,NA,832,780,832,106.6666667,106.6666667,2,1,1.00 or less
3195373134-61082-011_3195373134-61082-012,NA,2.5,PR,PR,PR,PR,NA,NA,NA,NA,NA,NA,,,PR,PR,PR,PR,NA,NA,NA,NA,NA,NA,NA,NA,H,Wife,Son,Daughter,NA,NA,NA,NA,NA,NA,NA,NA,46,22,5,3,NA,NA,NA,NA,NA,NA,NA,NA,4,Puerto Rican,1,4,0.5,1,300,NA,300,NA,NA,2.5,1.6,1.51 or more
3195373134-61082-013_3195373134-61082-014,Rooming,1.5,NA,NA,NA,NA,NA,NA,NA,NA,NA,NA,,,NA,NA,NA,NA,NA,NA,NA,NA,NA,NA,NA,NA,NA,NA,NA,NA,NA,NA,NA,NA,NA,NA,NA,NA,NA,NA,NA,NA,NA,NA,NA,NA,NA,NA,NA,NA,1,NA,0,0,NA,NA,468,NA,468,NA,NA,1.5,0.666666667,1.00 or less
3195373134-61082-015_3195373134-61082-016,Rooming,1,NA,NA,NA,NA,NA,NA,NA,NA,NA,NA,,,NA,NA,NA,NA,NA,NA,NA,NA,NA,NA,NA,NA,NA,NA,NA,NA,NA,NA,NA,NA,NA,NA,NA,NA,NA,NA,NA,NA,NA,NA,NA,NA,NA,NA,NA,NA,NA,NA,0,NA,NA,NA,410.8,NA,410.8,NA,NA,NA,NA,NA
3195373134-61082-017_3195373134-61082-018,Rooming,1.5,NA,NA,NA,NA,NA,NA,NA,NA,NA,NA,,,NA,NA,NA,NA,NA,NA,NA,NA,NA,NA,NA,NA,Head,Brother,NA,NA,NA,NA,NA,NA,NA,NA,NA,NA,NA,NA,NA,NA,NA,NA,NA,NA,NA,NA,NA,NA,2,Puerto Rican,1,2,NA,8,863.2,NA,863.2,NA,NA,1.5,1.333333333,1.01 to 1.50
3195373134-61082-019_3195373134-61082-020,Rooming,1,NA,NA,NA,NA,NA,NA,NA,NA,NA,NA,,,NA,NA,NA,NA,NA,NA,NA,NA,NA,NA,NA,NA,NA,NA,NA,NA,NA,NA,NA,NA,NA,NA,NA,NA,NA,NA,NA,NA,NA,NA,NA,NA,NA,NA,NA,NA,NA,NA,0,NA,NA,NA,239.2,NA,239.2,NA,NA,NA,NA,NA
3195373134-61082-021_3195373134-61082-022,Rooming,2.5,NA,NA,NA,NA,NA,NA,NA,NA,NA,NA,,,NA,NA,NA,NA,NA,NA,NA,NA,NA,NA,NA,NA,NA,NA,NA,NA,NA,NA,NA,NA,NA,NA,NA,NA,NA,NA,NA,NA,NA,NA,NA,NA,NA,NA,NA,NA,NA,NA,0,NA,NA,8,988,NA,988,NA,NA,NA,NA,NA
3195374663-61114-001_3195374663-61114-002,Apartment,6,NA,NA,NA,NA,NA,NA,NA,NA,NA,NA,,,NA,NA,NA,NA,NA,NA,NA,NA,NA,NA,NA,NA,Daughter,Son,Daughter of 1,Son of 1,Head,NA,NA,NA,NA,NA,NA,NA,NA,NA,NA,NA,NA,NA,NA,NA,NA,NA,NA,NA,5,NA,0,0,9,NA,552,NA,552,NA,NA,6,0.833333333,1.00 or less
3195374663-61114-003_3195374663-61114-004,Apartment,6,USA,USA,USA,USA,NA,NA,NA,NA,NA,NA,,,USA,USA,USA,USA,NA,NA,NA,NA,NA,NA,NA,NA,H,Wife,Son,Daughter,NA,NA,NA,NA,NA,NA,NA,NA,54,58,16,15,NA,NA,NA,NA,NA,NA,NA,NA,4,NA,0,0,15,31,552,6760,552,8.165680473,8.165680473,6,0.666666667,1.00 or less
3195374663-61114-007_3195374663-61114-008,NA,7,NA,NA,NA,NA,NA,NA,NA,NA,NA,NA,,,NA,NA,NA,NA,NA,NA,NA,NA,NA,NA,NA,NA,H,Son,Brother,Brother,Brother,Son,Nephew,NA,NA,NA,NA,NA,NA,NA,NA,NA,NA,NA,NA,NA,NA,NA,NA,NA,7,NA,0,0,NA,NA,414,NA,414,NA,NA,7,1,1.00 or less
3195374663-61114-009_3195374663-61114-010,Apartment,6,Cuba,NA,NA,NA,NA,NA,NA,NA,NA,NA,,,Caribbean,NA,NA,NA,NA,NA,NA,NA,NA,NA,NA,NA,Head,Brother,Brother,Father,Mother,NA,NA,NA,NA,NA,NA,NA,22,21,20,48,44,NA,NA,NA,NA,NA,NA,NA,5,NA,0,0,NA,2.5,634.8,3240,634.8,19.59259259,19.59259259,6,0.833333333,1.00 or less
3195374663-61114-011_3195374663-61114-012,Apartment,6,USA,USA,USA,Italy,NA,NA,NA,NA,NA,NA,,,USA,USA,USA,Europe,NA,NA,NA,NA,NA,NA,NA,NA,H,NA,Step Sister,NA,NA,NA,NA,NA,NA,NA,NA,NA,NA,NA,NA,NA,NA,NA,NA,NA,NA,NA,NA,NA,4,NA,0,0,24,30,621,2600,621,23.88461538,23.88461538,6,0.666666667,1.00 or less
3195374663-61114-013_3195374663-61114-014,Apartment,6,DR,NA,USA,USA,USA,NA,NA,NA,NA,NA,,,Caribbean,NA,USA,USA,USA,NA,NA,NA,NA,NA,NA,NA,H,Wife,Daughter,Son,Daughter,NA,NA,NA,NA,NA,NA,NA,31,29,7,6,2,NA,NA,NA,NA,NA,NA,NA,5,NA,0,0,10,11,571.32,3640,571.32,15.6956044,15.6956044,6,0.833333333,1.00 or less
3195374663-61114-015_3195374663-61114-016,NA,6,PR,PR,PR,PR,PR,PR,PR,NA,NA,NA,,,PR,PR,PR,PR,PR,PR,PR,NA,NA,NA,NA,NA,Mother,Son,Daughter,Daughter,Daughter,Daughter,Daughter,NA,NA,NA,NA,NA,29,14,11,10,9,6,4,NA,NA,NA,NA,NA,7,NA,1,7,NA,NA,571.32,NA,571.32,NA,NA,6,1.166666667,1.01 to 1.50
3195374663-61114-017_3195374663-61114-018,Apartment,6,PR,PR,PR,PR,PR,NA,NA,NA,NA,NA,,,PR,PR,PR,PR,PR,NA,NA,NA,NA,NA,NA,NA,H,Son,Niece,Husband of niece,Sister of H,NA,NA,NA,NA,NA,NA,NA,44,27,34,33,6,NA,NA,NA,NA,NA,NA,NA,5,NA,1,5,13,17,552,7124,552,7.748455924,7.748455924,6,0.833333333,1.00 or less
3195374663-61114-019_3195374663-61114-020,NA,6,Germany,USA,Germany,NA,NA,NA,NA,NA,NA,NA,,,Europe,USA,Europe,NA,NA,NA,NA,NA,NA,NA,NA,NA,Head,Daughter,Brother,NA,NA,NA,NA,NA,NA,NA,NA,NA,56,32,58,NA,NA,NA,NA,NA,NA,NA,NA,NA,3,NA,0,0,9,49,540,5148,540,10.48951049,10.48951049,6,0.5,1.00 or less
3195374663-61114-021_3195374663-61114-022,Apartment,6,PR,USA,USA,NA,NA,NA,NA,NA,NA,NA,,,PR,USA,USA,NA,NA,NA,NA,NA,NA,NA,NA,NA,H,Son,Son,NA,NA,NA,NA,NA,NA,NA,NA,NA,47,27,26,NA,NA,NA,NA,NA,NA,NA,NA,NA,3,NA,1,3,14,30,524.4,2548,524.4,20.58084772,20.58084772,6,0.5,1.00 or less
3195374663-61114-023_3195374663-61114-024,Apartment,6,Cuba,Cuba,Cuba,Cuba,Cuba,NA,NA,NA,NA,NA,,,Caribbean,Caribbean,Caribbean,Caribbean,Caribbean,NA,NA,NA,NA,NA,NA,NA,H,Wife,Daughter,Nephew of H2,NA,NA,NA,NA,NA,NA,NA,NA,48,46,20,26,27,NA,NA,NA,NA,NA,NA,NA,5,NA,0,0,7,7,571.32,6240,571.32,9.155769231,9.155769231,6,0.833333333,1.00 or less
3262897985-60984-001_3262897985-60984-002,Apartment,6,PR,PR,PR,PR,PR,NA,NA,NA,NA,NA,,,PR,PR,PR,PR,PR,NA,NA,NA,NA,NA,NA,NA,NA,Daughter,NA,NA,Brother,NA,NA,NA,NA,NA,NA,NA,36,18,17,15,29,NA,NA,NA,NA,NA,NA,NA,5,NA,1,5,3,12,840,5460,1080,15.38461538,19.78021978,6,0.833333333,1.00 or less
3262897985-60984-003_3262897985-60984-004,Apartment,6,PR,PR,PR,PR,PR,NA,NA,NA,NA,NA,,,PR,PR,PR,PR,PR,NA,NA,NA,NA,NA,NA,NA,NA,NA,NA,NA,NA,NA,NA,NA,NA,NA,NA,NA,34,38,10,14,4,NA,NA,NA,NA,NA,NA,NA,5,Puerto Rican,1,5,2,18,840,3600,840,23.33333333,23.33333333,6,0.833333333,1.00 or less
3262897985-60984-005_3262897985-60984-006,Apartment,5.5,Morocco,France,France,NA,NA,NA,NA,NA,NA,NA,,,NA,Europe,Europe,NA,NA,NA,NA,NA,NA,NA,NA,NA,H,Wife,Grand Mother,Mother in Law,NA,NA,NA,NA,NA,NA,NA,NA,29,20,63,42,NA,NA,NA,NA,NA,NA,NA,NA,4,White,0,0,3,4,770.16,4320,890.16,17.82777778,20.60555556,5.5,0.727272727,1.00 or less
3262897985-60984-007_3262897985-60984-008,Apartment,6,DR,Cuba,DR,USA,USA,Cuba,Cuba,NA,NA,NA,,,Caribbean,Caribbean,Caribbean,USA,USA,Caribbean,Caribbean,NA,NA,NA,NA,NA,H,NA,Wife,Son of 2,Son of 2,Sister of 2,Sister of 2,NA,NA,NA,NA,NA,NA,25,24,3,1,16,16,NA,NA,NA,NA,NA,7,other,0,0,NA,NA,780,7800,780,10,10,6,1.166666667,1.01 to 1.50
3262897985-60984-009_3262897985-60984-010,Apartment,6,PR,PR,PR,PR,PR,NA,NA,NA,NA,NA,,,PR,PR,PR,PR,PR,NA,NA,NA,NA,NA,NA,NA,Head,Wife,Son,Sister,Brother,NA,NA,NA,NA,NA,NA,NA,27,38,11,14,18,NA,NA,NA,NA,NA,NA,NA,5,Puerto Rican,1,5,1,2,900,5044,984,17.84298176,19.50832672,6,0.833333333,1.00 or less
3262897985-60984-011_3262897985-60984-012,Apartment,6,USA,USA,USA,USA,USA,NA,NA,NA,NA,NA,,,USA,USA,USA,USA,USA,NA,NA,NA,NA,NA,NA,NA,NA,NA,Son,Son,Daughter,NA,NA,NA,NA,NA,NA,NA,56,42,14,12,8,NA,NA,NA,NA,NA,NA,NA,5,White,0,0,4,56,780,4680,780,16.66666667,16.66666667,6,0.833333333,1.00 or less
3262897985-60984-013_3262897985-60984-014,Apartment,2,PR,NA,NA,NA,NA,NA,NA,NA,NA,NA,,,PR,NA,NA,NA,NA,NA,NA,NA,NA,NA,NA,NA,NA,NA,NA,NA,NA,NA,NA,NA,NA,NA,NA,NA,47,NA,NA,NA,NA,NA,NA,NA,NA,NA,NA,NA,1,Puerto Rican,1,1,0.666666667,29,313.8,900,313.8,34.86666667,34.86666667,2,0.5,1.00 or less
3262897985-60984-015_3262897985-60984-016,NA,6,DR,DR,NA,NA,NA,NA,NA,NA,NA,NA,,,Caribbean,Caribbean,NA,NA,NA,NA,NA,NA,NA,NA,NA,NA,H,Wife,NA,NA,NA,NA,NA,NA,NA,NA,NA,NA,27,23,NA,NA,NA,NA,NA,NA,NA,NA,NA,NA,2,NA,0,0,3,6,756,2080,756,36.34615385,36.34615385,6,0.333333333,1.00 or less
3262897985-60984-017_3262897985-60984-018,Apartment,6,DR,DR,USA,USA,DR,DR,NA,NA,NA,NA,,,Caribbean,Caribbean,USA,USA,Caribbean,Caribbean,NA,NA,NA,NA,NA,NA,NA,NA,NA,NA,NA,NA,NA,NA,NA,NA,NA,NA,28,24,3,1,29,29,NA,NA,NA,NA,NA,NA,6,White,0,0,3,7,828,4940,828,16.7611336,16.7611336,6,1,1.00 or less
3262897985-60984-019_3262897985-60984-020,Apartment,6,Holland,PR,USA,USA,USA,NA,NA,NA,NA,NA,,,Europe,PR,USA,USA,USA,NA,NA,NA,NA,NA,NA,NA,NA,NA,NA,NA,NA,NA,NA,NA,NA,NA,NA,NA,52,38,10,5,2,NA,NA,NA,NA,NA,NA,NA,5,NA,1,5,3,33,900,3120,900,28.84615385,28.84615385,6,0.833333333,1.00 or less
3262897985-60984-021_3262897985-60984-022,Apartment,6,PR,PR,USA,USA,USA,NA,NA,NA,NA,NA,,,PR,PR,USA,USA,USA,NA,NA,NA,NA,NA,NA,NA,NA,NA,NA,NA,NA,NA,NA,NA,NA,NA,NA,NA,NA,28,8,7,8,NA,NA,NA,NA,NA,NA,NA,5,Puerto Rican,1,5,5,14,840,4420,840,19.00452489,19.00452489,6,0.833333333,1.00 or less
3262901080-60985-001_3262901080-60985-002,Apartment,4,USA,USA,NA,NA,NA,NA,NA,NA,NA,NA,,,USA,USA,NA,NA,NA,NA,NA,NA,NA,NA,NA,NA,Head,Wife,NA,NA,NA,NA,NA,NA,NA,NA,NA,NA,54,48,NA,NA,NA,NA,NA,NA,NA,NA,NA,NA,2,White,0,0,24,32,372,7800,456,4.769230769,5.846153846,4,0.5,1.00 or less
3262901080-60985-003_3262901080-60985-004,Apartment,4,USA,NA,NA,NA,NA,NA,NA,NA,NA,NA,,,USA,NA,NA,NA,NA,NA,NA,NA,NA,NA,NA,NA,Head,Wife,NA,NA,NA,NA,NA,NA,NA,NA,NA,NA,46,NA,NA,NA,NA,NA,NA,NA,NA,NA,NA,NA,2,NA,0,0,46,46,414,NA,492,NA,NA,4,0.5,1.00 or less
3262901080-60985-005_3262901080-60985-006,NA,4,PR,PR,PR,PR,PR,USA,USA,NA,NA,NA,,,PR,PR,PR,PR,PR,USA,USA,NA,NA,NA,NA,NA,Head,Wife,Son,Son,Son,Daughter,Son,NA,NA,NA,NA,NA,21,28,8,6,5,4,1,NA,NA,NA,NA,NA,7,Puerto Rican,1,7,3,5,528,5028,744,10.50119332,14.79713604,4,1.75,1.51 or more
3262901080-60985-007_3262901080-60985-008,Apartment,4,USA,USA,NA,NA,NA,NA,NA,NA,NA,NA,,,USA,USA,NA,NA,NA,NA,NA,NA,NA,NA,NA,NA,NA,NA,NA,NA,NA,NA,NA,NA,NA,NA,NA,NA,49,48,NA,NA,NA,NA,NA,NA,NA,NA,NA,NA,2,White,0,0,13,49,426,3120,426,13.65384615,13.65384615,4,0.5,1.00 or less
3262901080-60985-009_3262901080-60985-010,Apartment,4,PR,PR,USA,PR,NA,NA,NA,NA,NA,NA,,,PR,PR,USA,PR,NA,NA,NA,NA,NA,NA,NA,NA,Head,Wife,Daughter,Daughter,NA,NA,NA,NA,NA,NA,NA,NA,24,28,1,8,NA,NA,NA,NA,NA,NA,NA,NA,4,Puerto Rican,1,4,4,6,412.2,2704,496.2,15.24408284,18.35059172,4,1,1.00 or less
3262901080-60985-011_3262901080-60985-012,Apartment,4,USA,USA,USA,USA,USA,USA,NA,NA,NA,NA,,,USA,USA,USA,USA,USA,USA,NA,NA,NA,NA,NA,NA,H,Wife,Son,Son,Son,Son,NA,NA,NA,NA,NA,NA,60,54,34,30,19,14,NA,NA,NA,NA,NA,NA,6,White,0,0,4,60,NA,5720,NA,NA,NA,4,1.5,1.01 to 1.50
3262901080-60985-013_3262901080-60985-014,Apartment,4,Greece,Greece,NA,NA,NA,NA,NA,NA,NA,NA,,,Europe,Europe,NA,NA,NA,NA,NA,NA,NA,NA,NA,NA,Head,Brother,NA,NA,NA,NA,NA,NA,NA,NA,NA,NA,46,44,NA,NA,NA,NA,NA,NA,NA,NA,NA,NA,2,White,0,0,21,21,414,6240,474,6.634615385,7.596153846,4,0.5,1.00 or less
3262901080-60985-015_3262901080-60985-016,NA,4,USA,USA,NA,NA,NA,NA,NA,NA,NA,NA,,,USA,USA,NA,NA,NA,NA,NA,NA,NA,NA,NA,NA,Head,Wife,NA,NA,NA,NA,NA,NA,NA,NA,NA,NA,65,59,NA,NA,NA,NA,NA,NA,NA,NA,NA,NA,2,NA,0,0,17,33,384,4576,552,8.391608392,12.06293706,4,0.5,1.00 or less
3262901080-60985-017_3262901080-60985-018,Apartment,4,USA,NA,NA,NA,NA,NA,NA,NA,NA,NA,,,USA,NA,NA,NA,NA,NA,NA,NA,NA,NA,NA,NA,Head,NA,NA,NA,NA,NA,NA,NA,NA,NA,NA,NA,42,NA,NA,NA,NA,NA,NA,NA,NA,NA,NA,NA,1,White,0,0,7,24,414,2548,678,16.24803768,26.60910518,4,0.25,1.00 or less
3262901080-60985-019_3262901080-60985-020,Apartment,4,USA,USA,NA,NA,NA,NA,NA,NA,NA,NA,,,USA,USA,NA,NA,NA,NA,NA,NA,NA,NA,NA,NA,H,Wife,NA,NA,NA,NA,NA,NA,NA,NA,NA,NA,62,61,NA,NA,NA,NA,NA,NA,NA,NA,NA,NA,2,White,0,0,15,62,444,6000,534,7.4,8.9,4,0.5,1.00 or less
3262901080-60985-021_3262901080-60985-022,Rooming,4,PR,PR,PR,PR,PR,PR,PR,PR,USA,NA,,,PR,PR,PR,PR,PR,PR,PR,PR,USA,NA,NA,NA,Head,Wife,Son,Daughter,Daughter,Son,Daughter,Daughter,Son,NA,NA,NA,34,33,14,13,12,10,8,5,3,NA,NA,NA,9,NA,1,9,0.333333333,7,584.4,NA,740.4,NA,NA,4,2.25,1.51 or more
3262901080-60985-023_3262901080-60985-024,Apartment,4,USA,USA,NA,NA,NA,NA,NA,NA,NA,NA,,,USA,USA,NA,NA,NA,NA,NA,NA,NA,NA,NA,NA,H,Wife,NA,NA,NA,NA,NA,NA,NA,NA,NA,NA,73,65,NA,NA,NA,NA,NA,NA,NA,NA,NA,NA,2,White,0,0,14,14,384,960,504,40,52.5,4,0.5,1.00 or less
3262901080-60985-025_3262901080-60985-026,Apartment,4,USA,USA,USA,USA,USA,NA,NA,NA,NA,NA,,,USA,USA,USA,USA,USA,NA,NA,NA,NA,NA,NA,NA,Head,Wife,Daughter,Daughter,Daughter,NA,NA,NA,NA,NA,NA,NA,30,40,16,15,10,NA,NA,NA,NA,NA,NA,NA,5,White,0,0,14,30,386.4,3900,476.4,9.907692308,12.21538462,4,1.25,1.01 to 1.50
3262901080-60985-027_3262901080-60985-028,Apartment,4,PR,PR,PR,PR,PR,NA,NA,NA,NA,NA,,,PR,PR,PR,PR,PR,NA,NA,NA,NA,NA,NA,NA,Head,Wife,Son,Son,Son,NA,NA,NA,NA,NA,NA,NA,38,34,16,12,15,NA,NA,NA,NA,NA,NA,NA,5,Puerto Rican,1,5,12,12,658.2,4160,742.2,15.82211538,17.84134615,4,1.25,1.01 to 1.50
3262901080-60985-029_3262901080-60985-030,Apartment,4,PR,PR,PR,PR,PR,PR,NA,NA,NA,NA,,,PR,PR,PR,PR,PR,PR,NA,NA,NA,NA,NA,NA,Head,Wife,Daughter,Son,Daughter,Mother of Sister,NA,NA,NA,NA,NA,NA,40,39,17,16,14,23,NA,NA,NA,NA,NA,NA,7,NA,1,7,NA,NA,660,4628,756,14.26101988,16.33535004,4,1.75,1.51 or more
3262901378-60986-001_3262901378-60986-002,Apartment,5,USA,USA,NA,NA,NA,NA,NA,NA,NA,NA,,,USA,USA,NA,NA,NA,NA,NA,NA,NA,NA,NA,NA,H,Wife,NA,NA,NA,NA,NA,NA,NA,NA,NA,NA,65,58,NA,NA,NA,NA,NA,NA,NA,NA,NA,NA,2,White,0,0,18,64,552.6,4160,708.6,13.28365385,17.03365385,5,0.4,1.00 or less
3262901378-60986-003_3262901378-60986-004,Apartment,6,Peru,Mexico,NA,NA,NA,NA,NA,NA,NA,NA,,,Lat. Am.,Nrth. Am.,NA,NA,NA,NA,NA,NA,NA,NA,NA,NA,H,Wife,NA,NA,NA,NA,NA,NA,NA,NA,NA,NA,60,50,NA,NA,NA,NA,NA,NA,NA,NA,NA,NA,2,White,0,0,19,30,590.4,4888,674.4,12.07855974,13.79705401,6,0.333333333,1.00 or less
3262901378-60986-005_3262901378-60986-006,Apartment,6,PR,PR,USA,USA,USA,USA,USA,NA,NA,NA,,,PR,PR,USA,USA,USA,USA,USA,NA,NA,NA,NA,NA,H,Wife,Daughter,Daughter,Daughter,Son,Son,NA,NA,NA,NA,NA,27,22,6,8,5,2,1,NA,NA,NA,NA,NA,7,NA,1,7,2,8,595.32,2860,595.32,20.81538462,20.81538462,6,1.166666667,1.01 to 1.50
3262901378-60986-007_3262901378-60986-008,Apartment,5,PR,PR,USA,USA,USA,NA,NA,NA,NA,NA,,,PR,PR,USA,USA,USA,NA,NA,NA,NA,NA,NA,NA,Head,Wife,Son,Son,Son,NA,NA,NA,NA,NA,NA,NA,36,25,8,6,5,NA,NA,NA,NA,NA,NA,NA,5,Puerto Rican,1,5,10,10,595.32,2184,679.32,27.25824176,31.1043956,5,1,1.00 or less
3262901378-60986-009_3262901378-60986-010,Apartment,6,NA,NA,NA,NA,NA,NA,NA,NA,NA,NA,,,NA,NA,NA,NA,NA,NA,NA,NA,NA,NA,NA,NA,H,H,Daughter,Son,Son,Daughter,Daughter,Son,NA,NA,NA,NA,NA,NA,NA,NA,NA,NA,NA,NA,NA,NA,NA,NA,8,NA,0,0,NA,NA,583.2,NA,583.2,NA,NA,6,1.333333333,1.01 to 1.50
3262901378-60986-011_3262901378-60986-012,NA,6.5,PR,PR,USA,USA,USA,NA,NA,NA,NA,NA,,,PR,PR,USA,USA,USA,NA,NA,NA,NA,NA,NA,NA,H,Wife,Son,Daughter,Brother,NA,NA,NA,NA,NA,NA,NA,29,21,3,1,19,NA,NA,NA,NA,NA,NA,NA,5,NA,1,5,NA,NA,300,NA,300,NA,NA,6.5,0.769230769,1.00 or less
3262901378-60986-013_3262901378-60986-014,NA,NA,PR,PR,USA,USA,PR,NA,NA,NA,NA,NA,,,PR,PR,USA,USA,PR,NA,NA,NA,NA,NA,NA,NA,Head,Wife,Son,Daughter,Brother,NA,NA,NA,NA,NA,NA,NA,30,21,3,1,19,NA,NA,NA,NA,NA,NA,NA,5,Puerto Rican,1,5,NA,3,300,2600,300,11.53846154,11.53846154,NA,NA,NA
3262901378-60986-015_3262901378-60986-016,Apartment,6,Turkey,NA,NA,NA,NA,NA,NA,NA,NA,NA,,,Europe,NA,NA,NA,NA,NA,NA,NA,NA,NA,NA,NA,bachelor,NA,NA,NA,NA,NA,NA,NA,NA,NA,NA,NA,75,NA,NA,NA,NA,NA,NA,NA,NA,NA,NA,NA,1,White,0,0,22,35,496.8,540,556.8,92,103.1111111,6,0.166666667,1.00 or less
3262901378-60986-017_3262901378-60986-018,Apartment,6,Ecuador,NA,NA,NA,NA,NA,NA,NA,NA,NA,,,Lat. Am.,NA,NA,NA,NA,NA,NA,NA,NA,NA,NA,NA,Head,Friend,Wife,Daughter,Son,Son,Daughter,Daughter,Son,NA,NA,NA,58,NA,NA,NA,NA,NA,NA,NA,NA,NA,NA,NA,9,White,0,0,15,28,583.2,3120,697.2,18.69230769,22.34615385,6,1.5,1.01 to 1.50
3262901378-60986-019_3262901378-60986-020,Apartment,5,Ireland,USA,NA,NA,NA,NA,NA,NA,NA,NA,,,Europe,USA,NA,NA,NA,NA,NA,NA,NA,NA,NA,NA,Head,Son of 1,NA,NA,NA,NA,NA,NA,NA,NA,NA,NA,67,43,NA,NA,NA,NA,NA,NA,NA,NA,NA,NA,2,White,0,0,20,50,483,4004,675,12.06293706,16.85814186,5,0.4,1.00 or less
3262901378-60986-021_3262901378-60986-022,Apartment,5.5,PR,PR,USA,USA,USA,NA,NA,NA,NA,NA,,,PR,PR,USA,USA,USA,NA,NA,NA,NA,NA,NA,NA,Husband,Wife,Son,Son,Daughter,NA,NA,NA,NA,NA,NA,NA,31,33,6,5,4,NA,NA,NA,NA,NA,NA,NA,5,Puerto Rican,1,5,18,26,618,4836,762,12.77915633,15.75682382,5.5,0.909090909,1.00 or less
3262901378-60986-023_3262901378-60986-024,Apartment,5,USA,USA,USA,NA,NA,NA,NA,NA,NA,NA,,,USA,USA,USA,NA,NA,NA,NA,NA,NA,NA,NA,NA,H,Wife,Daughter,NA,NA,NA,NA,NA,NA,NA,NA,NA,31,30,6,NA,NA,NA,NA,NA,NA,NA,NA,NA,3,White,0,0,7,31,570.6,3900,666.6,14.63076923,17.09230769,5,0.6,1.00 or less
3262901378-60986-025_3262901378-60986-026,NA,6,PR,PR,USA,NA,NA,NA,NA,NA,NA,NA,,,PR,PR,USA,NA,NA,NA,NA,NA,NA,NA,NA,NA,Head,Wife,Daughter,NA,NA,NA,NA,NA,NA,NA,NA,NA,27,20,2,NA,NA,NA,NA,NA,NA,NA,NA,NA,3,NA,1,3,NA,NA,552.6,NA,552.6,NA,NA,6,0.5,1.00 or less
3262901378-60986-027_3262901378-60986-028,Apartment,5,USA,USA,NA,NA,NA,NA,NA,NA,NA,NA,,,USA,USA,NA,NA,NA,NA,NA,NA,NA,NA,NA,NA,H,Wife,Daughter,Daughter,NA,NA,NA,NA,NA,NA,NA,NA,39,40,11,10,NA,NA,NA,NA,NA,NA,NA,NA,4,NA,0,0,6,NA,NA,4160,NA,NA,NA,5,0.8,1.00 or less
3262901378-60986-029_3262901378-60986-030,Apartment,5,PR,PR,USA,PR,NA,NA,NA,NA,NA,NA,,,PR,PR,USA,PR,NA,NA,NA,NA,NA,NA,NA,NA,H,Wife,Daughter,M,NA,NA,NA,NA,NA,NA,NA,NA,34,29,5,NA,NA,NA,NA,NA,NA,NA,NA,NA,4,Puerto Rican,1,4,2,11,648,2600,696,24.92307692,26.76923077,5,0.8,1.00 or less
3262901378-60986-031_3262901378-60986-032,Apartment,6,PR,PR,USA,USA,PR,PR,PR,NA,NA,NA,,,PR,PR,USA,USA,PR,PR,PR,NA,NA,NA,NA,NA,H,Wife,Son,Son,Son,Son,Mother of 2,NA,NA,NA,NA,NA,54,46,11,10,21,19,72,NA,NA,NA,NA,NA,7,Puerto Rican,1,7,15,20,483,2732.64,483,17.67521518,17.67521518,6,1.166666667,1.01 to 1.50
3262901700-60987-001_3262901700-60987-002,Apartment,6,PR,PR,PR,PR,PR,PR,PR,PR,USA,USA,,,PR,PR,PR,PR,PR,PR,PR,PR,USA,USA,NA,NA,H,Wife,Son,Daughter,Son,Daughter,Daughter,Son,Son,Son,NA,NA,45,43,15,13,11,8,6,4,3,1,NA,NA,10,NA,1,10,0.75,5,423,2496,603,16.94711538,24.15865385,6,1.666666667,1.51 or more
3262901700-60987-003_3262901700-60987-004,Apartment,4,PR,PR,PR,PR,PR,PR,PR,USA,USA,NA,,,PR,PR,PR,PR,PR,PR,PR,USA,USA,NA,NA,NA,H,Wife,Son,Son,Son,Daughter,Daughter,Daughter,Daughter,NA,NA,NA,38,36,13,11,8,6,3,1,0,NA,NA,NA,9,NA,1,9,0.5,3,639,2704,771,23.6316568,28.51331361,4,2.25,1.51 or more
3262901700-60987-005_3262901700-60987-006,Apartment,4,PR,USA,USA,USA,USA,USA,NA,NA,NA,NA,,,PR,USA,USA,USA,USA,USA,NA,NA,NA,NA,NA,NA,Mother,Son,Son,Son,Son,Daughter,NA,NA,NA,NA,NA,NA,29,10,6,5,4,1,NA,NA,NA,NA,NA,NA,6,NA,1,6,0.25,10,411,NA,519,NA,NA,4,1.5,1.01 to 1.50
3262901700-60987-007_3262901700-60987-008,Apartment,4,PR,PR,PR,PR,PR,PR,USA,USA,USA,NA,,,PR,PR,PR,PR,PR,PR,USA,USA,USA,NA,NA,NA,H,Wife,Son,Son,Daughter,Son,Son,Daughter,Daughter,NA,NA,NA,45,37,16,15,12,10,5,4,16,NA,NA,NA,9,Puerto Rican,1,9,0.5,9,317.4,1820,317.4,17.43956044,17.43956044,4,2.25,1.51 or more
3262901700-60987-009_3262901700-60987-010,Apartment,4,PR,PR,PR,USA,NA,NA,NA,NA,NA,NA,,,PR,PR,PR,USA,NA,NA,NA,NA,NA,NA,NA,NA,H,Wife,Son,Daughter,NA,NA,NA,NA,NA,NA,NA,NA,28,24,3,2,NA,NA,NA,NA,NA,NA,NA,NA,4,NA,1,4,4,5,413.4,2340,581.4,17.66666667,24.84615385,4,1,1.00 or less
3262901700-60987-011_3262901700-60987-012,Apartment,4,Ireland,NA,NA,NA,NA,NA,NA,NA,NA,NA,,,Europe,NA,NA,NA,NA,NA,NA,NA,NA,NA,NA,NA,NA,NA,NA,NA,NA,NA,NA,NA,NA,NA,NA,NA,79,NA,NA,NA,NA,NA,NA,NA,NA,NA,NA,NA,1,NA,0,0,13,60,310.56,NA,406.56,NA,NA,4,0.25,1.00 or less
3262901700-60987-013_3262901700-60987-014,Apartment,4,PR,PR,PR,PR,PR,PR,NA,NA,NA,NA,,,PR,PR,PR,PR,PR,PR,NA,NA,NA,NA,NA,NA,H,Son,Daughter,Son,Son,Son,NA,NA,NA,NA,NA,NA,44,20,16,13,13,7,NA,NA,NA,NA,NA,NA,6,NA,1,6,4,5,372,NA,748.68,NA,NA,4,1.5,1.01 to 1.50
3262901700-60987-015_3262901700-60987-016,Apartment,4,PR,PR,PR,USA,USA,NA,NA,NA,NA,NA,,,PR,PR,PR,USA,USA,NA,NA,NA,NA,NA,NA,NA,Head,Son,Son,Son,Son,NA,NA,NA,NA,NA,NA,NA,27,8,7,6,2,NA,NA,NA,NA,NA,NA,NA,5,NA,1,5,4,6,630,264,798,238.6363636,302.2727273,4,1.25,1.01 to 1.50
3262901700-60987-017_3262901700-60987-018,Apartment,3,PR,PR,USA,USA,NA,NA,NA,NA,NA,NA,,,PR,PR,USA,USA,NA,NA,NA,NA,NA,NA,NA,NA,Head,Daughter,Daughter,Son,NA,NA,NA,NA,NA,NA,NA,NA,44,22,4,2,NA,NA,NA,NA,NA,NA,NA,NA,4,Puerto Rican,1,4,7,7,884,1950,956,45.33333333,49.02564103,3,1.333333333,1.01 to 1.50
3262901700-60987-019_3262901700-60987-020,Apartment,4.5,C.Amer.,USA,USA,NA,NA,NA,NA,NA,NA,NA,,,Lat. Am.,USA,USA,NA,NA,NA,NA,NA,NA,NA,NA,NA,H,Wife,Sister of 2,NA,NA,NA,NA,NA,NA,NA,NA,NA,26,25,26,NA,NA,NA,NA,NA,NA,NA,NA,NA,3,NA,0,0,2,5,540,2668.12,540,20.23896976,20.23896976,4.5,0.666666667,1.00 or less
3262901700-60987-021_3262901700-60987-022,Apartment,4,PR,PR,USA,USA,NA,NA,NA,NA,NA,NA,,,PR,PR,USA,USA,NA,NA,NA,NA,NA,NA,NA,NA,H,Wife,Daughter,Son,NA,NA,NA,NA,NA,NA,NA,NA,32,32,9,4,NA,NA,NA,NA,NA,NA,NA,NA,4,NA,1,4,1,14,414,2340,414,17.69230769,17.69230769,4,1,1.00 or less
3262901700-60987-023_3262901700-60987-024,Apartment,4,USA,NA,NA,NA,NA,NA,NA,NA,NA,NA,,,USA,NA,NA,NA,NA,NA,NA,NA,NA,NA,NA,NA,Head,NA,NA,NA,NA,NA,NA,NA,NA,NA,NA,NA,84,NA,NA,NA,NA,NA,NA,NA,NA,NA,NA,NA,1,NA,0,0,23,50,303.6,488.04,387.6,62.20801574,79.4197197,4,0.25,1.00 or less
3262901700-60987-025_3262901700-60987-026,Apartment,4,PR,PR,PR,USA,NA,NA,NA,NA,NA,NA,,,PR,PR,PR,USA,NA,NA,NA,NA,NA,NA,NA,NA,Head,Son,Daughter,Daughter,NA,NA,NA,NA,NA,NA,NA,NA,64,42,24,9,NA,NA,NA,NA,NA,NA,NA,NA,4,NA,1,4,8,8,464.4,2340,656.4,19.84615385,28.05128205,4,1,1.00 or less
3262901700-60987-027_3262901700-60987-028,Apartment,4,PR,NA,NA,NA,NA,NA,NA,NA,NA,NA,,,PR,NA,NA,NA,NA,NA,NA,NA,NA,NA,NA,NA,Head,NA,NA,NA,NA,NA,NA,NA,NA,NA,NA,NA,56,NA,NA,NA,NA,NA,NA,NA,NA,NA,NA,NA,1,Puerto Rican,1,1,1.6,12,414,2288,534,18.09440559,23.33916084,4,0.25,1.00 or less
3262901700-60987-029_3262901700-60987-030,Apartment,4,PR,PR,PR,PR,NA,NA,NA,NA,NA,NA,,,PR,PR,PR,PR,NA,NA,NA,NA,NA,NA,NA,NA,H,Wife,Daughter,Daughter,NA,NA,NA,NA,NA,NA,NA,NA,58,48,17,14,NA,NA,NA,NA,NA,NA,NA,NA,4,Puerto Rican,1,4,2,8,NA,600,NA,NA,NA,4,1,1.00 or less
3262901700-60987-031_3262901700-60987-032,Apartment,4,Turkey,NA,USA,USA,NA,NA,NA,NA,NA,NA,,,Europe,NA,USA,USA,NA,NA,NA,NA,NA,NA,NA,NA,Head,Wife,Daughter,Daughter,NA,NA,NA,NA,NA,NA,NA,NA,70,62,38,32,NA,NA,NA,NA,NA,NA,NA,NA,4,White,0,0,NA,45,303.6,4000,519.6,7.59,12.99,4,1,1.00 or less
3262901700-60987-033_3262901700-60987-034,Apartment,4,PR,PR,PR,USA,NA,NA,NA,NA,NA,NA,,,PR,PR,PR,USA,NA,NA,NA,NA,NA,NA,NA,NA,H,Sister,Brother,Son,NA,NA,NA,NA,NA,NA,NA,NA,33,4,19,3,NA,NA,NA,NA,NA,NA,NA,NA,4,NA,1,4,2,8,468.84,4732,552.84,9.907861369,11.6830093,4,1,1.00 or less
3262901700-60987-035_3262901700-60987-036,Apartment,4,PR,PR,PR,PR,PR,USA,NA,USA,USA,NA,,,PR,PR,PR,PR,PR,USA,NA,USA,USA,NA,NA,NA,H,Wife,Son,Son,Daughter,Daughter,Son,Son,Daughter,NA,NA,NA,38,30,11,10,8,5,5,4,1,NA,NA,NA,9,NA,1,9,3,8,384,NA,384,NA,NA,4,2.25,1.51 or more
3262902027-60988-001_3262902027-60988-002,Apartment,5,Greece,Greece,USA,NA,NA,NA,NA,NA,NA,NA,,,Europe,Europe,USA,NA,NA,NA,NA,NA,NA,NA,NA,NA,Head,Wife,Daughter,NA,NA,NA,NA,NA,NA,NA,NA,NA,76,61,41,NA,NA,NA,NA,NA,NA,NA,NA,NA,3,White,0,0,30,52,559.44,3892.2,679.44,14.37336211,17.45645136,5,0.6,1.00 or less
3262902027-60988-003_3262902027-60988-004,Apartment,5,USA,NA,NA,NA,NA,NA,NA,NA,NA,NA,,,USA,NA,NA,NA,NA,NA,NA,NA,NA,NA,NA,NA,Head,NA,NA,NA,NA,NA,NA,NA,NA,NA,NA,NA,31,NA,NA,NA,NA,NA,NA,NA,NA,NA,NA,NA,1,NA,0,0,3,3.5,643.2,3640,703.2,17.67032967,19.31868132,5,0.2,1.00 or less
3262902027-60988-005_3262902027-60988-006,Apartment,5,USA,USA,USA,USA,USA,USA,NA,NA,NA,NA,,,USA,USA,USA,USA,USA,USA,NA,NA,NA,NA,NA,NA,H,Wife,Son,Daughter,Daughter,Son,NA,NA,NA,NA,NA,NA,56,45,20,17,10,5,NA,NA,NA,NA,NA,NA,6,NA,0,0,16,56,559.44,4524,559.44,12.36604775,12.36604775,5,1.2,1.01 to 1.50
3262902027-60988-007_3262902027-60988-008,Apartment,5,USA,USA,USA,USA,NA,NA,NA,NA,NA,NA,,,USA,USA,USA,USA,NA,NA,NA,NA,NA,NA,NA,NA,Husband,Wife,Son,Son,NA,NA,NA,NA,NA,NA,NA,NA,39,35,11,9,NA,NA,NA,NA,NA,NA,NA,NA,4,NA,0,0,20,39,559.44,4160,835.44,13.44807692,20.08269231,5,0.8,1.00 or less
3262902027-60988-009_3262902027-60988-010,Apartment,5,USA,USA,USA,USA,USA,USA,NA,NA,NA,NA,,,USA,USA,USA,USA,USA,USA,NA,NA,NA,NA,NA,NA,H,Wife,D - Mother,Daughter,Son,Daughter,NA,NA,NA,NA,NA,NA,44,36,20,5,3,1,NA,NA,NA,NA,NA,NA,6,Negro,0,0,4.5,16,NA,NA,NA,NA,NA,5,1.2,1.01 to 1.50
3262902027-60988-011_3262902027-60988-012,Apartment,5,USA,USA,USA,NA,NA,NA,NA,NA,NA,NA,,,USA,USA,USA,NA,NA,NA,NA,NA,NA,NA,NA,NA,H,Wife,Son,NA,NA,NA,NA,NA,NA,NA,NA,NA,51,49,12,NA,NA,NA,NA,NA,NA,NA,NA,NA,3,White,0,0,14,50,523.68,3796,523.68,13.79557429,13.79557429,5,0.6,1.00 or less
3262902027-60988-013_3262902027-60988-014,Apartment,5,PR,PR,NA,NA,NA,NA,NA,NA,NA,NA,,,PR,PR,NA,NA,NA,NA,NA,NA,NA,NA,NA,NA,Head,Mother,NA,NA,NA,NA,NA,NA,NA,NA,NA,NA,25,60,NA,NA,NA,NA,NA,NA,NA,NA,NA,NA,2,Puerto Rican,1,2,2,9,667.2,NA,775.2,NA,NA,5,0.4,1.00 or less
3262902027-60988-015_3262902027-60988-016,Apartment,5,Ireland,USA,NA,NA,NA,NA,NA,NA,NA,NA,,,Europe,USA,NA,NA,NA,NA,NA,NA,NA,NA,NA,NA,Head,Niece of 1,NA,NA,NA,NA,NA,NA,NA,NA,NA,NA,NA,29,NA,NA,NA,NA,NA,NA,NA,NA,NA,NA,2,White,0,0,21,NA,559.44,3588,787.44,15.59197324,21.94648829,5,0.4,1.00 or less
3262902027-60988-017_3262902027-60988-018,Apartment,5,Germany,USA,Germany,USA,NA,NA,NA,NA,NA,NA,,,Europe,USA,Europe,USA,NA,NA,NA,NA,NA,NA,NA,NA,H,Wife,Nephew,Niece,NA,NA,NA,NA,NA,NA,NA,NA,47,51,22,12,NA,NA,NA,NA,NA,NA,NA,NA,4,White,0,0,18,28,559.44,3484,667.44,16.05740528,19.15729047,5,0.8,1.00 or less
3262902027-60988-019_3262902027-60988-020,Apartment,5,USA,USA,NA,NA,NA,NA,NA,NA,NA,NA,,,USA,USA,NA,NA,NA,NA,NA,NA,NA,NA,NA,NA,Head,Sister,NA,NA,NA,NA,NA,NA,NA,NA,NA,NA,62,46,NA,NA,NA,NA,NA,NA,NA,NA,NA,NA,2,White,0,0,24,62,559.44,5304,727.44,10.54751131,13.71493213,5,0.4,1.00 or less
3262902338-60989-001_3262902338-60989-002,Apartment,4,USA,USA,NA,NA,NA,NA,NA,NA,NA,NA,,,USA,USA,NA,NA,NA,NA,NA,NA,NA,NA,NA,NA,H,Brother,Son,NA,NA,NA,NA,NA,NA,NA,NA,NA,57,55,28,NA,NA,NA,NA,NA,NA,NA,NA,NA,3,NA,0,0,12,57,510.6,3640,594.6,14.02747253,16.33516484,4,0.75,1.00 or less
3262902338-60989-003_3262902338-60989-004,Apartment,4,USA,USA,USA,USA,USA,NA,NA,NA,NA,NA,,,USA,USA,USA,USA,USA,NA,NA,NA,NA,NA,NA,NA,Mother,Daughter,Daughter,Daughter,Daughter,Husband,NA,NA,NA,NA,NA,NA,28,9,6,4,1,NA,NA,NA,NA,NA,NA,NA,6,White,0,0,5,28,510.6,3640,582.6,14.02747253,16.00549451,4,1.5,1.01 to 1.50
3262902338-60989-005_3262902338-60989-006,Apartment,4,PR,PR,PR,PR,PR,PR,USA,PR,PR,NA,,,PR,PR,PR,PR,PR,PR,USA,PR,PR,NA,NA,NA,H,Wife,Daughter,Son,Son,Son,Son,Father of 1,Mother of 1,NA,NA,NA,36,32,12,10,8,4,0,66,67,NA,NA,NA,9,Puerto Rican,1,9,3,6,602.16,2600,704.16,23.16,27.08307692,4,2.25,1.51 or more
3262902338-60989-007_3262902338-60989-008,Apartment,4,PR,PR,PR,PR,PR,NA,NA,NA,NA,NA,,,PR,PR,PR,PR,PR,NA,NA,NA,NA,NA,NA,NA,Head,Son,Daughter,Daughter,Son,NA,NA,NA,NA,NA,NA,NA,33,16,14,13,13,NA,NA,NA,NA,NA,NA,NA,5,Puerto Rican,1,5,7,7,621,2371.2,621,26.18927126,26.18927126,4,1.25,1.01 to 1.50
3262902338-60989-009_3262902338-60989-010,Apartment,4,USA,USA,NA,NA,NA,NA,NA,NA,NA,NA,,,USA,USA,NA,NA,NA,NA,NA,NA,NA,NA,NA,NA,H,Wife,NA,NA,NA,NA,NA,NA,NA,NA,NA,NA,56,53,NA,NA,NA,NA,NA,NA,NA,NA,NA,NA,2,White,0,0,3,56,444,3120,480,14.23076923,15.38461538,4,0.5,1.00 or less
3262902338-60989-011_3262902338-60989-012,Apartment,4,PR,PR,PR,USA,USA,NA,NA,NA,NA,NA,,,PR,PR,PR,USA,USA,NA,NA,NA,NA,NA,NA,NA,Head,Daughter,Son,Daughter,Daughter,NA,NA,NA,NA,NA,NA,NA,32,16,13,8,7,NA,NA,NA,NA,NA,NA,NA,5,Puerto Rican,1,5,1.5,11,587.16,2174.4,707.16,27.00331126,32.52207506,4,1.25,1.01 to 1.50
3262902338-60989-013_3262902338-60989-014,Apartment,4,PR,PR,USA,USA,USA,NA,NA,NA,NA,NA,,,PR,PR,USA,USA,USA,NA,NA,NA,NA,NA,NA,NA,H,Wife,Son,Daughter,Son,NA,NA,NA,NA,NA,NA,NA,42,26,6,4,1,NA,NA,NA,NA,NA,NA,NA,5,Puerto Rican,1,5,2,11,602.28,2496,602.28,24.12980769,24.12980769,4,1.25,1.01 to 1.50
3262902338-60989-015_3262902338-60989-016,Apartment,4,USA,USA,USA,USA,NA,NA,NA,NA,NA,NA,,,USA,USA,USA,USA,NA,NA,NA,NA,NA,NA,NA,NA,Husband,Wife,Daughter,Son,NA,NA,NA,NA,NA,NA,NA,NA,40,25,12,2,NA,NA,NA,NA,NA,NA,NA,NA,4,White,0,0,13,20,510.6,NA,690.6,NA,NA,4,1,1.00 or less
3262902338-60989-017_3262902338-60989-018,Apartment,4,USA,NA,NA,NA,NA,NA,NA,NA,NA,NA,,,USA,NA,NA,NA,NA,NA,NA,NA,NA,NA,NA,NA,Head,NA,NA,NA,NA,NA,NA,NA,NA,NA,NA,NA,46,NA,NA,NA,NA,NA,NA,NA,NA,NA,NA,NA,1,White,0,0,3,NA,496.8,NA,496.8,NA,NA,4,0.25,1.00 or less
3262902338-60989-019_3262902338-60989-020,Apartment,4,PR,PR,PR,PR,PR,PR,PR,PR,NA,NA,,,PR,PR,PR,PR,PR,PR,PR,PR,NA,NA,NA,NA,H,Wife,Daughter,Daughter,Son,Daughter,Daughter,Daughter,NA,NA,NA,NA,18,23,40,41,44,46,50,52,NA,NA,NA,NA,8,Puerto Rican,1,8,1,5,675.24,4472,1035.24,15.09928444,23.14937388,4,2,1.51 or more
3262902338-60989-021_3262902338-60989-022,Apartment,4,PR,PR,PR,PR,PR,PR,USA,USA,USA,USA,,,PR,PR,PR,PR,PR,PR,USA,USA,USA,USA,NA,NA,H,Wife,Son,Daughter,Son,Daughter,Daughter,Son,Daughter,Son,NA,NA,37,29,13,12,10,9,7,5,2,4,NA,NA,10,Puerto Rican,1,10,6,8,602.28,NA,710.28,NA,NA,4,2.5,1.51 or more
3262902338-60989-023_3262902338-60989-024,Apartment,4,PR,PR,PR,PR,PR,NA,NA,NA,NA,NA,,,PR,PR,PR,PR,PR,NA,NA,NA,NA,NA,NA,NA,H,Wife,Daughter,Son,Daughter,NA,NA,NA,NA,NA,NA,NA,14,24,44,50,46,NA,NA,NA,NA,NA,NA,NA,5,NA,1,5,1,7,648,NA,756,NA,NA,4,1.25,1.01 to 1.50
3262902338-60989-025_3262902338-60989-026,Apartment,4,Denmark,CostaRica,NA,NA,NA,NA,NA,NA,NA,NA,,,Europe,Lat. Am.,NA,NA,NA,NA,NA,NA,NA,NA,NA,NA,Head,NA,NA,NA,NA,NA,NA,NA,NA,NA,NA,NA,63,59,NA,NA,NA,NA,NA,NA,NA,NA,NA,NA,2,White,0,0,13,37,510.6,4200,600.6,12.15714286,14.3,4,0.5,1.00 or less
3262902338-60989-027_3262902338-60989-028,Apartment,4,USA,USA,USA,NA,NA,NA,NA,NA,NA,NA,,,USA,USA,USA,NA,NA,NA,NA,NA,NA,NA,NA,NA,H,Brother,Sister,NA,NA,NA,NA,NA,NA,NA,NA,NA,66,68,63,NA,NA,NA,NA,NA,NA,NA,NA,NA,3,White,0,0,13,35,510.6,877.2,594.6,58.20793434,67.78385773,4,0.75,1.00 or less
3262902338-60989-029_3262902338-60989-030,Apartment,4,USA,USA,USA,NA,NA,NA,NA,NA,NA,NA,,,USA,USA,USA,NA,NA,NA,NA,NA,NA,NA,NA,NA,H,Wife,Son,NA,NA,NA,NA,NA,NA,NA,NA,NA,52,49,26,NA,NA,NA,NA,NA,NA,NA,NA,NA,3,White,0,0,15,52,455.4,4524,563.4,10.066313,12.4535809,4,0.75,1.00 or less
3262902617-60990-001_3262902617-60990-002,Apartment,5,Spain,Mexico,USA,USA,USA,NA,NA,NA,NA,NA,,,Europe,Nrth. Am.,USA,USA,USA,NA,NA,NA,NA,NA,NA,NA,Husband,Wife,Daughter,Son,Son,NA,NA,NA,NA,NA,NA,NA,51,44,8,7,5,NA,NA,NA,NA,NA,NA,NA,5,Puerto Rican,1,5,8,11,571.2,NA,571.2,NA,NA,5,1,1.00 or less
3262902617-60990-003_3262902617-60990-004,Apartment,5,Cuba,PR,USA,USA,Cuba,PR,NA,NA,NA,NA,,,Caribbean,PR,USA,USA,Caribbean,PR,NA,NA,NA,NA,NA,NA,H,Wife,Son,Daughter,Mother of 1,Brother of 1,NA,NA,NA,NA,NA,NA,32,24,1,4,50,20,NA,NA,NA,NA,NA,NA,6,NA,1,6,3,3,621,5200,621,11.94230769,11.94230769,5,1.2,1.01 to 1.50
3262902617-60990-005_3262902617-60990-006,Apartment,5,USA,USA,USA,USA,NA,NA,NA,NA,NA,NA,,,USA,USA,USA,USA,NA,NA,NA,NA,NA,NA,NA,NA,Head,Wife,Son,Son,NA,NA,NA,NA,NA,NA,NA,NA,39,39,11,8,NA,NA,NA,NA,NA,NA,NA,NA,4,White,0,0,5,39,585,4940,729,11.84210526,14.75708502,5,0.8,1.00 or less
3262902617-60990-007_3262902617-60990-008,Apartment,5,USA,Italy,USA,NA,NA,NA,NA,NA,NA,NA,,,USA,Europe,USA,NA,NA,NA,NA,NA,NA,NA,NA,NA,Head,Mother,Brother,NA,NA,NA,NA,NA,NA,NA,NA,NA,38,63,29,NA,NA,NA,NA,NA,NA,NA,NA,NA,3,White,0,0,45,38,544.8,2704,664.8,20.14792899,24.58579882,5,0.6,1.00 or less
3262902617-60990-009_3262902617-60990-010,Apartment,5.5,USA,USA,NA,NA,NA,NA,NA,NA,NA,NA,,,USA,USA,NA,NA,NA,NA,NA,NA,NA,NA,NA,NA,Husband,Wife,NA,NA,NA,NA,NA,NA,NA,NA,NA,NA,59,49,NA,NA,NA,NA,NA,NA,NA,NA,NA,NA,2,White,0,0,16,59,496.8,7020,700.8,7.076923077,9.982905983,5.5,0.363636364,1.00 or less
3262902617-60990-011_3262902617-60990-012,Apartment,5,PR,PR,NA,NA,NA,NA,NA,NA,NA,NA,,,PR,PR,NA,NA,NA,NA,NA,NA,NA,NA,NA,NA,Wife,Husband,Son,NA,NA,NA,NA,NA,NA,NA,NA,NA,45,34,16,NA,NA,NA,NA,NA,NA,NA,NA,NA,3,Puerto Rican,1,3,11,12,496.8,4420,640.8,11.239819,14.49773756,5,0.6,1.00 or less
3262902617-60990-013_3262902617-60990-014,Apartment,5,PR,USA,PR,NA,NA,NA,NA,NA,NA,NA,,,PR,USA,PR,NA,NA,NA,NA,NA,NA,NA,NA,NA,H,Daughter,Brother in Law of 1,NA,NA,NA,NA,NA,NA,NA,NA,NA,48,11,44,NA,NA,NA,NA,NA,NA,NA,NA,NA,3,Puerto Rican,1,3,4,27,660,5382,780,12.26309922,14.49275362,5,0.6,1.00 or less
3262902617-60990-015_3262902617-60990-016,Apartment,5,PR,PR,PR,PR,NA,NA,NA,NA,NA,NA,,,PR,PR,PR,PR,NA,NA,NA,NA,NA,NA,NA,NA,Head,Wife,Daughter,Friend,NA,NA,NA,NA,NA,NA,NA,NA,30,NA,NA,NA,NA,NA,NA,NA,NA,NA,NA,NA,4,Puerto Rican,1,4,2,8,610.56,5720,712.56,10.67412587,12.45734266,5,0.8,1.00 or less
3262902617-60990-017_3262902617-60990-018,NA,5,NA,NA,NA,NA,NA,NA,NA,NA,NA,NA,,,NA,NA,NA,NA,NA,NA,NA,NA,NA,NA,NA,NA,Wife,H,Daughter,Son,Daughter,Daughter,NA,NA,NA,NA,NA,NA,NA,NA,NA,NA,NA,NA,NA,NA,NA,NA,NA,NA,6,NA,0,0,NA,NA,496.8,NA,496.8,NA,NA,5,1.2,1.01 to 1.50
3262902617-60990-019_3262902617-60990-020,Apartment,5,PR,PR,USA,NA,NA,NA,NA,NA,NA,NA,,,PR,PR,USA,NA,NA,NA,NA,NA,NA,NA,NA,NA,Head,Wife,Son,NA,NA,NA,NA,NA,NA,NA,NA,NA,22,21,1,NA,NA,NA,NA,NA,NA,NA,NA,NA,3,Puerto Rican,1,3,4,4,630,2288,738,27.53496503,32.25524476,5,0.6,1.00 or less
3262902617-60990-021_3262902617-60990-022,Apartment,5,PR,USA,USA,USA,USA,NA,NA,NA,NA,NA,,,PR,USA,USA,USA,USA,NA,NA,NA,NA,NA,NA,NA,Mother,Son,Son,Son,Son,NA,NA,NA,NA,NA,NA,NA,55,29,28,27,21,NA,NA,NA,NA,NA,NA,NA,5,NA,1,5,18,30,479.4,NA,479.4,NA,NA,5,1,1.00 or less
3262902861-60991-001_3262902861-60991-002,Apartment,4,USA,USA,USA,USA,USA,USA,NA,NA,NA,NA,,,USA,USA,USA,USA,USA,USA,NA,NA,NA,NA,NA,NA,H,Wife,Son,Son,Son,Son,NA,NA,NA,NA,NA,NA,35,34,11,9,8,3,NA,NA,NA,NA,NA,NA,6,White,0,0,3.5,33,660,4420,660,14.9321267,14.9321267,4,1.5,1.01 to 1.50
3262902861-60991-003_3262902861-60991-004,Apartment,4,USA,USA,USA,NA,NA,NA,NA,NA,NA,NA,,,USA,USA,USA,NA,NA,NA,NA,NA,NA,NA,NA,NA,H,Wife,Son,NA,NA,NA,NA,NA,NA,NA,NA,NA,25,25,2,NA,NA,NA,NA,NA,NA,NA,NA,NA,3,White,0,0,4,25,660,3952,660,16.70040486,16.70040486,4,0.75,1.00 or less
3262902861-60991-005_3262902861-60991-006,Apartment,4,Ireland,USA,NA,NA,NA,NA,NA,NA,NA,NA,,,Europe,USA,NA,NA,NA,NA,NA,NA,NA,NA,NA,NA,Head,Husband,NA,NA,NA,NA,NA,NA,NA,NA,NA,NA,67,68,NA,NA,NA,NA,NA,NA,NA,NA,NA,NA,2,White,0,0,45,52,612,3238.8,672,18.89588737,20.74842534,4,0.5,1.00 or less
3262902861-60991-007_3262902861-60991-008,Apartment,NA,NA,NA,NA,NA,NA,NA,NA,NA,NA,NA,,,NA,NA,NA,NA,NA,NA,NA,NA,NA,NA,NA,NA,NA,NA,NA,NA,NA,NA,NA,NA,NA,NA,NA,NA,5,4,2,0,NA,NA,NA,NA,NA,NA,NA,NA,4,NA,0,0,NA,2.5,660,NA,660,NA,NA,NA,NA,NA
3262902861-60991-009_3262902861-60991-010,Apartment,4,PR,PR,USA,NA,NA,NA,NA,NA,NA,NA,,,PR,PR,USA,NA,NA,NA,NA,NA,NA,NA,NA,NA,Husband,Wife,Son,NA,NA,NA,NA,NA,NA,NA,NA,NA,24,24,3,NA,NA,NA,NA,NA,NA,NA,NA,NA,3,Puerto Rican,1,3,9,6,658.8,2600,886.8,25.33846154,34.10769231,4,0.75,1.00 or less
3262902861-60991-011_3262902861-60991-012,NA,NA,USA,USA,USA,USA,PR,NA,NA,NA,NA,NA,,,USA,USA,USA,USA,PR,NA,NA,NA,NA,NA,NA,NA,Son,Son,Son,Son,Head,NA,NA,NA,NA,NA,NA,NA,5,4,3,1,NA,NA,NA,NA,NA,NA,NA,NA,5,NA,1,5,NA,NA,NA,NA,NA,NA,NA,NA,NA,NA
3262902861-60991-013_3262902861-60991-014,NA,4,NA,NA,NA,NA,NA,NA,NA,NA,NA,NA,,,NA,NA,NA,NA,NA,NA,NA,NA,NA,NA,NA,NA,H,Wife,Son,Son,Daughter,NA,NA,NA,NA,NA,NA,NA,36,30,NA,NA,NA,NA,NA,NA,NA,NA,NA,NA,5,NA,0,0,NA,NA,660,NA,660,NA,NA,4,1.25,1.01 to 1.50
3262902861-60991-015_3262902861-60991-016,NA,4,PR,PR,PR,PR,PR,PR,NA,NA,NA,NA,,,PR,PR,PR,PR,PR,PR,NA,NA,NA,NA,NA,NA,H,Daughter,Daughter,Daughter,Daughter,Daughter of 2,NA,NA,NA,NA,NA,NA,44,22,16,24,24,2,NA,NA,NA,NA,NA,NA,5,Puerto Rican,1,5,1.9,13,722.4,2756,722.4,26.21190131,26.21190131,4,1.25,1.01 to 1.50
3262902861-60991-017_3262902861-60991-018,Apartment,4,PR,PR,PR,PR,NA,NA,NA,NA,NA,NA,,,PR,PR,PR,PR,NA,NA,NA,NA,NA,NA,NA,NA,Head,Wife,Son,Daughter,NA,NA,NA,NA,NA,NA,NA,NA,35,29,15,14,NA,NA,NA,NA,NA,NA,NA,NA,4,Puerto Rican,1,4,2,8,662.4,3380,758.4,19.59763314,22.43786982,4,1,1.00 or less
3262902861-60991-019_3262902861-60991-020,Apartment,4,USA,England,NA,NA,NA,NA,NA,NA,NA,NA,,,USA,Europe,NA,NA,NA,NA,NA,NA,NA,NA,NA,NA,Head,Friend,NA,NA,NA,NA,NA,NA,NA,NA,NA,NA,69,69,NA,NA,NA,NA,NA,NA,NA,NA,NA,NA,2,White,0,0,20,35,576,NA,636,NA,NA,4,0.5,1.00 or less
3262902861-60991-021_3262902861-60991-022,Apartment,4,USA,USA,USA,USA,USA,NA,NA,NA,NA,NA,,,USA,USA,USA,USA,USA,NA,NA,NA,NA,NA,NA,NA,Head,Daughter,Sister,daughter of sister,daughter of sister,NA,NA,NA,NA,NA,NA,NA,29,2,31,8,7,NA,NA,NA,NA,NA,NA,NA,5,White,0,0,3,29,744,6708,876,11.09123435,13.05903399,4,1.25,1.01 to 1.50
3262902861-60991-023_3262902861-60991-024,Apartment,5,PR,PR,PR,PR,PR,NA,NA,NA,NA,NA,,,PR,PR,PR,PR,PR,NA,NA,NA,NA,NA,NA,NA,Husband,Wife,Son,Niece,Mother,NA,NA,NA,NA,NA,NA,NA,34,31,9,10,56,NA,NA,NA,NA,NA,NA,NA,5,Puerto Rican,1,5,1,8,642.72,5980,642.72,10.74782609,10.74782609,5,1,1.00 or less
3262902861-60991-025_3262902861-60991-026,NA,4,PR,PR,PR,NA,NA,NA,NA,NA,NA,NA,,,PR,PR,PR,NA,NA,NA,NA,NA,NA,NA,NA,NA,Head,Wife,Son,NA,NA,NA,NA,NA,NA,NA,NA,NA,26,32,11,NA,NA,NA,NA,NA,NA,NA,NA,NA,3,Puerto Rican,1,3,9,9,662.4,2860,866.4,23.16083916,30.29370629,4,0.75,1.00 or less
3262905290-60992-001_3262905290-60992-002,Apartment,4,PR,PR,PR,PR,PR,PR,NA,NA,NA,NA,,,PR,PR,PR,PR,PR,PR,NA,NA,NA,NA,NA,NA,Husband,Wife,Son,Son,Son,Son,NA,NA,NA,NA,NA,NA,50,40,19,15,12,10,NA,NA,NA,NA,NA,NA,6,NA,1,6,0.16,6,348.6,4972.24,471.6,7.010924654,9.484658826,4,1.5,1.01 to 1.50
3262905290-60992-003_3262905290-60992-004,Apartment,3,England,England,NA,NA,NA,NA,NA,NA,NA,NA,,,Europe,Europe,NA,NA,NA,NA,NA,NA,NA,NA,NA,NA,Husband,Wife,NA,NA,NA,NA,NA,NA,NA,NA,NA,NA,71,69,NA,NA,NA,NA,NA,NA,NA,NA,NA,NA,2,NA,0,0,37,48,289.8,8762,289.8,3.307464049,3.307464049,3,0.666666667,1.00 or less
3262905290-60992-005_3262905290-60992-006,Apartment,3,USA,USA,USA,USA,USA,USA,USA,NA,NA,NA,,,USA,USA,USA,USA,USA,USA,USA,NA,NA,NA,NA,NA,Head,Wife,Sister,Daughter,Daughter,Daughter,Daughter,NA,NA,NA,NA,NA,28,26,30,11,6,3,1,NA,NA,NA,NA,NA,7,White,0,0,NA,NA,333,3640,525,9.148351648,14.42307692,3,2.333333333,1.51 or more
3262905290-60992-007_3262905290-60992-008,Apartment,3,USA,NA,NA,NA,NA,NA,NA,NA,NA,NA,,,USA,NA,NA,NA,NA,NA,NA,NA,NA,NA,NA,NA,H,NA,NA,NA,NA,NA,NA,NA,NA,NA,NA,NA,67,NA,NA,NA,NA,NA,NA,NA,NA,NA,NA,NA,1,NA,0,0,30,67,331.2,1820,451.2,18.1978022,24.79120879,3,0.333333333,1.00 or less
3262905290-60992-009_3262905290-60992-010,Apartment,3,USA,USA,USA,NA,NA,NA,NA,NA,NA,NA,,,USA,USA,USA,NA,NA,NA,NA,NA,NA,NA,NA,NA,H,Wife,Daughter,NA,NA,NA,NA,NA,NA,NA,NA,NA,59,45,12,NA,NA,NA,NA,NA,NA,NA,NA,NA,3,NA,0,0,1,45,348,2000,348,17.4,17.4,3,1,1.00 or less
3262905290-60992-011_3262905290-60992-012,Apartment,3,PR,PR,PR,PR,PR,PR,NA,NA,NA,NA,,,PR,PR,PR,PR,PR,PR,NA,NA,NA,NA,NA,NA,Head,Wife,Son,Son,Son,Daughter,NA,NA,NA,NA,NA,NA,36,32,11,10,7,6,NA,NA,NA,NA,NA,NA,6,NA,1,6,4,4,460.8,2080,586.8,22.15384615,28.21153846,3,2,1.51 or more
3262905290-60992-013_3262905290-60992-014,Apartment,3,USA,NA,NA,NA,NA,NA,NA,NA,NA,NA,,,USA,NA,NA,NA,NA,NA,NA,NA,NA,NA,NA,NA,Head,NA,NA,NA,NA,NA,NA,NA,NA,NA,NA,NA,54,NA,NA,NA,NA,NA,NA,NA,NA,NA,NA,NA,1,NA,0,0,25,53,317.4,3400,317.4,9.335294118,9.335294118,3,0.333333333,1.00 or less
3262905290-60992-015_3262905290-60992-016,Apartment,3,Luxembourg,NA,NA,NA,NA,NA,NA,NA,NA,NA,,,NA,NA,NA,NA,NA,NA,NA,NA,NA,NA,NA,NA,H,NA,NA,NA,NA,NA,NA,NA,NA,NA,NA,NA,63,NA,NA,NA,NA,NA,NA,NA,NA,NA,NA,NA,1,NA,0,0,21,45,358.8,900,418.8,39.86666667,46.53333333,3,0.333333333,1.00 or less
3262905290-60992-017_3262905290-60992-018,Apartment,3,PR,PR,NA,NA,NA,NA,NA,NA,NA,NA,,,PR,PR,NA,NA,NA,NA,NA,NA,NA,NA,NA,NA,Husband,Wife,NA,NA,NA,NA,NA,NA,NA,NA,NA,NA,21,21,NA,NA,NA,NA,NA,NA,NA,NA,NA,NA,2,Puerto Rican,1,2,0.16,5,365.04,2496,365.04,14.625,14.625,3,0.666666667,1.00 or less
3262905290-60992-019_3262905290-60992-020,Apartment,3,PR,PR,PR,PR,NA,NA,NA,NA,NA,NA,,,PR,PR,PR,PR,NA,NA,NA,NA,NA,NA,NA,NA,H,Wife,Son,Son,NA,NA,NA,NA,NA,NA,NA,NA,26,20,5,4,NA,NA,NA,NA,NA,NA,NA,NA,4,NA,1,4,0.33,4,520.8,2704,520.8,19.26035503,19.26035503,3,1.333333333,1.01 to 1.50
3262905290-60992-021_3262905290-60992-022,Apartment,3,USA,NA,NA,NA,NA,NA,NA,NA,NA,NA,,,USA,NA,NA,NA,NA,NA,NA,NA,NA,NA,NA,NA,Head,NA,NA,NA,NA,NA,NA,NA,NA,NA,NA,NA,72,NA,NA,NA,NA,NA,NA,NA,NA,NA,NA,NA,1,NA,0,0,40,NA,275.6,3187.6,275.6,8.646003263,8.646003263,3,0.333333333,1.00 or less
3262905290-60992-023_3262905290-60992-024,Apartment,3,Greece,Greece,USA,NA,NA,NA,NA,NA,NA,NA,,,Europe,Europe,USA,NA,NA,NA,NA,NA,NA,NA,NA,NA,Head,Wife,Son,NA,NA,NA,NA,NA,NA,NA,NA,NA,79,62,24,NA,NA,NA,NA,NA,NA,NA,NA,NA,3,NA,0,0,12,44,358.8,1038,436.8,34.56647399,42.08092486,3,1,1.00 or less
3262905290-60992-025_3262905290-60992-026,Apartment,3,USA,NA,NA,NA,NA,NA,NA,NA,NA,NA,,,USA,NA,NA,NA,NA,NA,NA,NA,NA,NA,NA,NA,H,NA,NA,NA,NA,NA,NA,NA,NA,NA,NA,NA,41,NA,NA,NA,NA,NA,NA,NA,NA,NA,NA,NA,1,White,0,0,24,NA,345,1040,513,33.17307692,49.32692308,3,0.333333333,1.00 or less
3262905290-60992-027_3262905290-60992-028,Apartment,3,PR,PR,PR,PR,PR,NA,NA,NA,NA,NA,,,PR,PR,PR,PR,PR,NA,NA,NA,NA,NA,NA,NA,Head,Wife,Brother in Law,Niece,Niece,NA,NA,NA,NA,NA,NA,NA,43,33,47,19,14,NA,NA,NA,NA,NA,NA,NA,5,Puerto Rican,1,5,NA,7,412.8,7488,556.8,5.512820513,7.435897436,3,1.666666667,1.51 or more
3262905290-60992-029_3262905290-60992-030,Apartment,3,England,NA,NA,NA,NA,NA,NA,NA,NA,NA,,,Europe,NA,NA,NA,NA,NA,NA,NA,NA,NA,NA,NA,H,NA,NA,NA,NA,NA,NA,NA,NA,NA,NA,NA,83,NA,NA,NA,NA,NA,NA,NA,NA,NA,NA,NA,1,White,0,0,20,40,358.8,707.4,448.8,50.72094996,63.44359627,3,0.333333333,1.00 or less
3262905290-60992-031_3262905290-60992-032,Apartment,3,PR,PR,USA,USA,NA,NA,NA,NA,NA,NA,,,PR,PR,USA,USA,NA,NA,NA,NA,NA,NA,NA,NA,Head,Wife,Daughter,Daughter,NA,NA,NA,NA,NA,NA,NA,NA,32,26,6,4,NA,NA,NA,NA,NA,NA,NA,NA,4,NA,1,4,0.6,8,432.6,2860,588.6,15.12587413,20.58041958,3,1.333333333,1.01 to 1.50
3262905290-60992-033_3262905290-60992-034,Apartment,3.5,USA,NA,NA,NA,NA,NA,NA,NA,NA,NA,,,USA,NA,NA,NA,NA,NA,NA,NA,NA,NA,NA,NA,Head,NA,NA,NA,NA,NA,NA,NA,NA,NA,NA,NA,71,NA,NA,NA,NA,NA,NA,NA,NA,NA,NA,NA,1,NA,0,0,15,NA,437.4,1560,437.4,28.03846154,28.03846154,3.5,0.285714286,1.00 or less
3262905290-60992-035_3262905290-60992-036,Apartment,3,PR,USA,USA,NA,NA,NA,NA,NA,NA,NA,,,PR,USA,USA,NA,NA,NA,NA,NA,NA,NA,NA,NA,Head,Son,Son,NA,NA,NA,NA,NA,NA,NA,NA,NA,32,9,7,NA,NA,NA,NA,NA,NA,NA,NA,NA,3,Puerto Rican,1,3,1,13,330.6,3494.4,546.6,9.460851648,15.64217033,3,1,1.00 or less
3262905290-60992-037_3262905290-60992-038,Apartment,3,PR,NA,NA,NA,NA,NA,NA,NA,NA,NA,,,PR,NA,NA,NA,NA,NA,NA,NA,NA,NA,NA,NA,Head,NA,NA,NA,NA,NA,NA,NA,NA,NA,NA,NA,24,NA,NA,NA,NA,NA,NA,NA,NA,NA,NA,NA,1,NA,1,1,1,7,348.6,NA,540.6,NA,NA,3,0.333333333,1.00 or less
3262905511-60993-001_3262905511-60993-002,Apartment,6,USA,USA,USA,NA,NA,NA,NA,NA,NA,NA,,,USA,USA,USA,NA,NA,NA,NA,NA,NA,NA,NA,NA,H,Son,Daughter,NA,NA,NA,NA,NA,NA,NA,NA,NA,51,19,14,NA,NA,NA,NA,NA,NA,NA,NA,NA,3,White,0,0,4,51,634.8,2787.2,694.8,22.77554535,24.9282434,6,0.5,1.00 or less
3262905511-60993-003_3262905511-60993-004,Apartment,6,PR,PR,PR,PR,PR,NA,NA,NA,NA,NA,,,PR,PR,PR,PR,PR,NA,NA,NA,NA,NA,NA,NA,Wife,H,Cousin,Daughter,H,NA,NA,NA,NA,NA,NA,NA,26,36,24,12,20,NA,NA,NA,NA,NA,NA,NA,5,Puerto Rican,1,5,0.25,4,520.8,2340,574.8,22.25641026,24.56410256,6,0.833333333,1.00 or less
3262905511-60993-005_3262905511-60993-006,Apartment,6,Italy,Italy,USA,NA,NA,NA,NA,NA,NA,NA,,,Europe,Europe,USA,NA,NA,NA,NA,NA,NA,NA,NA,NA,H,Wife,Daughter,NA,NA,NA,NA,NA,NA,NA,NA,NA,79,73,37,NA,NA,NA,NA,NA,NA,NA,NA,NA,3,White,0,0,22,30,504,2340,564,21.53846154,24.1025641,6,0.5,1.00 or less
3262905511-60993-007_3262905511-60993-008,Apartment,6,USA,USA,USA,NA,NA,NA,NA,NA,NA,NA,,,USA,USA,USA,NA,NA,NA,NA,NA,NA,NA,NA,NA,Head,Sister,Sister,NA,NA,NA,NA,NA,NA,NA,NA,NA,56,60,54,NA,NA,NA,NA,NA,NA,NA,NA,NA,3,White,0,0,56,56,520.8,4888,622.8,10.65466448,12.74140753,6,0.5,1.00 or less
3262905663-60994-001_3262905663-60994-002,Apartment,5,PR,PR,PR,PR,USA,USA,USA,USA,NA,NA,,,PR,PR,PR,PR,USA,USA,USA,USA,NA,NA,NA,NA,H,Wife,Daughter,Daughter,Son,Son,Son,Daughter,NA,NA,NA,NA,31,29,11,6,2,3,2,1,NA,NA,NA,NA,8,NA,1,8,NA,NA,414,NA,414,NA,NA,5,1.6,1.51 or more
3262905663-60994-003_3262905663-60994-004,Apartment,5,PR,PR,NA,NA,NA,NA,NA,NA,NA,NA,,,PR,PR,NA,NA,NA,NA,NA,NA,NA,NA,NA,NA,H,Wife,NA,NA,NA,NA,NA,NA,NA,NA,NA,NA,35,35,NA,NA,NA,NA,NA,NA,NA,NA,NA,NA,2,Puerto Rican,1,2,2,10,414,NA,414,NA,NA,5,0.4,1.00 or less
3262905663-60994-005_3262905663-60994-006,Apartment,5,USA,USA,USA,NA,NA,NA,NA,NA,NA,NA,,,USA,USA,USA,NA,NA,NA,NA,NA,NA,NA,NA,NA,H,Wife,Son,NA,NA,NA,NA,NA,NA,NA,NA,NA,48,43,8,NA,NA,NA,NA,NA,NA,NA,NA,NA,3,White,0,0,8,48,455.4,3000,571.2,15.18,19.04,5,0.6,1.00 or less
3262905663-60994-007_3262905663-60994-008,Apartment,5,USA,USA,USA,USA,USA,NA,NA,USA,USA,USA,,,USA,USA,USA,USA,USA,NA,NA,USA,USA,USA,NA,NA,H,Wife,Daughter,Daughter,Daughter,Daughter,Daughter,Daughter,Son,Son,NA,NA,47,40,19,18,17,16,15,11,10,9,NA,NA,10,White,0,0,9,47,441.6,3640,567.6,12.13186813,15.59340659,5,2,1.51 or more
3262905663-60994-009_3262905663-60994-010,Apartment,5,USA,USA,USA,USA,NA,NA,NA,NA,NA,NA,,,USA,USA,USA,USA,NA,NA,NA,NA,NA,NA,NA,NA,H,Wife,Daughter,Son,NA,NA,NA,NA,NA,NA,NA,NA,25,25,6,3,NA,NA,NA,NA,NA,NA,NA,NA,4,White,0,0,0.5,25,451.8,4160,561.6,10.86057692,13.5,5,0.8,1.00 or less
3262905663-60994-011_3262905663-60994-012,Apartment,5,USA,Ireland,USA,NA,NA,NA,NA,NA,NA,NA,,,USA,Europe,USA,NA,NA,NA,NA,NA,NA,NA,NA,NA,H,Wife,Son,NA,NA,NA,NA,NA,NA,NA,NA,NA,46,40,21,NA,NA,NA,NA,NA,NA,NA,NA,NA,3,White,0,0,10,45,438,11024,526.8,3.973149492,4.778664731,5,0.6,1.00 or less
3262905663-60994-013_3262905663-60994-014,Apartment,5,PR,USA,USA,PR,NA,NA,NA,NA,NA,NA,,,PR,USA,USA,PR,NA,NA,NA,NA,NA,NA,NA,NA,Mother,Son,Daughter,Grand Mother,NA,NA,NA,NA,NA,NA,NA,NA,31,9,7,56,NA,NA,NA,NA,NA,NA,NA,NA,4,Puerto Rican,1,4,0.58,14,414,2080,510,19.90384615,24.51923077,5,0.8,1.00 or less
3262905663-60994-015_3262905663-60994-016,Apartment,5,USA,USA,USA,NA,NA,NA,NA,NA,NA,NA,,,USA,USA,USA,NA,NA,NA,NA,NA,NA,NA,NA,NA,Head,Wife,Daughter,NA,NA,NA,NA,NA,NA,NA,NA,NA,29,29,2,NA,NA,NA,NA,NA,NA,NA,NA,NA,3,White,0,0,35,29,441.6,4680,549.6,9.435897436,11.74358974,5,0.6,1.00 or less
3262905663-60994-017_3262905663-60994-018,Apartment,5,USA,USA,USA,USA,USA,NA,NA,NA,NA,NA,,,USA,USA,USA,USA,USA,NA,NA,NA,NA,NA,NA,NA,Head,Wife,Daughter,Son,Daughter,NA,NA,NA,NA,NA,NA,NA,37,37,14,9,5,NA,NA,NA,NA,NA,NA,NA,5,White,0,0,15,37,503.64,6500,599.64,7.748307692,9.225230769,5,1,1.00 or less
3262906641-60995-001_3262906641-60995-002,Apartment,5,USA,USA,USA,USA,USA,USA,NA,NA,NA,NA,,,USA,USA,USA,USA,USA,USA,NA,NA,NA,NA,NA,NA,H,Wife,Son,Son,Son,Daughter,NA,NA,NA,NA,NA,NA,56,47,17,15,14,13,NA,NA,NA,NA,NA,NA,6,White,0,0,14,30,276,5616,432.6,4.914529915,7.702991453,5,1.2,1.01 to 1.50
3262906641-60995-003_3262906641-60995-004,Apartment,5,PR,PR,PR,PR,PR,PR,PR,PR,PR,PR,,,PR,PR,PR,PR,PR,PR,PR,PR,PR,PR,NA,NA,H,Wife,Daughter,Son,Daughter,Son,Son,Daughter,Son,Daughter,NA,NA,42,38,18,16,14,12,10,9,6,5,NA,NA,10,Puerto Rican,1,10,2,3.5,317.4,NA,457.8,NA,NA,5,2,1.51 or more
3262906641-60995-005_3262906641-60995-006,Apartment,5,PR,PR,PR,PR,NA,NA,NA,NA,NA,NA,,,PR,PR,PR,PR,NA,NA,NA,NA,NA,NA,NA,NA,H,Wife,Daughter,NA,NA,NA,NA,NA,NA,NA,NA,NA,37,38,15,11,NA,NA,NA,NA,NA,NA,NA,NA,4,Puerto Rican,1,4,0.3,12,403.2,8320,481.2,4.846153846,5.783653846,5,0.8,1.00 or less
3262906641-60995-007_3262906641-60995-008,Apartment,5,France,NA,NA,NA,NA,NA,NA,NA,NA,NA,,,Europe,NA,NA,NA,NA,NA,NA,NA,NA,NA,NA,NA,Head,NA,NA,NA,NA,NA,NA,NA,NA,NA,NA,NA,59,NA,NA,NA,NA,NA,NA,NA,NA,NA,NA,NA,1,White,0,0,23,35,331.2,2080,391.2,15.92307692,18.80769231,5,0.2,1.00 or less
3262906641-60995-009_3262906641-60995-010,Apartment,5,PR,PR,PR,PR,NA,NA,NA,NA,NA,NA,,,PR,PR,PR,PR,NA,NA,NA,NA,NA,NA,NA,NA,H,Wife,Son,Daughter,NA,NA,NA,NA,NA,NA,NA,NA,38,42,15,14,NA,NA,NA,NA,NA,NA,NA,NA,4,Puerto Rican,1,4,3.5,5,365.04,2733.12,365.04,13.35616438,13.35616438,5,0.8,1.00 or less
3262906641-60995-011_3262906641-60995-012,Apartment,5,PR,PR,PR,PR,PR,PR,PR,NA,NA,NA,,,PR,PR,PR,PR,PR,PR,PR,NA,NA,NA,NA,NA,Head,Wife,Daughter,Son,Son,Daughter,Son,NA,NA,NA,NA,NA,33,36,15,13,12,11,10,NA,NA,NA,NA,NA,7,Puerto Rican,1,7,1,7,365.04,5200,605.04,7.02,11.63538462,5,1.4,1.01 to 1.50
3262906641-60995-013_3262906641-60995-014,Apartment,5,USA,USA,USA,USA,NA,NA,NA,NA,NA,NA,,,USA,USA,USA,USA,NA,NA,NA,NA,NA,NA,NA,NA,Head,Sister in Law,Daughter,gr. Si,NA,NA,NA,NA,NA,NA,NA,NA,52,26,24,3,NA,NA,NA,NA,NA,NA,NA,NA,4,White,0,0,NA,52,317.4,7748,749.4,4.096541043,9.672173464,5,0.8,1.00 or less
3262906641-60995-015_3262906641-60995-016,Apartment,5,USA,USA,USA,NA,NA,NA,NA,NA,NA,NA,,,USA,USA,USA,NA,NA,NA,NA,NA,NA,NA,NA,NA,H,Wife,Son,NA,NA,NA,NA,NA,NA,NA,NA,NA,29,25,3,NA,NA,NA,NA,NA,NA,NA,NA,NA,3,White,0,0,3,28,392.52,3562,797.52,11.01965188,22.38966873,5,0.6,1.00 or less
3262906930-60996-001_3262906930-60996-002,Apartment,5,USA,USA,USA,USA,USA,USA,NA,NA,NA,NA,,,USA,USA,USA,USA,USA,USA,NA,NA,NA,NA,NA,NA,H,Wife,Daughter of 2,Son of 2,Daughter of 2,Daughter,NA,NA,NA,NA,NA,NA,49,48,20,18,15,8,NA,NA,NA,NA,NA,NA,6,White,0,0,13,48,567,6240,687,9.086538462,11.00961538,5,1.2,1.01 to 1.50
3262906930-60996-003_3262906930-60996-004,Apartment,5,PR,PR,PR,PR,PR,PR,PR,PR,USA,NA,,,PR,PR,PR,PR,PR,PR,PR,PR,USA,NA,NA,NA,H,Wife,Daughter,Son,Daughter,Daughter,Daughter,Son,Son,NA,NA,NA,34,30,10,8,7,7,5,4,2,NA,NA,NA,9,Puerto Rican,1,9,1.5,4,841.2,5408,841.2,15.55473373,15.55473373,5,1.8,1.51 or more
3262906930-60996-005_3262906930-60996-006,Apartment,5,PR,PR,NA,NA,NA,NA,NA,NA,NA,NA,,,PR,PR,NA,NA,NA,NA,NA,NA,NA,NA,NA,NA,H,Wife,NA,NA,NA,NA,NA,NA,NA,NA,NA,NA,52,44,NA,NA,NA,NA,NA,NA,NA,NA,NA,NA,2,Puerto Rican,1,2,3,10,675.96,2600,768.36,25.99846154,29.55230769,5,0.4,1.00 or less
3262906930-60996-007_3262906930-60996-008,Apartment,5,CostaRica,Nicaragua,Nicaragua,Nicaragua,NA,Nicaragua,Nicaragua,USA,NA,NA,,,Lat. Am.,Lat. Am.,Lat. Am.,Lat. Am.,NA,Lat. Am.,Lat. Am.,USA,NA,NA,NA,NA,H,Wife,Son,Son,Son,Sister of 2 Mother,Daughter,Son,NA,NA,NA,NA,30,34,10,8,3,37,9,1,NA,NA,NA,NA,8,other,0,0,2,5,684.72,4680,684.72,14.63076923,14.63076923,5,1.6,1.51 or more
3262906930-60996-009_3262906930-60996-010,Apartment,5,USA,NA,NA,NA,NA,NA,NA,NA,NA,NA,,,USA,NA,NA,NA,NA,NA,NA,NA,NA,NA,NA,NA,NA,NA,NA,NA,NA,NA,NA,NA,NA,NA,NA,NA,57,NA,NA,NA,NA,NA,NA,NA,NA,NA,NA,NA,1,White,0,0,20,57,525.6,2340,597.6,22.46153846,25.53846154,5,0.2,1.00 or less
3262906930-60996-011_3262906930-60996-012,Apartment,5,USA,Nicaragua,Nicaragua,Nicaragua,USA,NA,NA,NA,NA,NA,,,USA,Lat. Am.,Lat. Am.,Lat. Am.,USA,NA,NA,NA,NA,NA,NA,NA,H,Wife,Daughter,Daughter,Daughter,NA,NA,NA,NA,NA,NA,NA,34,32,15,12,2,NA,NA,NA,NA,NA,NA,NA,5,White,0,0,3,8,565.56,6240,565.56,9.063461538,9.063461538,5,1,1.00 or less
3262906930-60996-013_3262906930-60996-014,Apartment,5,USA,USA,USA,NA,NA,NA,NA,NA,NA,NA,,,USA,USA,USA,NA,NA,NA,NA,NA,NA,NA,NA,NA,H,Wife,Son,NA,NA,NA,NA,NA,NA,NA,NA,NA,59,54,27,NA,NA,NA,NA,NA,NA,NA,NA,NA,3,White,0,0,31,59,591,7748.96,699,7.626829923,9.02056534,5,0.6,1.00 or less
3262906930-60996-015_3262906930-60996-016,Apartment,5,PR,PR,PR,PR,PR,PR,PR,PR,PR,USA,,,PR,PR,PR,PR,PR,PR,PR,PR,PR,USA,NA,NA,H,Wife,Daughter,Daughter,Daughter,Daughter,Daughter,Son,Son,Daughter,NA,NA,36,34,17,15,14,12,10,9,7,5,NA,NA,10,Puerto Rican,1,10,0.038461538,6,660,NA,660,NA,NA,5,2,1.51 or more
3262907180-60997-001_3262907180-60997-002,Apartment,5,PR,PR,PR,PR,PR,PR,NA,NA,NA,NA,,,PR,PR,PR,PR,PR,PR,NA,NA,NA,NA,NA,NA,H,Brother in Law,Son,Neice,Nephew,Nephew,NA,NA,NA,NA,NA,NA,35,28,40,7,5,10,NA,NA,NA,NA,NA,NA,6,Puerto Rican,1,6,NA,NA,600,4420,690,13.57466063,15.61085973,5,1.2,1.01 to 1.50
3262907180-60997-003_3262907180-60997-004,Apartment,6,PR,PR,USA,USA,USA,NA,NA,NA,NA,NA,,,PR,PR,USA,USA,USA,NA,NA,NA,NA,NA,NA,NA,NA,NA,NA,NA,NA,NA,NA,NA,NA,NA,NA,NA,42,35,6,2,1,NA,NA,NA,NA,NA,NA,NA,5,Puerto Rican,1,5,4,10.5,600,4160,600,14.42307692,14.42307692,6,0.833333333,1.00 or less
3262907180-60997-005_3262907180-60997-006,Apartment,6,PR,PR,USA,USA,USA,NA,NA,NA,NA,NA,,,PR,PR,USA,USA,USA,NA,NA,NA,NA,NA,NA,NA,H,Wife,Son,Daughter,Son,NA,NA,NA,NA,NA,NA,NA,28,29,7,4,2,NA,NA,NA,NA,NA,NA,NA,5,Puerto Rican,1,5,4,8,595.32,2600,595.32,22.89692308,22.89692308,6,0.833333333,1.00 or less
3262907180-60997-007_3262907180-60997-008,Apartment,6,Greece,NA,NA,NA,NA,NA,NA,NA,NA,NA,,,Europe,NA,NA,NA,NA,NA,NA,NA,NA,NA,NA,NA,Head,NA,NA,NA,NA,NA,NA,NA,NA,NA,NA,NA,51,NA,NA,NA,NA,NA,NA,NA,NA,NA,NA,NA,1,White,0,0,2,28,467.4,2080,467.4,22.47115385,22.47115385,6,0.166666667,1.00 or less
3262907180-60997-009_3262907180-60997-010,Apartment,6,PR,PR,USA,USA,USA,USA,NA,NA,NA,NA,,,PR,PR,USA,USA,USA,USA,NA,NA,NA,NA,NA,NA,Head,Wife,Son,Daughter,Son,Daughter,NA,NA,NA,NA,NA,NA,35,46,18,10,8,5,NA,NA,NA,NA,NA,NA,6,Puerto Rican,1,6,17,40,455.4,NA,719.4,NA,NA,6,1,1.00 or less
3262907180-60997-011_3262907180-60997-012,Apartment,6,USA,USA,USA,NA,NA,NA,NA,NA,NA,NA,,,USA,USA,USA,NA,NA,NA,NA,NA,NA,NA,NA,NA,H,Wife,Daughter,NA,NA,NA,NA,NA,NA,NA,NA,NA,46,46,18,NA,NA,NA,NA,NA,NA,NA,NA,NA,3,White,0,0,15,46,NA,4500,NA,NA,NA,6,0.5,1.00 or less
3262907180-60997-013_3262907180-60997-014,Apartment,6,Greece,Greece,USA,NA,NA,NA,NA,NA,NA,NA,,,Europe,Europe,USA,NA,NA,NA,NA,NA,NA,NA,NA,NA,H,Wife,Son,NA,NA,NA,NA,NA,NA,NA,NA,NA,67,55,23,NA,NA,NA,NA,NA,NA,NA,NA,NA,3,White,0,0,28,43,495,7690.8,597,6.436261507,7.762521454,6,0.5,1.00 or less
3262907180-60997-015_3262907180-60997-016,Apartment,6,Greece,Greece,USA,NA,NA,NA,NA,NA,NA,NA,,,Europe,Europe,USA,NA,NA,NA,NA,NA,NA,NA,NA,NA,NA,NA,NA,NA,NA,NA,NA,NA,NA,NA,NA,NA,58,50,22,NA,NA,NA,NA,NA,NA,NA,NA,NA,3,White,0,0,18,38,483,3380,483,14.28994083,14.28994083,6,0.5,1.00 or less
3262907343-60998-001_3262907343-60998-002,Apartment,5,Cuba,Cuba,NA,NA,NA,NA,NA,NA,NA,NA,,,Caribbean,Caribbean,NA,NA,NA,NA,NA,NA,NA,NA,NA,NA,H,Wife,NA,NA,NA,NA,NA,NA,NA,NA,NA,NA,43,37,NA,NA,NA,NA,NA,NA,NA,NA,NA,NA,2,White,0,0,3,8,566.88,2600,650.88,21.80307692,25.03384615,5,0.4,1.00 or less
3262907343-60998-003_3262907343-60998-004,Apartment,5,Italy,USA,NA,NA,NA,NA,NA,NA,NA,NA,,,Europe,USA,NA,NA,NA,NA,NA,NA,NA,NA,NA,NA,H,Wife,NA,NA,NA,NA,NA,NA,NA,NA,NA,NA,48,40,NA,NA,NA,NA,NA,NA,NA,NA,NA,NA,2,White,0,0,11,40,489.6,4500,573.6,10.88,12.74666667,5,0.4,1.00 or less
3262907343-60998-005_3262907343-60998-006,Apartment,5,PR,PR,PR,PR,USA,USA,USA,USA,USA,USA,,,PR,PR,PR,PR,USA,USA,USA,USA,USA,USA,NA,NA,Head,Wife,NA,NA,NA,NA,NA,NA,NA,NA,NA,NA,38,42,14,13,12,11,10,9,2,0,NA,NA,10,NA,1,10,5,7,651.96,2600,903.96,25.07538462,34.76769231,5,2,1.51 or more
3262907343-60998-007_3262907343-60998-008,Apartment,5,USA,USA,USA,USA,NA,NA,NA,NA,NA,NA,,,USA,USA,USA,USA,NA,NA,NA,NA,NA,NA,NA,NA,H,Wife,Son,Daughter,NA,NA,NA,NA,NA,NA,NA,NA,43,42,17,13,NA,NA,NA,NA,NA,NA,NA,NA,4,White,0,0,3.5,38,641.04,NA,731.04,NA,NA,5,0.8,1.00 or less
3262907343-60998-009_3262907343-60998-010,Apartment,5,USA,Poland,Poland,USA,NA,NA,NA,NA,NA,NA,,,USA,Europe,Europe,USA,NA,NA,NA,NA,NA,NA,NA,NA,Head,Father,Mother,Brother,NA,NA,NA,NA,NA,NA,NA,NA,41,78,73,37,NA,NA,NA,NA,NA,NA,NA,NA,4,White,0,0,20,41,513.6,NA,513.6,NA,NA,5,0.8,1.00 or less
3262907343-60998-011_3262907343-60998-012,Apartment,5,Greece,Greece,Greece,Greece,Greece,NA,NA,NA,NA,NA,,,Europe,Europe,Europe,Europe,Europe,NA,NA,NA,NA,NA,NA,NA,H,Wife,Daughter,Son,Son,NA,NA,NA,NA,NA,NA,NA,42,34,13,12,4,NA,NA,NA,NA,NA,NA,NA,5,White,0,0,1.5,2.5,594.84,3360,678.84,17.70357143,20.20357143,5,1,1.00 or less
3262907343-60998-013_3262907343-60998-014,Apartment,5,Greece,Greece,NA,NA,NA,NA,NA,NA,NA,NA,,,Europe,Europe,NA,NA,NA,NA,NA,NA,NA,NA,NA,NA,Head,Wife,NA,NA,NA,NA,NA,NA,NA,NA,NA,NA,70,53,NA,NA,NA,NA,NA,NA,NA,NA,NA,NA,2,White,0,0,9,18,489.6,4628,579.6,10.57908384,12.52376837,5,0.4,1.00 or less
3262907343-60998-015_3262907343-60998-016,Apartment,5,NA,NA,NA,NA,NA,NA,NA,NA,NA,NA,,,NA,NA,NA,NA,NA,NA,NA,NA,NA,NA,NA,NA,Head,NA,NA,NA,NA,NA,NA,NA,NA,NA,NA,NA,NA,NA,NA,NA,NA,NA,NA,NA,NA,NA,NA,NA,1,NA,0,0,24,58,517.2,NA,517.2,NA,NA,5,0.2,1.00 or less
3262907343-60998-017_3262907343-60998-018,Apartment,5,USA,USA,NA,NA,NA,NA,NA,NA,NA,NA,,,USA,USA,NA,NA,NA,NA,NA,NA,NA,NA,NA,NA,Head,Son,NA,NA,NA,NA,NA,NA,NA,NA,NA,NA,69,32,NA,NA,NA,NA,NA,NA,NA,NA,NA,NA,2,White,0,0,16,69,517.2,7904,637.2,6.543522267,8.061740891,5,0.4,1.00 or less
3262908386-60999-001_3262908386-60999-002,Apartment,6,USA,USA,NA,NA,NA,NA,NA,NA,NA,NA,,,USA,USA,NA,NA,NA,NA,NA,NA,NA,NA,NA,NA,Head,Wife,NA,NA,NA,NA,NA,NA,NA,NA,NA,NA,41,45,NA,NA,NA,NA,NA,NA,NA,NA,NA,NA,2,Negro,0,0,41,41,594.84,4264,666.84,13.95028143,15.63883677,6,0.333333333,1.00 or less
3262908386-60999-003_3262908386-60999-004,Apartment,5,WestInd,NA,NA,NA,NA,NA,NA,NA,NA,NA,,,Caribbean,NA,NA,NA,NA,NA,NA,NA,NA,NA,NA,NA,H,NA,NA,NA,NA,NA,NA,NA,NA,NA,NA,NA,64,NA,NA,NA,NA,NA,NA,NA,NA,NA,NA,NA,1,Negro,0,0,4,39,NA,NA,NA,NA,NA,5,0.2,1.00 or less
3262908386-60999-005_3262908386-60999-006,Apartment,3,HongKong,NA,NA,NA,NA,NA,NA,NA,NA,NA,,,Asia,NA,NA,NA,NA,NA,NA,NA,NA,NA,NA,NA,H,NA,NA,NA,NA,NA,NA,NA,NA,NA,NA,NA,58,NA,NA,NA,NA,NA,NA,NA,NA,NA,NA,NA,1,Oriental,0,0,4,23,1080,NA,1080,NA,NA,3,0.333333333,1.00 or less
3262908386-60999-007_3262908386-60999-008,Apartment,5,PR,PR,PR,PR,PR,PR,PR,NA,NA,NA,,,PR,PR,PR,PR,PR,PR,PR,NA,NA,NA,NA,NA,H,Wife,Daughter,Daughter,Son,Daughter,Son,NA,NA,NA,NA,NA,33,24,8,6,3,2,5,NA,NA,NA,NA,NA,7,NA,1,7,NA,NA,517.2,NA,517.2,NA,NA,5,1.4,1.01 to 1.50
3262908386-60999-009_3262908386-60999-010,Apartment,5,USA,USA,USA,USA,NA,NA,NA,NA,NA,NA,,,USA,USA,USA,USA,NA,NA,NA,NA,NA,NA,NA,NA,Head,Wife,Daughter,Daughter,NA,NA,NA,NA,NA,NA,NA,NA,45,43,19,16,NA,NA,NA,NA,NA,NA,NA,NA,4,White,0,0,13,14,489.6,8670,579.6,5.647058824,6.685121107,5,0.8,1.00 or less
3262908386-60999-011_3262908386-60999-012,Apartment,5,PR,PR,USA,NA,NA,NA,NA,NA,NA,NA,,,PR,PR,USA,NA,NA,NA,NA,NA,NA,NA,NA,NA,Head,Wife,Daughter,NA,NA,NA,NA,NA,NA,NA,NA,NA,37,35,3,NA,NA,NA,NA,NA,NA,NA,NA,NA,3,Puerto Rican,1,3,6,6,651.84,1872,729.84,34.82051282,38.98717949,5,0.6,1.00 or less
3262908386-60999-013_3262908386-60999-014,Apartment,5,Austria,USA,NA,NA,NA,NA,NA,NA,NA,NA,,,Europe,USA,NA,NA,NA,NA,NA,NA,NA,NA,NA,NA,H,Wife,NA,NA,NA,NA,NA,NA,NA,NA,NA,NA,69,50,NA,NA,NA,NA,NA,NA,NA,NA,NA,NA,2,White,0,0,20,34,517.2,5200,589.2,9.946153846,11.33076923,5,0.4,1.00 or less
3262908386-60999-015_3262908386-60999-016,Apartment,5,PR,PR,PR,PR,PR,NA,NA,NA,NA,NA,,,PR,PR,PR,PR,PR,NA,NA,NA,NA,NA,NA,NA,Head,Wife,Daughter,Son,Son,NA,NA,NA,NA,NA,NA,NA,49,43,17,15,13,NA,NA,NA,NA,NA,NA,NA,5,Puerto Rican,1,5,5,10,571.2,4784,655.2,11.93979933,13.69565217,5,1,1.00 or less
3262908386-60999-017_3262908386-60999-018,Apartment,5,PR,PR,PR,NA,NA,NA,NA,NA,NA,NA,,,PR,PR,PR,NA,NA,NA,NA,NA,NA,NA,NA,NA,H,Wife,Mother,NA,NA,NA,NA,NA,NA,NA,NA,NA,32,20,58,NA,NA,NA,NA,NA,NA,NA,NA,NA,3,Puerto Rican,1,3,3,8,666.84,5720,768.84,11.65804196,13.44125874,5,0.6,1.00 or less
3262908386-60999-019_3262908386-60999-020,Apartment,5,PR,PR,PR,PR,PR,PR,PR,PR,NA,NA,,,PR,PR,PR,PR,PR,PR,PR,PR,NA,NA,NA,NA,Husband,Wife,Son,Son,Son,Son,Daughter,Son,NA,NA,NA,NA,44,38,21,28,16,18,15,14,NA,NA,NA,NA,8,Puerto Rican,1,8,7,13,517.2,9800,517.2,5.27755102,5.27755102,5,1.6,1.51 or more
3262908556-60100-001_3262908556-60100-002,Apartment,5,PR,PR,NA,NA,NA,NA,NA,NA,NA,NA,,,PR,PR,NA,NA,NA,NA,NA,NA,NA,NA,NA,NA,Head,Wife,NA,NA,NA,NA,NA,NA,NA,NA,NA,NA,45,34,NA,NA,NA,NA,NA,NA,NA,NA,NA,NA,2,Puerto Rican,1,2,9,11,517.2,4420,613.2,11.70135747,13.87330317,5,0.4,1.00 or less
3262908556-60100-003_3262908556-60100-004,Apartment,5,PR,PR,PR,USA,NA,NA,NA,NA,NA,NA,,,PR,PR,PR,USA,NA,NA,NA,NA,NA,NA,NA,NA,Head,Wife,Daughter,Son,NA,NA,NA,NA,NA,NA,NA,NA,31,22,11,0,NA,NA,NA,NA,NA,NA,NA,NA,4,Puerto Rican,1,4,NA,NA,517.2,4500,733.2,11.49333333,16.29333333,5,0.8,1.00 or less
3262908556-60100-005_3262908556-60100-006,Apartment,5,PR,PR,USA,NA,NA,NA,NA,NA,NA,NA,,,PR,PR,USA,NA,NA,NA,NA,NA,NA,NA,NA,NA,H,Wife,Daughter,NA,NA,NA,NA,NA,NA,NA,NA,NA,32,30,1,NA,NA,NA,NA,NA,NA,NA,NA,NA,3,Puerto Rican,1,3,2,6,563.04,3744,647.04,15.03846154,17.28205128,5,0.6,1.00 or less
3262908556-60100-007_3262908556-60100-008,Apartment,5,Spain,PR,USA,USA,USA,USA,USA,NA,NA,NA,,,Europe,PR,USA,USA,USA,USA,USA,NA,NA,NA,NA,NA,H,Wife,Daughter,Daughter,Daughter,Son,Son,NA,NA,NA,NA,NA,33,27,5,3,2,1,-1,NA,NA,NA,NA,NA,7,Puerto Rican mix,1,7,3,10,672.84,4212,762.84,15.97435897,18.11111111,5,1.4,1.01 to 1.50
3262908556-60100-009_3262908556-60100-010,Apartment,5,PR,PR,PR,PR,NA,NA,NA,NA,NA,NA,,,PR,PR,PR,PR,NA,NA,NA,NA,NA,NA,NA,NA,Head,Wife,Son,Daughter,NA,NA,NA,NA,NA,NA,NA,NA,50,45,18,16,NA,NA,NA,NA,NA,NA,NA,NA,4,Puerto Rican,1,4,13,14,489.6,3484,777.6,14.05281286,22.31917336,5,0.8,1.00 or less
3262908556-60100-011_3262908556-60100-012,Apartment,5,PR,PR,PR,PR,NA,NA,NA,NA,NA,NA,,,PR,PR,PR,PR,NA,NA,NA,NA,NA,NA,NA,NA,Head,Husband,Daughter,Daughter,NA,NA,NA,NA,NA,NA,NA,NA,57,61,27,34,NA,NA,NA,NA,NA,NA,NA,NA,4,Puerto Rican,1,4,3,3,605.04,2068,689.04,29.25725338,33.31914894,5,0.8,1.00 or less
3262908556-60100-013_3262908556-60100-014,Apartment,5,PR,PR,PR,NA,NA,NA,NA,NA,NA,NA,,,PR,PR,PR,NA,NA,NA,NA,NA,NA,NA,NA,NA,H,Wife,Mother of 1,NA,NA,NA,NA,NA,NA,NA,NA,NA,25,24,42,NA,NA,NA,NA,NA,NA,NA,NA,NA,3,Puerto Rican,1,3,1,5,594.84,5824,648.84,10.2135989,11.1407967,5,0.6,1.00 or less
3262908556-60100-015_3262908556-60100-016,Apartment,5,France,USA,USA,NA,NA,NA,NA,NA,NA,NA,,,Europe,USA,USA,NA,NA,NA,NA,NA,NA,NA,NA,NA,H,Daughter,Son,NA,NA,NA,NA,NA,NA,NA,NA,NA,56,23,18,NA,NA,NA,NA,NA,NA,NA,NA,NA,3,White,0,0,22,36,517.2,2912,589.2,17.76098901,20.23351648,5,0.6,1.00 or less
3262908556-60100-017_3262908556-60100-018,Apartment,5,PR,PR,USA,USA,NA,NA,NA,NA,NA,NA,,,PR,PR,USA,USA,NA,NA,NA,NA,NA,NA,NA,NA,Head,Wife,Son,Daughter,NA,NA,NA,NA,NA,NA,NA,NA,30,24,6,5,NA,NA,NA,NA,NA,NA,NA,NA,4,Puerto Rican,1,4,5,10,578.88,3770,674.88,15.35490716,17.90132626,5,0.8,1.00 or less
3262908762-60101-001_3262908762-60101-002,Apartment,6,PR,PR,PR,USA,USA,NA,NA,NA,NA,NA,,,PR,PR,PR,USA,USA,NA,NA,NA,NA,NA,NA,NA,H,Wife,Son,Daughter,Son,NA,NA,NA,NA,NA,NA,NA,27,32,6,5,1,NA,NA,NA,NA,NA,NA,NA,5,NA,1,5,NA,NA,414,NA,414,NA,NA,6,0.833333333,1.00 or less
3262908762-60101-003_3262908762-60101-004,Apartment,6,PR,PR,PR,PR,PR,USA,USA,USA,NA,NA,,,PR,PR,PR,PR,PR,USA,USA,USA,NA,NA,NA,NA,H,Wife,Son,Daughter,Daughter,Son,Son,Son,NA,NA,NA,NA,40,32,16,13,8,3,3,2,NA,NA,NA,NA,8,Puerto Rican,1,8,4,6,NA,600,NA,NA,NA,6,1.333333333,1.01 to 1.50
3262908762-60101-005_3262908762-60101-006,Apartment,6,PR,PR,USA,USA,NA,NA,NA,NA,NA,NA,,,PR,PR,USA,USA,NA,NA,NA,NA,NA,NA,NA,NA,Head,Wife,Daughter,Daughter,NA,NA,NA,NA,NA,NA,NA,NA,32,32,5,0,NA,NA,NA,NA,NA,NA,NA,NA,5,Puerto Rican,1,5,10,11,555.48,2860,687.48,19.42237762,24.03776224,6,0.833333333,1.00 or less
3262908762-60101-007_3262908762-60101-008,Apartment,6,USA,USA,USA,NA,NA,NA,NA,NA,NA,NA,,,USA,USA,USA,NA,NA,NA,NA,NA,NA,NA,NA,NA,Mother,Daughter,Son,NA,NA,NA,NA,NA,NA,NA,NA,NA,53,35,30,NA,NA,NA,NA,NA,NA,NA,NA,NA,3,White,0,0,15,53,469.2,1300,580.2,36.09230769,44.63076923,6,0.5,1.00 or less
3262908762-60101-009_3262908762-60101-010,Apartment,6,PR,PR,PR,PR,PR,NA,NA,NA,NA,NA,,,PR,PR,PR,PR,PR,NA,NA,NA,NA,NA,NA,NA,H,Wife,Son,Son,Son,NA,NA,NA,NA,NA,NA,NA,51,51,20,17,14,NA,NA,NA,NA,NA,NA,NA,5,Puerto Rican,1,5,NA,7,540,4680,780,11.53846154,16.66666667,6,0.833333333,1.00 or less
3262908762-60101-011_3262908762-60101-012,Apartment,6,PR,PR,PR,NA,NA,NA,NA,NA,NA,NA,,,PR,PR,PR,NA,NA,NA,NA,NA,NA,NA,NA,NA,H,Wife,Son,Daughter,NA,NA,NA,NA,NA,NA,NA,NA,50,29,12,6,NA,NA,NA,NA,NA,NA,NA,NA,4,Puerto Rican,1,4,2.5,10,547.56,NA,547.56,NA,NA,6,0.666666667,1.00 or less
3262908762-60101-013_3262908762-60101-014,Apartment,6,PR,PR,PR,PR,PR,PR,USA,NA,NA,NA,,,PR,PR,PR,PR,PR,PR,USA,NA,NA,NA,NA,NA,H,Wife,Mother of 2,Niece,H,Wife,Son,NA,NA,NA,NA,NA,53,46,66,20,31,30,4,NA,NA,NA,NA,NA,7,Puerto Rican,1,7,13,30,441.6,8216,591.84,5.374878286,7.203505355,6,1.166666667,1.01 to 1.50
3262908762-60101-015_3262908762-60101-016,Apartment,6,Colombia,Colombia,Colombia,Colombia,Colombia,NA,NA,NA,NA,NA,,,Lat. Am.,Lat. Am.,Lat. Am.,Lat. Am.,Lat. Am.,NA,NA,NA,NA,NA,NA,NA,H,Wife,Son,Brother,W of 4,NA,NA,NA,NA,NA,NA,NA,44,31,16,31,21,NA,NA,NA,NA,NA,NA,NA,5,other,0,0,0.5,3.5,444.36,4004,571.68,11.0979021,14.27772228,6,0.833333333,1.00 or less
3262908762-60101-017_3262908762-60101-018,Apartment,6,PR,USA,USA,USA,USA,USA,NA,NA,NA,NA,,,PR,USA,USA,USA,USA,USA,NA,NA,NA,NA,NA,NA,H,Wife,Daughter of 2,Son,Son,Son,NA,NA,NA,NA,NA,NA,27,27,9,6,6,4,NA,NA,NA,NA,NA,NA,6,Puerto Rican,1,6,9,9,386.4,3380,535.8,11.43195266,15.85207101,6,1,1.00 or less
3262908762-60101-019_3262908762-60101-020,Apartment,6,PR,PR,USA,NA,NA,NA,NA,NA,NA,NA,,,PR,PR,USA,NA,NA,NA,NA,NA,NA,NA,NA,NA,H,Wife,Son,NA,NA,NA,NA,NA,NA,NA,NA,NA,31,30,4,NA,NA,NA,NA,NA,NA,NA,NA,NA,3,NA,1,3,13,30,NA,2600,NA,NA,NA,6,0.5,1.00 or less
3262908917-60102-001_3262908917-60102-002,Apartment,4,Germany,NA,NA,NA,NA,NA,NA,NA,NA,NA,,,Europe,NA,NA,NA,NA,NA,NA,NA,NA,NA,NA,NA,H,Wife,Daughter,NA,NA,NA,NA,NA,NA,NA,NA,NA,44,44,12,NA,NA,NA,NA,NA,NA,NA,NA,NA,3,NA,0,0,NA,NA,NA,NA,NA,NA,NA,4,0.75,1.00 or less
3262908917-60102-003_3262908917-60102-004,Apartment,6,USA,USA,NA,NA,NA,NA,NA,NA,NA,NA,,,USA,USA,NA,NA,NA,NA,NA,NA,NA,NA,NA,NA,H,Wife,NA,NA,NA,NA,NA,NA,NA,NA,NA,NA,66,NA,NA,NA,NA,NA,NA,NA,NA,NA,NA,NA,2,NA,0,0,18,25,720,3600,804,20,22.33333333,6,0.333333333,1.00 or less
3262911388-61003-001_3262911388-61003-002,Rooming,4,USA,USA,USA,USA,USA,USA,USA,USA,NA,NA,,,USA,USA,USA,USA,USA,USA,USA,USA,NA,NA,NA,NA,Husband,Wife,Daughter,Son,Daughter,Daughter,Daughter,Son,NA,NA,NA,NA,33,33,12,10,9,6,4,2,NA,NA,NA,NA,8,Negro,0,0,5,12,1560,NA,1560,NA,NA,4,2,1.51 or more
3262911388-61003-003_3262911388-61003-004,Rooming,4,PR,PR,PR,PR,PR,PR,PR,PR,PR,USA,,,PR,PR,PR,PR,PR,PR,PR,PR,PR,USA,NA,NA,H,Wife,Son,Daughter,Daughter,Daughter,Daughter,Son,Son,Son,NA,NA,44,44,20,18,15,14,9,8,6,4,NA,NA,10,Puerto Rican,1,10,3,7,1690,NA,1690,NA,NA,4,2.5,1.51 or more
3262911388-61003-005_3262911388-61003-006,Rooming,4,PR,PR,PR,PR,PR,USA,NA,NA,NA,NA,,,PR,PR,PR,PR,PR,USA,NA,NA,NA,NA,NA,NA,H,Wife,Son,Daughter,Son,Son,NA,NA,NA,NA,NA,NA,47,38,15,14,12,5,NA,NA,NA,NA,NA,NA,6,Puerto Rican,1,6,NA,NA,1690,NA,1690,NA,NA,4,1.5,1.01 to 1.50
3262911388-61003-007_3262911388-61003-008,Rooming,2,PR,PR,USA,USA,USA,NA,NA,NA,NA,NA,,,PR,PR,USA,USA,USA,NA,NA,NA,NA,NA,NA,NA,H,Wife,Daughter,Daughter,Son,NA,NA,NA,NA,NA,NA,NA,36,27,4,3,1,NA,NA,NA,NA,NA,NA,NA,5,Puerto Rican,1,5,NA,7,1125.8,NA,1125.8,NA,NA,2,2.5,1.51 or more
3262911388-61003-009_3262911388-61003-010,Rooming,4,PR,PR,PR,PR,PR,USA,USA,USA,NA,NA,,,PR,PR,PR,PR,PR,USA,USA,USA,NA,NA,NA,NA,head - wife,Husband,Son,Daughter,Daughter,Daughter,Son,Daughter,NA,NA,NA,NA,27,48,9,8,7,5,4,1,NA,NA,NA,NA,8,Puerto Rican,1,8,2,NA,1690,NA,1690,NA,NA,4,2,1.51 or more
3262911388-61003-011_3262911388-61003-012,Rooming,2.5,PR,PR,PR,NA,NA,NA,NA,NA,NA,NA,,,PR,PR,PR,NA,NA,NA,NA,NA,NA,NA,NA,NA,H,Wife,NA,NA,NA,NA,NA,NA,NA,NA,NA,NA,23,25,21,NA,NA,NA,NA,NA,NA,NA,NA,NA,3,NA,1,3,4,NA,1040,NA,1040,NA,NA,2.5,1.2,1.01 to 1.50
3262911388-61003-013_3262911388-61003-014,Rooming,4,PR,PR,PR,PR,PR,PR,PR,USA,NA,NA,,,PR,PR,PR,PR,PR,PR,PR,USA,NA,NA,NA,NA,Mother,Daughter,Son,Son,Son,Daughter,Son,Son,NA,NA,NA,NA,35,15,13,11,10,8,7,4,NA,NA,NA,NA,8,Puerto Rican,1,8,0.333333333,5,1690,NA,1690,NA,NA,4,2,1.51 or more
3262911388-61003-015_3262911388-61003-016,Rooming,6,PR,PR,NA,NA,NA,NA,NA,NA,NA,NA,,,PR,PR,NA,NA,NA,NA,NA,NA,NA,NA,NA,NA,H,Wife,NA,NA,NA,NA,NA,NA,NA,NA,NA,NA,54,NA,NA,NA,NA,NA,NA,NA,NA,NA,NA,NA,2,Puerto Rican,1,2,16,39,483,6760,483,7.144970414,7.144970414,6,0.333333333,1.00 or less
3262911388-61003-017_3262911388-61003-018,NA,4,PR,PR,PR,PR,PR,PR,PR,PR,PR,PR,,,PR,PR,PR,PR,PR,PR,PR,PR,PR,PR,NA,NA,H,Wife,Daughter,Daughter,Daughter,Son,Son,Daughter,Son,Son,NA,NA,35,34,14,12,11,9,7,5,4,3,NA,NA,10,Puerto Rican,1,10,2.5,4,1690,2600,1690,65,65,4,2.5,1.51 or more
3262911388-61003-019_3262911388-61003-020,Apartment,1.5,PR,PR,USA,USA,USA,NA,NA,NA,NA,NA,,,PR,PR,USA,USA,USA,NA,NA,NA,NA,NA,NA,NA,H,Wife,Daughter,Son,Daughter,NA,NA,NA,NA,NA,NA,NA,26,39,14,4,2,NA,NA,NA,NA,NA,NA,NA,5,Puerto Rican,1,5,0.75,6,1040.04,NA,1040.04,NA,NA,1.5,3.333333333,1.51 or more
3262911388-61003-021_3262911388-61003-022,Rooming,1,PR,PR,PR,USA,USA,USA,NA,NA,NA,NA,,,PR,PR,PR,USA,USA,USA,NA,NA,NA,NA,NA,NA,head-wife,Husband,Daughter,Daughter,Daughter,Son,NA,NA,NA,NA,NA,NA,25,27,10,6,4,3,NA,NA,NA,NA,NA,NA,6,Puerto Rican,1,6,3,7,NA,NA,NA,NA,NA,1,6,1.51 or more
3262911388-61003-023_3262911388-61003-024,Apartment,6,USA,USA,USA,USA,USA,USA,USA,NA,NA,NA,,,USA,USA,USA,USA,USA,USA,USA,NA,NA,NA,NA,NA,Head,Wife,Daughter,Daughter,Daughter,brother in law,brother in law,NA,NA,NA,NA,NA,46,30,6,5,3,18,14,NA,NA,NA,NA,NA,7,White,0,0,14,46,483,5880,615,8.214285714,10.45918367,6,1.166666667,1.01 to 1.50
3262911388-61003-025_3262911388-61003-026,Rooming,1,USA,USA,USA,USA,USA,USA,NA,NA,NA,NA,,,USA,USA,USA,USA,USA,USA,NA,NA,NA,NA,NA,NA,Mother,Son,Son,Son,Son,Son,NA,NA,NA,NA,NA,NA,28,10,0,7,6,2,NA,NA,NA,NA,NA,NA,6,Negro,0,0,3,28,1125.8,NA,1125.8,NA,NA,1,6,1.51 or more
3262911388-61003-027_3262911388-61003-028,Rooming,2,NA,NA,NA,NA,NA,NA,NA,NA,NA,NA,,,NA,NA,NA,NA,NA,NA,NA,NA,NA,NA,NA,NA,H,Son,Son,Son,Son,NA,NA,NA,NA,NA,NA,NA,NA,NA,NA,NA,NA,NA,NA,NA,NA,NA,NA,NA,5,NA,0,0,NA,NA,1040,NA,1040,NA,NA,2,2.5,1.51 or more
3262911388-61003-029_3262911388-61003-030,Rooming,4,PR,PR,USA,USA,USA,USA,NA,NA,NA,NA,,,PR,PR,USA,USA,USA,USA,NA,NA,NA,NA,NA,NA,H,Wife,Daughter,Son,Daughter,Daughter,NA,NA,NA,NA,NA,NA,26,26,7,6,5,3,NA,NA,NA,NA,NA,NA,6,Puerto Rican,1,6,1.5,NA,566.04,NA,566.04,NA,NA,4,1.5,1.01 to 1.50
3262911388-61003-031_3262911388-61003-032,Rooming,1.5,PR,PR,PR,PR,USA,USA,NA,NA,NA,NA,,,PR,PR,PR,PR,USA,USA,NA,NA,NA,NA,NA,NA,H,Wife,Son,Son,Son,Son,NA,NA,NA,NA,NA,NA,25,26,6,5,4,2,NA,NA,NA,NA,NA,NA,6,Puerto Rican,1,6,1,7,1040,2080,1040,50,50,1.5,4,1.51 or more
3262911615-61004-001_3262911615-61004-002,Rooming,1.5,PR,PR,PR,USA,NA,NA,NA,NA,NA,NA,,,PR,PR,PR,USA,NA,NA,NA,NA,NA,NA,NA,NA,H,Wife,Son,Son,NA,NA,NA,NA,NA,NA,NA,NA,23,24,4,0,NA,NA,NA,NA,NA,NA,NA,NA,4,NA,1,4,2,5,564,1300,564,43.38461538,43.38461538,1.5,2.666666667,1.51 or more
3262911615-61004-003_3262911615-61004-004,Rooming,1,NA,NA,NA,NA,NA,NA,NA,NA,NA,NA,,,NA,NA,NA,NA,NA,NA,NA,NA,NA,NA,NA,NA,H,NA,NA,NA,NA,NA,NA,NA,NA,NA,NA,NA,NA,NA,NA,NA,NA,NA,NA,NA,NA,NA,NA,NA,1,NA,0,0,NA,NA,260.04,NA,260.04,NA,NA,1,1,1.00 or less
3262911615-61004-005_3262911615-61004-006,Rooming,1.5,PR,PR,PR,NA,NA,NA,NA,NA,NA,NA,,,PR,PR,PR,NA,NA,NA,NA,NA,NA,NA,NA,NA,NA,NA,Daughter,NA,NA,NA,NA,NA,NA,NA,NA,NA,23,21,2,NA,NA,NA,NA,NA,NA,NA,NA,NA,3,Puerto Rican,1,3,0.67,0.67,516,NA,516,NA,NA,1.5,2,1.51 or more
3262911615-61004-007_3262911615-61004-008,Rooming,1.5,USA,USA,USA,USA,NA,NA,NA,NA,NA,NA,,,USA,USA,USA,USA,NA,NA,NA,NA,NA,NA,NA,NA,H,Son,Son,Son,NA,NA,NA,NA,NA,NA,NA,NA,33,9,8,4,NA,NA,NA,NA,NA,NA,NA,NA,4,Negro,0,0,NA,NA,879.96,NA,879.96,NA,NA,1.5,2.666666667,1.51 or more
3262911615-61004-009_3262911615-61004-010,Rooming,1.5,USA,USA,USA,NA,NA,NA,NA,NA,NA,NA,,,USA,USA,USA,NA,NA,NA,NA,NA,NA,NA,NA,NA,H,Wife,Daughter,NA,NA,NA,NA,NA,NA,NA,NA,NA,27,24,24,NA,NA,NA,NA,NA,NA,NA,NA,NA,3,Negro,0,0,3,24,768,2860,768,26.85314685,26.85314685,1.5,2,1.51 or more
3262911615-61004-011_3262911615-61004-012,Rooming,1.5,PR,PR,PR,NA,NA,NA,NA,NA,NA,NA,,,PR,PR,PR,NA,NA,NA,NA,NA,NA,NA,NA,NA,H,Son,Son,Son,Son,NA,NA,NA,NA,NA,NA,NA,48,20,16,NA,NA,NA,NA,NA,NA,NA,NA,NA,5,Puerto Rican,1,5,6,6,804,NA,804,NA,NA,1.5,3.333333333,1.51 or more
3262911615-61004-013_3262911615-61004-014,Rooming,1,USA,USA,USA,USA,USA,USA,NA,NA,NA,NA,,,USA,USA,USA,USA,USA,USA,NA,NA,NA,NA,NA,NA,H,Wife,Daughter,Daughter,Daughter,Daughter,NA,NA,NA,NA,NA,NA,30,30,10,2,6,4,NA,NA,NA,NA,NA,NA,6,Negro,0,0,0.67,30,650.4,2080,650.4,31.26923077,31.26923077,1,6,1.51 or more
3262911615-61004-015_3262911615-61004-016,Rooming,1,NA,NA,NA,NA,NA,NA,NA,NA,NA,NA,,,NA,NA,NA,NA,NA,NA,NA,NA,NA,NA,NA,NA,H,NA,NA,NA,NA,NA,NA,NA,NA,NA,NA,NA,NA,NA,NA,NA,NA,NA,NA,NA,NA,NA,NA,NA,1,Negro,0,0,3,NA,771.6,NA,771.6,NA,NA,1,1,1.00 or less
3262911615-61004-017_3262911615-61004-018,Rooming,1,PR,PR,NA,NA,NA,NA,NA,NA,NA,NA,,,PR,PR,NA,NA,NA,NA,NA,NA,NA,NA,NA,NA,Head,Wife,NA,NA,NA,NA,NA,NA,NA,NA,NA,NA,NA,NA,NA,NA,NA,NA,NA,NA,NA,NA,NA,NA,2,Puerto Rican,1,2,0.67,8,384,NA,384,NA,NA,1,2,1.51 or more
3262911615-61004-019_3262911615-61004-020,Rooming,1.5,NA,NA,NA,NA,NA,NA,NA,NA,NA,NA,,,NA,NA,NA,NA,NA,NA,NA,NA,NA,NA,NA,NA,H,Wife,Grand Son,NA,NA,NA,NA,NA,NA,NA,NA,NA,63,65,NA,NA,NA,NA,NA,NA,NA,NA,NA,NA,3,NA,0,0,0.67,NA,600,NA,600,NA,NA,1.5,2,1.51 or more
3262911615-61004-021_3262911615-61004-022,Rooming,1,USA,USA,NA,NA,NA,NA,NA,NA,NA,NA,,,USA,USA,NA,NA,NA,NA,NA,NA,NA,NA,NA,NA,Mother,Son,NA,NA,NA,NA,NA,NA,NA,NA,NA,NA,38,4,NA,NA,NA,NA,NA,NA,NA,NA,NA,NA,2,Negro,0,0,1.25,NA,416,3380,416,12.30769231,12.30769231,1,2,1.51 or more
3262911615-61004-023_3262911615-61004-024,Rooming,1,NA,NA,NA,NA,NA,NA,NA,NA,NA,NA,,,NA,NA,NA,NA,NA,NA,NA,NA,NA,NA,NA,NA,NA,NA,NA,NA,NA,NA,NA,NA,NA,NA,NA,NA,NA,NA,NA,NA,NA,NA,NA,NA,NA,NA,NA,NA,NA,NA,0,NA,NA,NA,960,NA,960,NA,NA,NA,NA,NA
3262911615-61004-025_3262911615-61004-026,Rooming,2,PR,PR,USA,USA,USA,USA,NA,NA,NA,NA,,,PR,PR,USA,USA,USA,USA,NA,NA,NA,NA,NA,NA,H,Wife,Daughter,Daughter,Daughter,Son,NA,NA,NA,NA,NA,NA,24,31,10,8,7,6,NA,NA,NA,NA,NA,NA,6,Puerto Rican,1,6,3,14,936,NA,936,NA,NA,2,3,1.51 or more
3262911615-61004-027_3262911615-61004-028,Rooming,1,Cyprus,NA,NA,NA,NA,NA,NA,NA,NA,NA,,,Europe,NA,NA,NA,NA,NA,NA,NA,NA,NA,NA,NA,H,NA,NA,NA,NA,NA,NA,NA,NA,NA,NA,NA,48,NA,NA,NA,NA,NA,NA,NA,NA,NA,NA,NA,1,White,0,0,8,NA,NA,2860,NA,NA,NA,1,1,1.00 or less
3262911615-61004-029_3262911615-61004-030,Rooming,1,NA,NA,NA,NA,NA,NA,NA,NA,NA,NA,,,NA,NA,NA,NA,NA,NA,NA,NA,NA,NA,NA,NA,H,NA,NA,NA,NA,NA,NA,NA,NA,NA,NA,NA,NA,NA,NA,NA,NA,NA,NA,NA,NA,NA,NA,NA,1,Negro,0,0,1.5,NA,492,NA,492,NA,NA,1,1,1.00 or less
3262911615-61004-031_3262911615-61004-032,Rooming,1,NA,NA,NA,NA,NA,NA,NA,NA,NA,NA,,,NA,NA,NA,NA,NA,NA,NA,NA,NA,NA,NA,NA,H,NA,NA,NA,NA,NA,NA,NA,NA,NA,NA,NA,55,NA,NA,NA,NA,NA,NA,NA,NA,NA,NA,NA,1,NA,0,0,NA,NA,360,NA,360,NA,NA,1,1,1.00 or less
3262911615-61004-033_3262911615-61004-034,Rooming,1.5,USA,USA,USA,USA,NA,NA,NA,NA,NA,NA,,,USA,USA,USA,USA,NA,NA,NA,NA,NA,NA,NA,NA,H,Daughter,Daughter,Son,NA,NA,NA,NA,NA,NA,NA,NA,45,13,8,2,NA,NA,NA,NA,NA,NA,NA,NA,4,Negro,0,0,3,13,744,NA,744,NA,NA,1.5,2.666666667,1.51 or more
3262911615-61004-035_3262911615-61004-036,Rooming,1.5,NA,NA,NA,NA,NA,NA,NA,NA,NA,NA,,,NA,NA,NA,NA,NA,NA,NA,NA,NA,NA,NA,NA,H,NA,NA,NA,NA,NA,NA,NA,NA,NA,NA,NA,32,37,8,7,5,2,NA,NA,NA,NA,NA,NA,6,NA,0,0,NA,NA,771.6,NA,771.6,NA,NA,1.5,4,1.51 or more
3262911615-61004-037_3262911615-61004-038,Rooming,1.5,NA,NA,NA,NA,NA,NA,NA,NA,NA,NA,,,NA,NA,NA,NA,NA,NA,NA,NA,NA,NA,NA,NA,H,NA,NA,NA,NA,NA,NA,NA,NA,NA,NA,NA,NA,NA,NA,NA,NA,NA,NA,NA,NA,NA,NA,NA,1,NA,0,0,NA,NA,832,NA,832,NA,NA,1.5,0.666666667,1.00 or less
3262911615-61004-039_3262911615-61004-040,Rooming,1,PR,PR,USA,USA,NA,NA,NA,NA,NA,NA,,,PR,PR,USA,USA,NA,NA,NA,NA,NA,NA,NA,NA,Head,Husband,Daughter,Son,NA,NA,NA,NA,NA,NA,NA,NA,34,30,6,5,NA,NA,NA,NA,NA,NA,NA,NA,4,Puerto Rican,1,4,5,7,384,2236,384,17.17352415,17.17352415,1,4,1.51 or more
3262911615-61004-041_3262911615-61004-042,Rooming,1,PR,PR,PR,PR,USA,NA,NA,NA,NA,NA,,,PR,PR,PR,PR,USA,NA,NA,NA,NA,NA,NA,NA,H,Wife,Son,Son,Son,NA,NA,NA,NA,NA,NA,NA,21,32,8,7,3,NA,NA,NA,NA,NA,NA,NA,5,Puerto Rican,1,5,3,5.5,816,NA,816,NA,NA,1,5,1.51 or more
3262911615-61004-043_3262911615-61004-044,Rooming,1,NA,NA,NA,NA,NA,NA,NA,NA,NA,NA,,,NA,NA,NA,NA,NA,NA,NA,NA,NA,NA,NA,NA,NA,NA,NA,NA,NA,NA,NA,NA,NA,NA,NA,NA,NA,NA,NA,NA,NA,NA,NA,NA,NA,NA,NA,NA,NA,NA,0,NA,NA,NA,260.04,NA,260.04,NA,NA,NA,NA,NA
3262911615-61004-045_3262911615-61004-046,Rooming,1,NA,NA,NA,NA,NA,NA,NA,NA,NA,NA,,,NA,NA,NA,NA,NA,NA,NA,NA,NA,NA,NA,NA,H,NA,NA,NA,NA,NA,NA,NA,NA,NA,NA,NA,NA,NA,NA,NA,NA,NA,NA,NA,NA,NA,NA,NA,1,NA,0,0,10,NA,1040,NA,1040,NA,NA,1,1,1.00 or less
3262911615-61004-047_3262911615-61004-048,Rooming,1,USA,NA,NA,NA,NA,NA,NA,NA,NA,NA,,,USA,NA,NA,NA,NA,NA,NA,NA,NA,NA,NA,NA,H,NA,NA,NA,NA,NA,NA,NA,NA,NA,NA,NA,50,NA,NA,NA,NA,NA,NA,NA,NA,NA,NA,NA,1,White,0,0,12,50,910,NA,910,NA,NA,1,1,1.00 or less
3262911802-61005-001_3262911802-61005-002,Rooming,4,PR,PR,PR,PR,PR,PR,PR,PR,PR,USA,,,PR,PR,PR,PR,PR,PR,PR,PR,PR,USA,NA,NA,H,Wife,Daughter,Daughter,Daughter,Son,Daughter,Son,Daughter,Son,NA,NA,34,NA,19,18,11,8,6,5,2,1,NA,NA,10,Puerto Rican,1,10,2,3,1040,2600,1040,40,40,4,2.5,1.51 or more
3262911802-61005-003_3262911802-61005-004,Rooming,7,NA,NA,NA,NA,NA,NA,NA,NA,NA,NA,,,NA,NA,NA,NA,NA,NA,NA,NA,NA,NA,NA,NA,NA,NA,NA,NA,NA,NA,NA,NA,NA,NA,NA,NA,NA,NA,NA,NA,NA,NA,NA,NA,NA,NA,NA,NA,NA,NA,0,NA,NA,NA,NA,NA,NA,NA,NA,NA,NA,NA
3262911802-61005-005_3262911802-61005-006,Rooming,7,NA,USA,USA,NA,NA,NA,NA,NA,NA,NA,,,NA,USA,USA,NA,NA,NA,NA,NA,NA,NA,NA,NA,Mother,Daughter,Son,Son,NA,NA,NA,NA,NA,NA,NA,NA,73,31,50,24,NA,NA,NA,NA,NA,NA,NA,NA,4,NA,0,0,20,31,520.2,3016,520.2,17.24801061,17.24801061,7,0.571428571,1.00 or less
3262911802-61005-007_3262911802-61005-008,Rooming,3,PR,PR,PR,PR,USA,USA,NA,NA,NA,NA,,,PR,PR,PR,PR,USA,USA,NA,NA,NA,NA,NA,NA,H,Son,Son,Son,Son,Daughter,NA,NA,NA,NA,NA,NA,31,9,7,5,3,2,NA,NA,NA,NA,NA,NA,6,Puerto Rican,1,6,1,5,1040,NA,1040,NA,NA,3,2,1.51 or more
3262911802-61005-009_3262911802-61005-010,Rooming,3,PR,PR,PR,PR,USA,NA,NA,NA,NA,NA,,,PR,PR,PR,PR,USA,NA,NA,NA,NA,NA,NA,NA,Head,Daughter,Daughter,Son,Grand Son,NA,NA,NA,NA,NA,NA,NA,NA,22,20,19,1,NA,NA,NA,NA,NA,NA,NA,5,Puerto Rican,1,5,NA,NA,468,NA,468,NA,NA,3,1.666666667,1.51 or more
3262911802-61005-011_3262911802-61005-012,Rooming,4,PR,PR,PR,PR,PR,NA,NA,NA,NA,NA,,,PR,PR,PR,PR,PR,NA,NA,NA,NA,NA,NA,NA,H,Wife,Son,Son,Daughter,NA,NA,NA,NA,NA,NA,NA,54,46,16,15,14,NA,NA,NA,NA,NA,NA,NA,5,NA,1,5,5,16,572,NA,572,NA,NA,4,1.25,1.01 to 1.50
3262911802-61005-013_3262911802-61005-014,Rooming,3,PR,PR,PR,USA,NA,NA,NA,NA,NA,NA,,,PR,PR,PR,USA,NA,NA,NA,NA,NA,NA,NA,NA,Head,Wife,Daughter,Daughter,NA,NA,NA,NA,NA,NA,NA,NA,26,26,7,5,NA,NA,NA,NA,NA,NA,NA,NA,4,Puerto Rican,1,4,5,5,429,480,429,89.375,89.375,3,1.333333333,1.01 to 1.50
3262912784-61006-001_3262912784-61006-002,Apartment,1,Austria,USA,NA,NA,NA,NA,NA,NA,NA,NA,,,Europe,USA,NA,NA,NA,NA,NA,NA,NA,NA,NA,NA,Head,Friend,NA,NA,NA,NA,NA,NA,NA,NA,NA,NA,56,NA,NA,NA,NA,NA,NA,NA,NA,NA,NA,NA,2,White,0,0,7,46,483,7540,555,6.405835544,7.360742706,1,2,1.51 or more
3262912784-61006-003_3262912784-61006-004,Apartment,3,USA,USA,NA,NA,NA,NA,NA,NA,NA,NA,,,USA,USA,NA,NA,NA,NA,NA,NA,NA,NA,NA,NA,H,R,NA,NA,NA,NA,NA,NA,NA,NA,NA,NA,30,23,NA,NA,NA,NA,NA,NA,NA,NA,NA,NA,2,White,0,0,2.5,29,606.6,4316,678.6,14.05468026,15.72289157,3,0.666666667,1.00 or less
3262912784-61006-005_3262912784-61006-006,Apartment,2.5,USA,USA,USA,NA,NA,NA,NA,NA,NA,NA,,,USA,USA,USA,NA,NA,NA,NA,NA,NA,NA,NA,NA,H,Wife,Son,NA,NA,NA,NA,NA,NA,NA,NA,NA,50,43,11,NA,NA,NA,NA,NA,NA,NA,NA,NA,3,White,0,0,9,NA,567,NA,639,NA,NA,2.5,1.2,1.01 to 1.50
3262912784-61006-007_3262912784-61006-008,Apartment,3,USA,USA,NA,NA,NA,NA,NA,NA,NA,NA,,,USA,USA,NA,NA,NA,NA,NA,NA,NA,NA,NA,NA,Head,Wife,NA,NA,NA,NA,NA,NA,NA,NA,NA,NA,69,65,NA,NA,NA,NA,NA,NA,NA,NA,NA,NA,2,White,0,0,5,69,603,3778.85,693,15.95723567,18.33891263,3,0.666666667,1.00 or less
3262912784-61006-009_3262912784-61006-010,Apartment,3,Italy,Italy,NA,NA,NA,NA,NA,NA,NA,NA,,,Europe,Europe,NA,NA,NA,NA,NA,NA,NA,NA,NA,NA,H,Wife,NA,NA,NA,NA,NA,NA,NA,NA,NA,NA,65,66,NA,NA,NA,NA,NA,NA,NA,NA,NA,NA,2,White,0,0,14,38,513.12,NA,555.12,NA,NA,3,0.666666667,1.00 or less
3262912784-61006-011_3262912784-61006-012,Apartment,3.5,Italy,Italy,USA,NA,NA,NA,NA,NA,NA,NA,,,Europe,Europe,USA,NA,NA,NA,NA,NA,NA,NA,NA,NA,H,Wife,Daughter,NA,NA,NA,NA,NA,NA,NA,NA,NA,50,47,7,NA,NA,NA,NA,NA,NA,NA,NA,NA,3,White,0,0,12,29,527.64,3900,587.64,13.52923077,15.06769231,3.5,0.857142857,1.00 or less
3262912784-61006-013_3262912784-61006-014,Apartment,3,USA,Scotland,USA,NA,NA,NA,NA,NA,NA,NA,,,USA,Europe,USA,NA,NA,NA,NA,NA,NA,NA,NA,NA,H,Wife,Daughter,NA,NA,NA,NA,NA,NA,NA,NA,NA,41,41,10,NA,NA,NA,NA,NA,NA,NA,NA,NA,3,White,0,0,10,30,NA,2600,NA,NA,NA,3,1,1.00 or less
3262912784-61006-015_3262912784-61006-016,Apartment,3,USA,USA,NA,NA,NA,NA,NA,NA,NA,NA,,,USA,USA,NA,NA,NA,NA,NA,NA,NA,NA,NA,NA,Head,Friend,NA,NA,NA,NA,NA,NA,NA,NA,NA,NA,49,69,NA,NA,NA,NA,NA,NA,NA,NA,NA,NA,2,White,0,0,21,49,557.04,5120,701.04,10.8796875,13.6921875,3,0.666666667,1.00 or less
3262912784-61006-017_3262912784-61006-018,Apartment,3,France,France,USA,NA,NA,NA,NA,NA,NA,NA,,,Europe,Europe,USA,NA,NA,NA,NA,NA,NA,NA,NA,NA,H,Wife,Daughter,NA,NA,NA,NA,NA,NA,NA,NA,NA,27,25,1,NA,NA,NA,NA,NA,NA,NA,NA,NA,3,White,0,0,2,7,678.6,3016,750.6,22.5,24.8872679,3,1,1.00 or less
3262912784-61006-019_3262912784-61006-020,Apartment,3,Greece,Austria,NA,NA,NA,NA,NA,NA,NA,NA,,,Europe,Europe,NA,NA,NA,NA,NA,NA,NA,NA,NA,NA,Head,Wife,NA,NA,NA,NA,NA,NA,NA,NA,NA,NA,64,66,NA,NA,NA,NA,NA,NA,NA,NA,NA,NA,2,White,0,0,29,32,513.12,2600,597.12,19.73538462,22.96615385,3,0.666666667,1.00 or less
3262913099-61007-001_3262913099-61007-002,Apartment,3,PR,PR,PR,PR,NA,NA,NA,NA,NA,NA,,,PR,PR,PR,PR,NA,NA,NA,NA,NA,NA,NA,NA,Head,Wife,Daughter,Daughter,NA,NA,NA,NA,NA,NA,NA,NA,29,25,6,4,NA,NA,NA,NA,NA,NA,NA,NA,4,Puerto Rican,1,4,2.5,2.5,650.4,4992,728.4,13.02884615,14.59134615,3,1.333333333,1.01 to 1.50
3262913099-61007-003_3262913099-61007-004,Apartment,4,PR,PR,PR,NA,NA,NA,NA,NA,NA,NA,,,PR,PR,PR,NA,NA,NA,NA,NA,NA,NA,NA,NA,Head,Son,Son,NA,NA,NA,NA,NA,NA,NA,NA,NA,38,16,8,NA,NA,NA,NA,NA,NA,NA,NA,NA,3,Puerto Rican,1,3,NA,NA,651,NA,735,NA,NA,4,0.75,1.00 or less
3262913099-61007-005_3262913099-61007-006,Apartment,4,PR,PR,PR,PR,PR,NA,NA,NA,NA,NA,,,PR,PR,PR,PR,PR,NA,NA,NA,NA,NA,NA,NA,H,Wife,Son,Son,Daughter,NA,NA,NA,NA,NA,NA,NA,57,51,22,18,13,NA,NA,NA,NA,NA,NA,NA,5,Puerto Rican,1,5,1.5,7,738,2288,882,32.25524476,38.54895105,4,1.25,1.01 to 1.50
3262913099-61007-007_3262913099-61007-008,Apartment,3,USA,PR,USA,USA,NA,NA,NA,NA,NA,NA,,,USA,PR,USA,USA,NA,NA,NA,NA,NA,NA,NA,NA,NA,NA,NA,NA,NA,NA,NA,NA,NA,NA,NA,NA,39,39,12,11,NA,NA,NA,NA,NA,NA,NA,NA,4,NA,1,4,7,11,588,3380,588,17.3964497,17.3964497,3,1.333333333,1.01 to 1.50
3262913099-61007-009_3262913099-61007-010,Apartment,4,PR,PR,PR,NA,NA,NA,NA,NA,NA,NA,,,PR,PR,PR,NA,NA,NA,NA,NA,NA,NA,NA,NA,Head,Wife,Daughter,NA,NA,NA,NA,NA,NA,NA,NA,NA,39,40,9,NA,NA,NA,NA,NA,NA,NA,NA,NA,3,Puerto Rican,1,3,5,6,634.8,3090,724.8,20.54368932,23.45631068,4,0.75,1.00 or less
3262913099-61007-011_3262913099-61007-012,Apartment,5.5,PR,PR,PR,PR,PR,PR,PR,USA,USA,USA,,,PR,PR,PR,PR,PR,PR,PR,USA,USA,USA,NA,NA,Head,Son,Son,Son,Son,Daughter,Daughter,Son,Son,Son,NA,NA,36,19,17,15,13,11,7,1,5,3,NA,NA,10,Puerto Rican,1,10,3.5,3.5,660,1740,750,37.93103448,43.10344828,5.5,1.818181818,1.51 or more
3262913099-61007-013_3262913099-61007-014,Apartment,3,PR,PR,PR,PR,NA,NA,NA,NA,NA,NA,,,PR,PR,PR,PR,NA,NA,NA,NA,NA,NA,NA,NA,Head,Wife,Son,Sister in Law,NA,NA,NA,NA,NA,NA,NA,NA,34,26,10,24,NA,NA,NA,NA,NA,NA,NA,NA,4,Puerto Rican,1,4,1.5,8,879.6,5408,963.6,16.2647929,17.81804734,3,1.333333333,1.01 to 1.50
3262913099-61007-015_3262913099-61007-016,Apartment,3,NA,NA,NA,NA,NA,NA,NA,NA,NA,NA,,,NA,NA,NA,NA,NA,NA,NA,NA,NA,NA,NA,NA,H,Wife,NA,NA,NA,NA,NA,NA,NA,NA,NA,NA,NA,NA,NA,NA,NA,NA,NA,NA,NA,NA,NA,NA,2,White,0,0,NA,NA,552,NA,552,NA,NA,3,0.666666667,1.00 or less
3262913099-61007-017_3262913099-61007-018,Apartment,3,PR,PR,PR,NA,NA,NA,NA,NA,NA,NA,,,PR,PR,PR,NA,NA,NA,NA,NA,NA,NA,NA,NA,Head,Wife,Daughter,Sister in Law,NA,NA,NA,NA,NA,NA,NA,NA,45,37,22,NA,NA,NA,NA,NA,NA,NA,NA,NA,5,Puerto Rican,1,5,7,11,668.4,4472,758.4,14.94633274,16.9588551,3,1.666666667,1.51 or more
3262913099-61007-019_3262913099-61007-020,Apartment,2,USA,NA,NA,NA,NA,NA,NA,NA,NA,NA,,,USA,NA,NA,NA,NA,NA,NA,NA,NA,NA,NA,NA,H,NA,NA,NA,NA,NA,NA,NA,NA,NA,NA,NA,62,NA,NA,NA,NA,NA,NA,NA,NA,NA,NA,NA,1,White,0,0,15,40,483,1950,567,24.76923077,29.07692308,2,0.5,1.00 or less
3262913099-61007-021_3262913099-61007-022,Apartment,2.5,NA,NA,NA,NA,NA,NA,NA,NA,NA,NA,,,NA,NA,NA,NA,NA,NA,NA,NA,NA,NA,NA,NA,NA,NA,NA,NA,NA,NA,NA,NA,NA,NA,NA,NA,NA,NA,NA,NA,NA,NA,NA,NA,NA,NA,NA,NA,NA,Puerto Rican,1,NA,NA,NA,NA,NA,NA,NA,NA,NA,NA,NA
3262913528-61008-001_3262913528-61008-002,Apartment,3,PR,PR,PR,PR,PR,PR,PR,USA,NA,NA,,,PR,PR,PR,PR,PR,PR,PR,USA,NA,NA,NA,NA,H,Wife,Son,Daughter,Daughter,Son,Daughter,Daughter,NA,NA,NA,NA,19,28,44,46,47,48,52,0,NA,NA,NA,NA,8,Puerto Rican,1,8,4,9,826.2,NA,934.2,NA,NA,3,2.666666667,1.51 or more
3262913528-61008-003_3262913528-61008-004,NA,NA,NA,NA,NA,NA,NA,NA,NA,NA,NA,NA,,,NA,NA,NA,NA,NA,NA,NA,NA,NA,NA,NA,NA,NA,NA,NA,NA,NA,NA,NA,NA,NA,NA,NA,NA,NA,NA,NA,NA,NA,NA,NA,NA,NA,NA,NA,NA,NA,NA,0,NA,NA,NA,826.2,NA,826.2,NA,NA,NA,NA,NA
3262913528-61008-005_3262913528-61008-006,Apartment,4,PR,PR,PR,USA,USA,USA,PR,NA,NA,NA,,,PR,PR,PR,USA,USA,USA,PR,NA,NA,NA,NA,NA,Head,Wife,Daughter,Son,Son,Son,Mother in Law,NA,NA,NA,NA,NA,36,25,10,7,5,4,53,NA,NA,NA,NA,NA,7,Puerto Rican,1,7,13,13,524.4,1300,632.4,40.33846154,48.64615385,4,1.75,1.51 or more
3262913528-61008-007_3262913528-61008-008,Apartment,3,USA,NA,NA,NA,NA,NA,NA,NA,NA,NA,,,USA,NA,NA,NA,NA,NA,NA,NA,NA,NA,NA,NA,H,NA,NA,NA,NA,NA,NA,NA,NA,NA,NA,NA,29,NA,NA,NA,NA,NA,NA,NA,NA,NA,NA,NA,1,White,0,0,5,28,552,7280,660,7.582417582,9.065934066,3,0.333333333,1.00 or less
3262913528-61008-009_3262913528-61008-010,Rooming,3,England,NA,NA,NA,NA,NA,NA,NA,NA,NA,,,Europe,NA,NA,NA,NA,NA,NA,NA,NA,NA,NA,NA,NA,NA,NA,NA,NA,NA,NA,NA,NA,NA,NA,NA,NA,NA,NA,NA,NA,NA,NA,NA,NA,NA,NA,NA,1,White,0,0,14,35,552,1820,588,30.32967033,32.30769231,3,0.333333333,1.00 or less
3262913528-61008-011_3262913528-61008-012,NA,4,PR,NA,USA,NA,NA,NA,NA,NA,NA,NA,,,PR,NA,USA,NA,NA,NA,NA,NA,NA,NA,NA,NA,Head,Wife,Daughter,Brother,NA,NA,NA,NA,NA,NA,NA,NA,21,19,2,0,NA,NA,NA,NA,NA,NA,NA,NA,4,NA,1,4,NA,NA,552,NA,552,NA,NA,4,1,1.00 or less
3262913528-61008-013_3262913528-61008-014,Apartment,2,USA,Ireland,NA,NA,NA,NA,NA,NA,NA,NA,,,USA,Europe,NA,NA,NA,NA,NA,NA,NA,NA,NA,NA,Husband,Wife,NA,NA,NA,NA,NA,NA,NA,NA,NA,NA,65,62,NA,NA,NA,NA,NA,NA,NA,NA,NA,NA,2,White,0,0,21,50,525,3640,675.48,14.42307692,18.55714286,2,1,1.00 or less
3262913528-61008-015_3262913528-61008-016,Apartment,4,PR,PR,PR,PR,NA,NA,NA,NA,NA,NA,,,PR,PR,PR,PR,NA,NA,NA,NA,NA,NA,NA,NA,H,Wife,Son,Daughter,NA,NA,NA,NA,NA,NA,NA,NA,58,46,23,23,NA,NA,NA,NA,NA,NA,NA,NA,4,Puerto Rican,1,4,3,5,676.2,6500,754.2,10.40307692,11.60307692,4,1,1.00 or less
3262913528-61008-017_3262913528-61008-018,Apartment,3,PR,PR,USA,USA,NA,NA,NA,NA,NA,NA,,,PR,PR,USA,USA,NA,NA,NA,NA,NA,NA,NA,NA,Head,Wife,Daughter,Daughter,NA,NA,NA,NA,NA,NA,NA,NA,46,32,3,2,NA,NA,NA,NA,NA,NA,NA,NA,4,Puerto Rican,1,4,1,20,666,4000,738,16.65,18.45,3,1.333333333,1.01 to 1.50
3262913528-61008-019_3262913528-61008-020,Apartment,3,Cuba,Cuba,NA,NA,NA,NA,NA,NA,NA,NA,,,Caribbean,Caribbean,NA,NA,NA,NA,NA,NA,NA,NA,NA,NA,Head,Mother,NA,NA,NA,NA,NA,NA,NA,NA,NA,NA,25,61,NA,NA,NA,NA,NA,NA,NA,NA,NA,NA,2,other,0,0,0.5,0.916666667,810.6,2600,882.6,31.17692308,33.94615385,3,0.666666667,1.00 or less
3262913528-61008-021_3262913528-61008-022,Apartment,4,PR,PR,USA,NA,NA,NA,NA,NA,NA,NA,,,PR,PR,USA,NA,NA,NA,NA,NA,NA,NA,NA,NA,H,Wife,Daughter,NA,NA,NA,NA,NA,NA,NA,NA,NA,24,23,2,NA,NA,NA,NA,NA,NA,NA,NA,NA,3,Puerto Rican,1,3,NA,NA,761.4,7800,845.4,9.761538462,10.83846154,4,0.75,1.00 or less
3262913528-61008-023_3262913528-61008-024,Apartment,3,PR,PR,USA,NA,NA,NA,NA,NA,NA,NA,,,PR,PR,USA,NA,NA,NA,NA,NA,NA,NA,NA,NA,Husband,Wife,Daughter,NA,NA,NA,NA,NA,NA,NA,NA,NA,32,24,1,NA,NA,NA,NA,NA,NA,NA,NA,NA,3,Puerto Rican,1,3,4,9,690,2678,882,25.76549664,32.93502614,3,1,1.00 or less
3262913528-61008-025_3262913528-61008-026,Apartment,3,PR,PR,PR,NA,NA,NA,NA,NA,NA,NA,,,PR,PR,PR,NA,NA,NA,NA,NA,NA,NA,NA,NA,H,Son,Son,NA,NA,NA,NA,NA,NA,NA,NA,NA,35,10,8,NA,NA,NA,NA,NA,NA,NA,NA,NA,3,Puerto Rican,1,3,3,8,690,4131.4,768,16.70136031,18.58934018,3,1,1.00 or less
3262913967-61009-001_3262913967-61009-002,Apartment,3.5,Russia,Russia,USA,NA,NA,NA,NA,NA,NA,NA,,,Europe,Europe,USA,NA,NA,NA,NA,NA,NA,NA,NA,NA,H,Wife,Son,NA,NA,NA,NA,NA,NA,NA,NA,NA,53,51,19,NA,NA,NA,NA,NA,NA,NA,NA,NA,3,White,0,0,17,40,625.8,3850,697.8,16.25454545,18.12467532,3.5,0.857142857,1.00 or less
3262913967-61009-003_3262913967-61009-004,Apartment,4,PR,PR,PR,USA,NA,NA,NA,NA,NA,NA,,,PR,PR,PR,USA,NA,NA,NA,NA,NA,NA,NA,NA,Head,Wife,Son,Son,NA,NA,NA,NA,NA,NA,NA,NA,31,26,18,3,NA,NA,NA,NA,NA,NA,NA,NA,4,Puerto Rican,1,4,2,10,789,2964,933,26.6194332,31.47773279,4,1,1.00 or less
3262913967-61009-005_3262913967-61009-006,Apartment,1.5,PR,PR,PR,PR,NA,NA,NA,NA,NA,NA,,,PR,PR,PR,PR,NA,NA,NA,NA,NA,NA,NA,NA,H,Sister,Sister,Mother,NA,NA,NA,NA,NA,NA,NA,NA,22,24,21,63,NA,NA,NA,NA,NA,NA,NA,NA,4,Puerto Rican,1,4,1,9,711.6,4680,801.6,15.20512821,17.12820513,1.5,2.666666667,1.51 or more
3262913967-61009-007_3262913967-61009-008,Apartment,3,USA,USA,USA,USA,NA,NA,NA,NA,NA,NA,,,USA,USA,USA,USA,NA,NA,NA,NA,NA,NA,NA,NA,H,Wife,Son,Son,NA,NA,NA,NA,NA,NA,NA,NA,42,42,15,12,NA,NA,NA,NA,NA,NA,NA,NA,4,White,0,0,16,41,552,4160,552,13.26923077,13.26923077,3,1.333333333,1.01 to 1.50
3262913967-61009-009_3262913967-61009-010,Apartment,NA,Cuba,Cuba,USA,Cuba,Cuba,NA,NA,NA,NA,NA,,,Caribbean,Caribbean,USA,Caribbean,Caribbean,NA,NA,NA,NA,NA,NA,NA,H,Wife,Daughter,Mother,Sister in Law,NA,NA,NA,NA,NA,NA,NA,37,37,1,63,22,NA,NA,NA,NA,NA,NA,NA,5,other,0,0,3,7,676.2,2080,796.2,32.50961538,38.27884615,NA,NA,NA
3262913967-61009-011_3262913967-61009-012,Apartment,4,Philipines,USA,USA,NA,NA,NA,NA,NA,NA,NA,,,NA,USA,USA,NA,NA,NA,NA,NA,NA,NA,NA,NA,H,Daughter,Son,NA,NA,NA,NA,NA,NA,NA,NA,NA,32,9,8,NA,NA,NA,NA,NA,NA,NA,NA,NA,3,Oriental,0,0,1,6,438,2122.8,504,20.63312606,23.74222725,4,0.75,1.00 or less
3262913967-61009-013_3262913967-61009-014,Apartment,3.5,PR,PR,PR,PR,USA,NA,NA,NA,NA,NA,,,PR,PR,PR,PR,USA,NA,NA,NA,NA,NA,NA,NA,Head,Wife,Daughter,Daughter,Son,NA,NA,NA,NA,NA,NA,NA,28,30,6,5,1,NA,NA,NA,NA,NA,NA,NA,5,Puerto Rican,1,5,2,4,646.2,3016,790.2,21.42572944,26.20026525,3.5,1.428571429,1.01 to 1.50
3262913967-61009-015_3262913967-61009-016,Apartment,3,Greece,Turkey,NA,NA,NA,NA,NA,NA,NA,NA,,,Europe,Europe,NA,NA,NA,NA,NA,NA,NA,NA,NA,NA,H,Wife,NA,NA,NA,NA,NA,NA,NA,NA,NA,NA,51,47,NA,NA,NA,NA,NA,NA,NA,NA,NA,NA,2,White,0,0,15,30,565.8,4000,565.8,14.145,14.145,3,0.666666667,1.00 or less
3262913967-61009-017_3262913967-61009-018,Apartment,3,Haiti,NA,NA,NA,NA,NA,NA,NA,NA,NA,,,Caribbean,NA,NA,NA,NA,NA,NA,NA,NA,NA,NA,NA,Head,NA,NA,NA,NA,NA,NA,NA,NA,NA,NA,NA,33,NA,NA,NA,NA,NA,NA,NA,NA,NA,NA,NA,1,other,0,0,7,11,780,3250,846,24,26.03076923,3,0.333333333,1.00 or less
3262913967-61009-019_3262913967-61009-020,Apartment,4,PR,PR,PR,PR,USA,NA,NA,NA,NA,NA,,,PR,PR,PR,PR,USA,NA,NA,NA,NA,NA,NA,NA,Head,Mother of 1,Niece of 1,Niece of 1,Niece of 1,NA,NA,NA,NA,NA,NA,NA,22,57,14,10,3,NA,NA,NA,NA,NA,NA,NA,5,Puerto Rican,1,5,8,8,676.2,2704,676.2,25.00739645,25.00739645,4,1.25,1.01 to 1.50
3262913967-61009-021_3262913967-61009-022,Apartment,4,PR,PR,NA,NA,NA,NA,NA,NA,NA,NA,,,PR,PR,NA,NA,NA,NA,NA,NA,NA,NA,NA,NA,H,Wife,NA,NA,NA,NA,NA,NA,NA,NA,NA,NA,32,21,NA,NA,NA,NA,NA,NA,NA,NA,NA,NA,2,Puerto Rican,1,2,4,12,818.4,6620,818.4,12.36253776,12.36253776,4,0.5,1.00 or less
3262914236-61010-001_3262914236-61010-002,Rooming,1.5,NA,NA,NA,NA,NA,NA,NA,NA,NA,NA,,,NA,NA,NA,NA,NA,NA,NA,NA,NA,NA,NA,NA,NA,Wife,Daughter,Daughter,Son,NA,NA,NA,NA,NA,NA,NA,NA,NA,NA,NA,NA,NA,NA,NA,NA,NA,NA,NA,5,NA,0,0,NA,NA,1040,NA,1040,NA,NA,1.5,3.333333333,1.51 or more
3262914236-61010-003_3262914236-61010-004,NA,1,USA,NA,NA,NA,NA,NA,NA,NA,NA,NA,,,USA,NA,NA,NA,NA,NA,NA,NA,NA,NA,NA,NA,Head,NA,NA,NA,NA,NA,NA,NA,NA,NA,NA,NA,60,NA,NA,NA,NA,NA,NA,NA,NA,NA,NA,NA,1,Negro,0,0,4,38,572,3120,572,18.33333333,18.33333333,1,1,1.00 or less
3262914236-61010-005_3262914236-61010-006,Rooming,NA,NA,NA,NA,NA,NA,NA,NA,NA,NA,NA,,,NA,NA,NA,NA,NA,NA,NA,NA,NA,NA,NA,NA,NA,NA,NA,NA,NA,NA,NA,NA,NA,NA,NA,NA,NA,NA,NA,NA,NA,NA,NA,NA,NA,NA,NA,NA,NA,NA,0,NA,NA,NA,675.96,NA,675.96,NA,NA,NA,NA,NA
3262914236-61010-007_3262914236-61010-008,Rooming,1.5,Virgin Islands,Virgin Islands,Virgin Islands,Virgin Islands,NA,NA,NA,NA,NA,NA,,,Caribbean,Caribbean,Caribbean,Caribbean,NA,NA,NA,NA,NA,NA,NA,NA,H,Wife,Son,Son,NA,NA,NA,NA,NA,NA,NA,NA,39,31,17,9,NA,NA,NA,NA,NA,NA,NA,NA,4,NA,0,0,3,3,NA,NA,NA,NA,NA,1.5,2.666666667,1.51 or more
3262914236-61010-009_3262914236-61010-010,Rooming,1.2,Virgin Islands,USA,USA,NA,NA,NA,NA,NA,NA,NA,,,Caribbean,USA,USA,NA,NA,NA,NA,NA,NA,NA,NA,NA,hf,Son,Son,NA,NA,NA,NA,NA,NA,NA,NA,NA,28,4,0,NA,NA,NA,NA,NA,NA,NA,NA,NA,3,NA,0,0,NA,NA,676,3640,676,18.57142857,18.57142857,1.2,2.5,1.51 or more
3262914236-61010-011_3262914236-61010-012,Rooming,1.5,PR,PR,USA,USA,NA,NA,NA,NA,NA,NA,,,PR,PR,USA,USA,NA,NA,NA,NA,NA,NA,NA,NA,H,Wife,Daughter,Daughter,NA,NA,NA,NA,NA,NA,NA,NA,33,26,6,4,NA,NA,NA,NA,NA,NA,NA,NA,4,NA,1,4,3,10,706.56,3900,706.56,18.11692308,18.11692308,1.5,2.666666667,1.51 or more
3262914236-61010-013_3262914236-61010-014,Rooming,1.5,St.Thomas,NA,NA,NA,NA,NA,NA,NA,NA,NA,,,Caribbean,NA,NA,NA,NA,NA,NA,NA,NA,NA,NA,NA,H,NA,NA,NA,NA,NA,NA,NA,NA,NA,NA,NA,29,NA,NA,NA,NA,NA,NA,NA,NA,NA,NA,NA,1,White,0,0,4,5,520,3224,520,16.12903226,16.12903226,1.5,0.666666667,1.00 or less
3262914236-61010-015_3262914236-61010-016,Rooming,1.5,NA,NA,NA,NA,NA,NA,NA,NA,NA,NA,,,NA,NA,NA,NA,NA,NA,NA,NA,NA,NA,NA,NA,H,Son,pregnant,NA,NA,NA,NA,NA,NA,NA,NA,NA,NA,NA,NA,NA,NA,NA,NA,NA,NA,NA,NA,NA,3,NA,0,0,2,6,624,NA,624,NA,NA,1.5,2,1.51 or more
3262914236-61010-017_3262914236-61010-018,Rooming,1.5,PR,USA,USA,NA,NA,NA,NA,NA,NA,NA,,,PR,USA,USA,NA,NA,NA,NA,NA,NA,NA,NA,NA,H,Daughter,Daughter,NA,NA,NA,NA,NA,NA,NA,NA,NA,27,4,1,NA,NA,NA,NA,NA,NA,NA,NA,NA,3,Puerto Rican,1,3,6,14,780,NA,780,NA,NA,1.5,2,1.51 or more
3262914236-61010-019_3262914236-61010-020,Rooming,1.5,PR,PR,PR,PR,NA,NA,NA,NA,NA,NA,,,PR,PR,PR,PR,NA,NA,NA,NA,NA,NA,NA,NA,H,Wife,Son,Son,NA,NA,NA,NA,NA,NA,NA,NA,28,36,15,11,NA,NA,NA,NA,NA,NA,NA,NA,4,Puerto Rican,1,4,4,6,728,2912,728,25,25,1.5,2.666666667,1.51 or more
3262914236-61010-021_3262914236-61010-022,Rooming,1.5,PR,PR,USA,USA,PR,NA,NA,NA,NA,NA,,,PR,PR,USA,USA,PR,NA,NA,NA,NA,NA,NA,NA,H,Daughter,Daughter,Daughter,Son,NA,NA,NA,NA,NA,NA,NA,32,11,4,4,8,NA,NA,NA,NA,NA,NA,NA,5,Puerto Rican,1,5,4,8,936,NA,936,NA,NA,1.5,3.333333333,1.51 or more
3262914236-61010-023_3262914236-61010-024,Rooming,1.5,NA,NA,NA,NA,NA,NA,NA,NA,NA,NA,,,NA,NA,NA,NA,NA,NA,NA,NA,NA,NA,NA,NA,H,Wife,NA,NA,NA,NA,NA,NA,NA,NA,NA,NA,38,39,NA,NA,NA,NA,NA,NA,NA,NA,NA,NA,2,NA,0,0,NA,NA,780,NA,780,NA,NA,1.5,1.333333333,1.01 to 1.50
3262914236-61010-025_3262914236-61010-026,Rooming,1.5,NA,NA,NA,NA,NA,NA,NA,NA,NA,NA,,,NA,NA,NA,NA,NA,NA,NA,NA,NA,NA,NA,NA,H,NA,NA,NA,NA,NA,NA,NA,NA,NA,NA,NA,NA,NA,NA,NA,NA,NA,NA,NA,NA,NA,NA,NA,1,NA,0,0,NA,NA,624,NA,624,NA,NA,1.5,0.666666667,1.00 or less
3262914236-61010-027_3262914236-61010-028,Rooming,1.5,Virgin Islands,Virgin Islands,Virgin Islands,NA,NA,NA,NA,NA,NA,NA,,,Caribbean,Caribbean,Caribbean,NA,NA,NA,NA,NA,NA,NA,NA,NA,H,Mother,Brother,NA,NA,NA,NA,NA,NA,NA,NA,NA,28,57,21,NA,NA,NA,NA,NA,NA,NA,NA,NA,3,NA,0,0,4,4,780,3640,780,21.42857143,21.42857143,1.5,2,1.51 or more
3262914236-61010-029_3262914236-61010-030,Rooming,1.5,NA,NA,NA,NA,NA,NA,NA,NA,NA,NA,,,NA,NA,NA,NA,NA,NA,NA,NA,NA,NA,NA,NA,H,Wife,NA,NA,NA,NA,NA,NA,NA,NA,NA,NA,NA,NA,NA,NA,NA,NA,NA,NA,NA,NA,NA,NA,2,Puerto Rican,1,2,NA,NA,832,NA,832,NA,NA,1.5,1.333333333,1.01 to 1.50
3262914236-61010-031_3262914236-61010-032,Rooming,1.5,NA,NA,NA,NA,NA,NA,NA,NA,NA,NA,,,NA,NA,NA,NA,NA,NA,NA,NA,NA,NA,NA,NA,H,NA,NA,NA,NA,NA,NA,NA,NA,NA,NA,NA,NA,NA,NA,NA,NA,NA,NA,NA,NA,NA,NA,NA,1,NA,0,0,NA,NA,520,NA,520,NA,NA,1.5,0.666666667,1.00 or less
3262914236-61010-033_3262914236-61010-034,Rooming,1.5,NA,NA,NA,NA,NA,NA,NA,NA,NA,NA,,,NA,NA,NA,NA,NA,NA,NA,NA,NA,NA,NA,NA,H,Wife,Daughter,Daughter,Son,NA,NA,NA,NA,NA,NA,NA,NA,NA,NA,NA,NA,NA,NA,NA,NA,NA,NA,NA,5,NA,0,0,NA,NA,936,NA,936,NA,NA,1.5,3.333333333,1.51 or more
3262914380-61011-001_3262914380-61011-002,Apartment,2,USA,NA,NA,NA,NA,NA,NA,NA,NA,NA,,,USA,NA,NA,NA,NA,NA,NA,NA,NA,NA,NA,NA,H,NA,NA,NA,NA,NA,NA,NA,NA,NA,NA,NA,25,NA,NA,NA,NA,NA,NA,NA,NA,NA,NA,NA,1,White,0,0,0.66,3.5,900,4160,900,21.63461538,21.63461538,2,0.5,1.00 or less
3262914380-61011-003_3262914380-61011-004,Apartment,2,USA,NA,NA,NA,NA,NA,NA,NA,NA,NA,,,USA,NA,NA,NA,NA,NA,NA,NA,NA,NA,NA,NA,H,NA,NA,NA,NA,NA,NA,NA,NA,NA,NA,NA,29,NA,NA,NA,NA,NA,NA,NA,NA,NA,NA,NA,1,White,0,0,2,3,900,NA,984,NA,NA,2,0.5,1.00 or less
3262914572-61012-001_3262914572-61012-002,Rooming,1,NA,NA,NA,NA,NA,NA,NA,NA,NA,NA,,,NA,NA,NA,NA,NA,NA,NA,NA,NA,NA,NA,NA,H,NA,NA,NA,NA,NA,NA,NA,NA,NA,NA,NA,NA,NA,NA,NA,NA,NA,NA,NA,NA,NA,NA,NA,1,NA,0,0,NA,NA,364,NA,364,NA,NA,1,1,1.00 or less
3262914572-61012-003_3262914572-61012-004,Rooming,1,NA,NA,NA,NA,NA,NA,NA,NA,NA,NA,,,NA,NA,NA,NA,NA,NA,NA,NA,NA,NA,NA,NA,H,NA,NA,NA,NA,NA,NA,NA,NA,NA,NA,NA,NA,NA,NA,NA,NA,NA,NA,NA,NA,NA,NA,NA,1,NA,0,0,NA,NA,416,NA,416,NA,NA,1,1,1.00 or less
3262914572-61012-005_3262914572-61012-006,Rooming,4,Spain,Spain,USA,USA,USA,USA,USA,NA,NA,NA,,,Europe,Europe,USA,USA,USA,USA,USA,NA,NA,NA,NA,NA,Head,Wife,Husband,Wife,Son,Son,Son,NA,NA,NA,NA,NA,62,55,35,29,8,5,1,NA,NA,NA,NA,NA,7,White,0,0,8,35,360,NA,360,NA,NA,4,1.75,1.51 or more
3262914572-61012-007_3262914572-61012-008,Rooming,4,Spain,Spain,NA,NA,NA,NA,NA,NA,NA,NA,,,Europe,Europe,NA,NA,NA,NA,NA,NA,NA,NA,NA,NA,H,Wife,NA,NA,NA,NA,NA,NA,NA,NA,NA,NA,62,55,NA,NA,NA,NA,NA,NA,NA,NA,NA,NA,2,White,0,0,1,NA,NA,NA,NA,NA,NA,4,0.5,1.00 or less
3262914572-61012-009_3262914572-61012-010,Rooming,2,NA,NA,NA,NA,NA,NA,NA,NA,NA,NA,,,NA,NA,NA,NA,NA,NA,NA,NA,NA,NA,NA,NA,Head,Wife,NA,NA,NA,NA,NA,NA,NA,NA,NA,NA,NA,NA,NA,NA,NA,NA,NA,NA,NA,NA,NA,NA,2,White,0,0,5,30,780,NA,780,NA,NA,2,1,1.00 or less
3262914572-61012-011_3262914572-61012-012,Rooming,4,USA,USA,USA,USA,USA,NA,NA,NA,NA,NA,,,USA,USA,USA,USA,USA,NA,NA,NA,NA,NA,NA,NA,H,Wife,Son,Son,Son,NA,NA,NA,NA,NA,NA,NA,35,31,8,5,1,NA,NA,NA,NA,NA,NA,NA,5,NA,0,0,8,NA,600,4500,600,13.33333333,13.33333333,4,1.25,1.01 to 1.50
3262914572-61012-013_3262914572-61012-014,Rooming,2,Cuba,Cuba,Cuba,NA,NA,NA,NA,NA,NA,NA,,,Caribbean,Caribbean,Caribbean,NA,NA,NA,NA,NA,NA,NA,NA,NA,Head,Wife,Son,NA,NA,NA,NA,NA,NA,NA,NA,NA,NA,NA,4,NA,NA,NA,NA,NA,NA,NA,NA,NA,3,other,0,0,NA,NA,832,NA,832,NA,NA,2,1.5,1.01 to 1.50
3262914572-61012-015_3262914572-61012-016,Rooming,1.5,USA,USA,NA,NA,NA,NA,NA,NA,NA,NA,,,USA,USA,NA,NA,NA,NA,NA,NA,NA,NA,NA,NA,H,Friend,NA,NA,NA,NA,NA,NA,NA,NA,NA,NA,41,27,NA,NA,NA,NA,NA,NA,NA,NA,NA,NA,2,White,0,0,6,20,480,3030.56,480,15.83865688,15.83865688,1.5,1.333333333,1.01 to 1.50
3262914572-61012-017_3262914572-61012-018,Rooming,1,NA,NA,NA,NA,NA,NA,NA,NA,NA,NA,,,NA,NA,NA,NA,NA,NA,NA,NA,NA,NA,NA,NA,H,NA,NA,NA,NA,NA,NA,NA,NA,NA,NA,NA,NA,NA,NA,NA,NA,NA,NA,NA,NA,NA,NA,NA,1,NA,0,0,NA,NA,416,NA,416,NA,NA,1,1,1.00 or less
3262914572-61012-019_3262914572-61012-020,Rooming,NA,NA,NA,NA,NA,NA,NA,NA,NA,NA,NA,,,NA,NA,NA,NA,NA,NA,NA,NA,NA,NA,NA,NA,H,NA,NA,NA,NA,NA,NA,NA,NA,NA,NA,NA,NA,NA,NA,NA,NA,NA,NA,NA,NA,NA,NA,NA,1,NA,0,0,NA,NA,416,NA,416,NA,NA,NA,NA,NA
3262914572-61012-021_3262914572-61012-022,Rooming,1.5,NA,NA,NA,NA,NA,NA,NA,NA,NA,NA,,,NA,NA,NA,NA,NA,NA,NA,NA,NA,NA,NA,NA,H,NA,NA,NA,NA,NA,NA,NA,NA,NA,NA,NA,NA,NA,NA,NA,NA,NA,NA,NA,NA,NA,NA,NA,1,NA,0,0,NA,NA,416,NA,416,NA,NA,1.5,0.666666667,1.00 or less
3262914572-61012-023_3262914572-61012-024,Rooming,2,NA,NA,NA,NA,NA,NA,NA,NA,NA,NA,,,NA,NA,NA,NA,NA,NA,NA,NA,NA,NA,NA,NA,H,NA,NA,NA,NA,NA,NA,NA,NA,NA,NA,NA,NA,NA,NA,NA,NA,NA,NA,NA,NA,NA,NA,NA,1,NA,0,0,NA,NA,728,NA,728,NA,NA,2,0.5,1.00 or less
3262914572-61012-025_3262914572-61012-026,Rooming,2,NA,NA,NA,NA,NA,NA,NA,NA,NA,NA,,,NA,NA,NA,NA,NA,NA,NA,NA,NA,NA,NA,NA,H,NA,NA,NA,NA,NA,NA,NA,NA,NA,NA,NA,NA,NA,NA,NA,NA,NA,NA,NA,NA,NA,NA,NA,1,NA,0,0,NA,NA,900,NA,900,NA,NA,2,0.5,1.00 or less
3262914572-61012-027_3262914572-61012-028,Rooming,1,NA,NA,NA,NA,NA,NA,NA,NA,NA,NA,,,NA,NA,NA,NA,NA,NA,NA,NA,NA,NA,NA,NA,H,NA,NA,NA,NA,NA,NA,NA,NA,NA,NA,NA,NA,NA,NA,NA,NA,NA,NA,NA,NA,NA,NA,NA,1,NA,0,0,NA,NA,NA,NA,NA,NA,NA,1,1,1.00 or less
3262914572-61012-029_3262914572-61012-030,Rooming,1.5,NA,NA,NA,NA,NA,NA,NA,NA,NA,NA,,,NA,NA,NA,NA,NA,NA,NA,NA,NA,NA,NA,NA,H,NA,NA,NA,NA,NA,NA,NA,NA,NA,NA,NA,NA,NA,NA,NA,NA,NA,NA,NA,NA,NA,NA,NA,1,NA,0,0,NA,NA,416,NA,416,NA,NA,1.5,0.666666667,1.00 or less
3262914740-61013-001_3262914740-61013-002,Rooming,1,NA,NA,NA,NA,NA,NA,NA,NA,NA,NA,,,NA,NA,NA,NA,NA,NA,NA,NA,NA,NA,NA,NA,NA,NA,NA,NA,NA,NA,NA,NA,NA,NA,NA,NA,NA,NA,NA,NA,NA,NA,NA,NA,NA,NA,NA,NA,NA,NA,0,NA,NA,NA,260,NA,260,NA,NA,NA,NA,NA
3262914740-61013-003_3262914740-61013-004,Rooming,1,NA,NA,NA,NA,NA,NA,NA,NA,NA,NA,,,NA,NA,NA,NA,NA,NA,NA,NA,NA,NA,NA,NA,NA,NA,NA,NA,NA,NA,NA,NA,NA,NA,NA,NA,NA,NA,NA,NA,NA,NA,NA,NA,NA,NA,NA,NA,NA,NA,0,NA,NA,NA,312,NA,312,NA,NA,NA,NA,NA
3262914740-61013-005_3262914740-61013-006,Rooming,NA,NA,NA,NA,NA,NA,NA,NA,NA,NA,NA,,,NA,NA,NA,NA,NA,NA,NA,NA,NA,NA,NA,NA,NA,NA,NA,NA,NA,NA,NA,NA,NA,NA,NA,NA,NA,NA,NA,NA,NA,NA,NA,NA,NA,NA,NA,NA,NA,NA,0,NA,NA,NA,624,NA,624,NA,NA,NA,NA,NA
3262914740-61013-007_3262914740-61013-008,NA,NA,NA,NA,NA,NA,NA,NA,NA,NA,NA,NA,,,NA,NA,NA,NA,NA,NA,NA,NA,NA,NA,NA,NA,NA,NA,NA,NA,NA,NA,NA,NA,NA,NA,NA,NA,NA,NA,NA,NA,NA,NA,NA,NA,NA,NA,NA,NA,NA,NA,0,NA,20,NA,300,NA,300,NA,NA,NA,NA,NA
3262914927-61014-001_3262914927-61014-002,Rooming,1,PR,NA,NA,NA,NA,NA,NA,NA,NA,NA,,,PR,NA,NA,NA,NA,NA,NA,NA,NA,NA,NA,NA,Head,NA,NA,NA,NA,NA,NA,NA,NA,NA,NA,NA,32,NA,NA,NA,NA,NA,NA,NA,NA,NA,NA,NA,1,Puerto Rican,1,1,5,19,312,NA,312,NA,NA,1,1,1.00 or less
3262921190-61016-001_3262921190-61016-002,NA,3,Switzerland,Switzerland,NA,NA,NA,NA,NA,NA,NA,NA,,,Europe,Europe,NA,NA,NA,NA,NA,NA,NA,NA,NA,NA,Head,Cousin,NA,NA,NA,NA,NA,NA,NA,NA,NA,NA,69,65,NA,NA,NA,NA,NA,NA,NA,NA,NA,NA,2,White,0,0,37,53,360,1300,360,27.69230769,27.69230769,3,0.666666667,1.00 or less
3262921422-61017-001_3262921422-61017-002,Rooming,1.5,USA,USA,NA,NA,NA,NA,NA,NA,NA,NA,,,USA,USA,NA,NA,NA,NA,NA,NA,NA,NA,NA,NA,Head,Wife,NA,NA,NA,NA,NA,NA,NA,NA,NA,NA,60,58,NA,NA,NA,NA,NA,NA,NA,NA,NA,NA,2,White,0,0,22,60,416,3825.36,416,10.87479348,10.87479348,1.5,1.333333333,1.01 to 1.50
3262921422-61017-003_3262921422-61017-004,Rooming,1.5,PR,PR,NA,NA,NA,NA,NA,NA,NA,NA,,,PR,PR,NA,NA,NA,NA,NA,NA,NA,NA,NA,NA,H,Wife,NA,NA,NA,NA,NA,NA,NA,NA,NA,NA,31,31,NA,NA,NA,NA,NA,NA,NA,NA,NA,NA,2,Puerto Rican,1,2,5,8,780,2600,780,30,30,1.5,1.333333333,1.01 to 1.50
3262921422-61017-005_3262921422-61017-006,Rooming,1,PR,NA,NA,NA,NA,NA,NA,NA,NA,NA,,,PR,NA,NA,NA,NA,NA,NA,NA,NA,NA,NA,NA,H,NA,NA,NA,NA,NA,NA,NA,NA,NA,NA,NA,28,NA,NA,NA,NA,NA,NA,NA,NA,NA,NA,NA,1,Puerto Rican,1,1,0.5,12,416,2600,416,16,16,1,1,1.00 or less
3262921422-61017-007_3262921422-61017-008,Rooming,1,NA,NA,NA,NA,NA,NA,NA,NA,NA,NA,,,NA,NA,NA,NA,NA,NA,NA,NA,NA,NA,NA,NA,H,NA,NA,NA,NA,NA,NA,NA,NA,NA,NA,NA,25,NA,NA,NA,NA,NA,NA,NA,NA,NA,NA,NA,1,NA,0,0,2,NA,260,NA,260,NA,NA,1,1,1.00 or less
3262921422-61017-009_3262921422-61017-010,Rooming,1,NA,NA,NA,NA,NA,NA,NA,NA,NA,NA,,,NA,NA,NA,NA,NA,NA,NA,NA,NA,NA,NA,NA,H,NA,NA,NA,NA,NA,NA,NA,NA,NA,NA,NA,25,NA,NA,NA,NA,NA,NA,NA,NA,NA,NA,NA,1,NA,0,0,2,NA,260,NA,260,NA,NA,1,1,1.00 or less
3262921422-61017-011_3262921422-61017-012,Rooming,2,PR,PR,PR,NA,NA,NA,NA,NA,NA,NA,,,PR,PR,PR,NA,NA,NA,NA,NA,NA,NA,NA,NA,Head,Son,Son,NA,NA,NA,NA,NA,NA,NA,NA,NA,52,24,13,NA,NA,NA,NA,NA,NA,NA,NA,NA,3,Puerto Rican,1,3,2,9,416,3640,416,11.42857143,11.42857143,2,1.5,1.01 to 1.50
3262921422-61017-013_3262921422-61017-014,Rooming,1,PR,NA,NA,NA,NA,NA,NA,NA,NA,NA,,,PR,NA,NA,NA,NA,NA,NA,NA,NA,NA,NA,NA,H,NA,NA,NA,NA,NA,NA,NA,NA,NA,NA,NA,68,NA,NA,NA,NA,NA,NA,NA,NA,NA,NA,NA,1,Puerto Rican,1,1,5,6,364,NA,364,NA,NA,1,1,1.00 or less
3262921422-61017-015_3262921422-61017-016,Rooming,2,USA,USA,NA,NA,NA,NA,NA,NA,NA,NA,,,USA,USA,NA,NA,NA,NA,NA,NA,NA,NA,NA,NA,H,Son,NA,NA,NA,NA,NA,NA,NA,NA,NA,NA,25,2,NA,NA,NA,NA,NA,NA,NA,NA,NA,NA,2,Puerto Rican,1,2,2.5,25,832,8000,832,10.4,10.4,2,1,1.00 or less
3262921422-61017-017_3262921422-61017-018,Rooming,1.5,USA,PR,NA,NA,NA,NA,NA,NA,NA,NA,,,USA,PR,NA,NA,NA,NA,NA,NA,NA,NA,NA,NA,H,Wife,NA,NA,NA,NA,NA,NA,NA,NA,NA,NA,29,24,NA,NA,NA,NA,NA,NA,NA,NA,NA,NA,2,Puerto Rican,1,2,1.5,29,520,3640,520,14.28571429,14.28571429,1.5,1.333333333,1.01 to 1.50
3262921422-61017-019_3262921422-61017-020,Rooming,1,NA,NA,NA,NA,NA,NA,NA,NA,NA,NA,,,NA,NA,NA,NA,NA,NA,NA,NA,NA,NA,NA,NA,H,Grand Daughter,NA,NA,NA,NA,NA,NA,NA,NA,NA,NA,60,3,NA,NA,NA,NA,NA,NA,NA,NA,NA,NA,2,NA,0,0,1,NA,624,NA,624,NA,NA,1,2,1.51 or more
3262921422-61017-021_3262921422-61017-022,Rooming,1.5,PR,USA,NA,NA,NA,NA,NA,NA,NA,NA,,,PR,USA,NA,NA,NA,NA,NA,NA,NA,NA,NA,NA,H,H,NA,NA,NA,NA,NA,NA,NA,NA,NA,NA,26,27,NA,NA,NA,NA,NA,NA,NA,NA,NA,NA,2,Puerto Rican,1,2,3,27,728,5460,728,13.33333333,13.33333333,1.5,1.333333333,1.01 to 1.50
3262921422-61017-023_3262921422-61017-024,Rooming,1,PR,PR,USA,USA,NA,NA,NA,NA,NA,NA,,,PR,PR,USA,USA,NA,NA,NA,NA,NA,NA,NA,NA,H,Wife,Grand Daughter,Grand Daughter,NA,NA,NA,NA,NA,NA,NA,NA,58,60,6,2,NA,NA,NA,NA,NA,NA,NA,NA,4,Puerto Rican,1,4,12,40,702,2860,702,24.54545455,24.54545455,1,4,1.51 or more
3262921422-61017-025_3262921422-61017-026,Rooming,1,USA,NA,NA,NA,NA,NA,NA,NA,NA,NA,,,USA,NA,NA,NA,NA,NA,NA,NA,NA,NA,NA,NA,H,NA,NA,NA,NA,NA,NA,NA,NA,NA,NA,NA,59,NA,NA,NA,NA,NA,NA,NA,NA,NA,NA,NA,1,NA,0,0,0.25,59,364,NA,364,NA,NA,1,1,1.00 or less
3262921422-61017-027_3262921422-61017-028,Rooming,2,NA,NA,NA,NA,NA,NA,NA,NA,NA,NA,,,NA,NA,NA,NA,NA,NA,NA,NA,NA,NA,NA,NA,H,NA,NA,NA,NA,NA,NA,NA,NA,NA,NA,NA,68,NA,NA,NA,NA,NA,NA,NA,NA,NA,NA,NA,1,NA,0,0,9,NA,468,NA,468,NA,NA,2,0.5,1.00 or less
3262921422-61017-029_3262921422-61017-030,Rooming,1,PR,NA,NA,NA,NA,NA,NA,NA,NA,NA,,,PR,NA,NA,NA,NA,NA,NA,NA,NA,NA,NA,NA,H,NA,NA,NA,NA,NA,NA,NA,NA,NA,NA,NA,60,NA,NA,NA,NA,NA,NA,NA,NA,NA,NA,NA,1,Puerto Rican,1,1,4,4,304.2,NA,304.2,NA,NA,1,1,1.00 or less
3262921422-61017-031_3262921422-61017-032,Rooming,1,PR,PR,USA,NA,NA,NA,NA,NA,NA,NA,,,PR,PR,USA,NA,NA,NA,NA,NA,NA,NA,NA,NA,H,Wife,Son,NA,NA,NA,NA,NA,NA,NA,NA,NA,42,32,11,NA,NA,NA,NA,NA,NA,NA,NA,NA,3,Puerto Rican,1,3,8,8,572,2184,572,26.19047619,26.19047619,1,3,1.51 or more
3262921422-61017-033_3262921422-61017-034,Rooming,1,NA,NA,NA,NA,NA,NA,NA,NA,NA,NA,,,NA,NA,NA,NA,NA,NA,NA,NA,NA,NA,NA,NA,H,NA,NA,NA,NA,NA,NA,NA,NA,NA,NA,NA,24,NA,NA,NA,NA,NA,NA,NA,NA,NA,NA,NA,1,Puerto Rican,1,1,0.333333333,NA,416,NA,416,NA,NA,1,1,1.00 or less
3262921422-61017-035_3262921422-61017-036,Rooming,1,NA,NA,NA,NA,NA,NA,NA,NA,NA,NA,,,NA,NA,NA,NA,NA,NA,NA,NA,NA,NA,NA,NA,H,NA,NA,NA,NA,NA,NA,NA,NA,NA,NA,NA,NA,NA,NA,NA,NA,NA,NA,NA,NA,NA,NA,NA,1,NA,0,0,NA,NA,468,NA,468,NA,NA,1,1,1.00 or less
3262921606-61018-001_3262921606-61018-002,Rooming,1,USA,NA,NA,NA,NA,NA,NA,NA,NA,NA,,,USA,NA,NA,NA,NA,NA,NA,NA,NA,NA,NA,NA,H,NA,NA,NA,NA,NA,NA,NA,NA,NA,NA,NA,70,NA,NA,NA,NA,NA,NA,NA,NA,NA,NA,NA,1,NA,0,0,5,NA,260,NA,260,NA,NA,1,1,1.00 or less
3262921606-61018-003_3262921606-61018-004,Rooming,1,PR,PR,NA,NA,NA,NA,NA,NA,NA,NA,,,PR,PR,NA,NA,NA,NA,NA,NA,NA,NA,NA,NA,H,Wife,NA,NA,NA,NA,NA,NA,NA,NA,NA,NA,NA,NA,NA,NA,NA,NA,NA,NA,NA,NA,NA,NA,2,Puerto Rican,1,2,0.25,4,520,NA,520,NA,NA,1,2,1.51 or more
3262921606-61018-005_3262921606-61018-006,Rooming,1.5,PR,PR,PR,NA,NA,NA,NA,NA,NA,NA,,,PR,PR,PR,NA,NA,NA,NA,NA,NA,NA,NA,NA,H,Wife,Son,NA,NA,NA,NA,NA,NA,NA,NA,NA,20,19,0,NA,NA,NA,NA,NA,NA,NA,NA,NA,3,Puerto Rican,1,3,1,NA,624,2600,624,24,24,1.5,2,1.51 or more
3262921606-61018-007_3262921606-61018-008,Rooming,1,Greece,Ireland,NA,NA,NA,NA,NA,NA,NA,NA,,,Europe,Europe,NA,NA,NA,NA,NA,NA,NA,NA,NA,NA,H,Wife,NA,NA,NA,NA,NA,NA,NA,NA,NA,NA,58,65,NA,NA,NA,NA,NA,NA,NA,NA,NA,NA,2,NA,0,0,12,NA,520,3176,520,16.37279597,16.37279597,1,2,1.51 or more
3262921606-61018-009_3262921606-61018-010,Rooming,1.5,PR,PR,NA,NA,NA,NA,NA,NA,NA,NA,,,PR,PR,NA,NA,NA,NA,NA,NA,NA,NA,NA,NA,H,Grand Son,NA,NA,NA,NA,NA,NA,NA,NA,NA,NA,58,15,NA,NA,NA,NA,NA,NA,NA,NA,NA,NA,2,Puerto Rican,1,2,2.5,NA,676,NA,676,NA,NA,1.5,1.333333333,1.01 to 1.50
3262921606-61018-011_3262921606-61018-012,Rooming,4,Spain,Spain,Spain,NA,NA,NA,NA,NA,NA,NA,,,Europe,Europe,Europe,NA,NA,NA,NA,NA,NA,NA,NA,NA,H,Neice,Cousin,NA,NA,NA,NA,NA,NA,NA,NA,NA,61,51,57,NA,NA,NA,NA,NA,NA,NA,NA,NA,3,NA,0,0,NA,NA,NA,5200,NA,NA,NA,4,0.75,1.00 or less
3262921606-61018-013_3262921606-61018-014,Rooming,1,NA,NA,NA,NA,NA,NA,NA,NA,NA,NA,,,NA,NA,NA,NA,NA,NA,NA,NA,NA,NA,NA,NA,H,NA,NA,NA,NA,NA,NA,NA,NA,NA,NA,NA,NA,NA,NA,NA,NA,NA,NA,NA,NA,NA,NA,NA,1,NA,0,0,12,NA,416,NA,416,NA,NA,1,1,1.00 or less
3262921606-61018-015_3262921606-61018-016,Rooming,1.5,PR,PR,PR,NA,NA,NA,NA,NA,NA,NA,,,PR,PR,PR,NA,NA,NA,NA,NA,NA,NA,NA,NA,H,Wife,Son,NA,NA,NA,NA,NA,NA,NA,NA,NA,37,26,20,NA,NA,NA,NA,NA,NA,NA,NA,NA,3,Puerto Rican,1,3,4,4,468,1300,468,36,36,1.5,2,1.51 or more
3262921606-61018-017_3262921606-61018-018,Rooming,1.5,PR,PR,NA,NA,NA,NA,NA,NA,NA,NA,,,PR,PR,NA,NA,NA,NA,NA,NA,NA,NA,NA,NA,H,Wife,NA,NA,NA,NA,NA,NA,NA,NA,NA,NA,30,25,NA,NA,NA,NA,NA,NA,NA,NA,NA,NA,2,Puerto Rican,1,2,0.5,1.5,520,5720,520,9.090909091,9.090909091,1.5,1.333333333,1.01 to 1.50
3262921606-61018-019_3262921606-61018-020,Rooming,1,PR,PR,PR,NA,NA,NA,NA,NA,NA,NA,,,PR,PR,PR,NA,NA,NA,NA,NA,NA,NA,NA,NA,H,Wife,Son,NA,NA,NA,NA,NA,NA,NA,NA,NA,30,26,4,NA,NA,NA,NA,NA,NA,NA,NA,NA,3,Puerto Rican,1,3,4,5,780,4160,780,18.75,18.75,1,3,1.51 or more
3262921606-61023-001_3262921606-61023-002,Rooming,NA,Italy,NA,NA,NA,NA,NA,NA,NA,NA,NA,,,Europe,NA,NA,NA,NA,NA,NA,NA,NA,NA,NA,NA,H,NA,NA,NA,NA,NA,NA,NA,NA,NA,NA,NA,72,NA,NA,NA,NA,NA,NA,NA,NA,NA,NA,NA,1,NA,0,0,13,NA,NA,NA,NA,NA,NA,NA,NA,NA
3262921606-61023-003_3262921606-61023-004,Rooming,1,NA,NA,NA,NA,NA,NA,NA,NA,NA,NA,,,NA,NA,NA,NA,NA,NA,NA,NA,NA,NA,NA,NA,H,NA,NA,NA,NA,NA,NA,NA,NA,NA,NA,NA,NA,NA,NA,NA,NA,NA,NA,NA,NA,NA,NA,NA,1,NA,0,0,NA,NA,312,NA,312,NA,NA,1,1,1.00 or less
3262921606-61023-005_3262921606-61023-006,Rooming,1,NA,NA,NA,NA,NA,NA,NA,NA,NA,NA,,,NA,NA,NA,NA,NA,NA,NA,NA,NA,NA,NA,NA,NA,NA,NA,NA,NA,NA,NA,NA,NA,NA,NA,NA,NA,NA,NA,NA,NA,NA,NA,NA,NA,NA,NA,NA,NA,NA,0,NA,NA,NA,364,NA,364,NA,NA,NA,NA,NA
3262921606-61023-007_3262921606-61023-008,Rooming,1,NA,NA,NA,NA,NA,NA,NA,NA,NA,NA,,,NA,NA,NA,NA,NA,NA,NA,NA,NA,NA,NA,NA,H,NA,NA,NA,NA,NA,NA,NA,NA,NA,NA,NA,NA,NA,NA,NA,NA,NA,NA,NA,NA,NA,NA,NA,1,NA,0,0,NA,NA,416,NA,416,NA,NA,1,1,1.00 or less
3262921606-61023-009_3262921606-61023-010,Rooming,1,NA,NA,NA,NA,NA,NA,NA,NA,NA,NA,,,NA,NA,NA,NA,NA,NA,NA,NA,NA,NA,NA,NA,H,NA,NA,NA,NA,NA,NA,NA,NA,NA,NA,NA,NA,NA,NA,NA,NA,NA,NA,NA,NA,NA,NA,NA,1,NA,0,0,NA,NA,416,NA,416,NA,NA,1,1,1.00 or less
3262921606-61023-011_3262921606-61023-012,Rooming,1,NA,NA,NA,NA,NA,NA,NA,NA,NA,NA,,,NA,NA,NA,NA,NA,NA,NA,NA,NA,NA,NA,NA,NA,NA,NA,NA,NA,NA,NA,NA,NA,NA,NA,NA,NA,NA,NA,NA,NA,NA,NA,NA,NA,NA,NA,NA,NA,NA,0,NA,NA,NA,312,NA,312,NA,NA,NA,NA,NA
3262921606-61023-013_3262921606-61023-014,Rooming,1,NA,NA,NA,NA,NA,NA,NA,NA,NA,NA,,,NA,NA,NA,NA,NA,NA,NA,NA,NA,NA,NA,NA,H,NA,NA,NA,NA,NA,NA,NA,NA,NA,NA,NA,NA,NA,NA,NA,NA,NA,NA,NA,NA,NA,NA,NA,1,NA,0,0,NA,NA,416,NA,416,NA,NA,1,1,1.00 or less
3262921606-61023-015_3262921606-61023-016,Rooming,1,NA,NA,NA,NA,NA,NA,NA,NA,NA,NA,,,NA,NA,NA,NA,NA,NA,NA,NA,NA,NA,NA,NA,H,NA,NA,NA,NA,NA,NA,NA,NA,NA,NA,NA,NA,NA,NA,NA,NA,NA,NA,NA,NA,NA,NA,NA,1,NA,0,0,NA,NA,416,NA,416,NA,NA,1,1,1.00 or less
3262921606-61023-017_3262921606-61023-018,Rooming,1,NA,NA,NA,NA,NA,NA,NA,NA,NA,NA,,,NA,NA,NA,NA,NA,NA,NA,NA,NA,NA,NA,NA,H,NA,NA,NA,NA,NA,NA,NA,NA,NA,NA,NA,NA,NA,NA,NA,NA,NA,NA,NA,NA,NA,NA,NA,1,NA,0,0,NA,NA,312,NA,312,NA,NA,1,1,1.00 or less
3262921606-61023-019_3262921606-61023-020,Rooming,1,NA,NA,NA,NA,NA,NA,NA,NA,NA,NA,,,NA,NA,NA,NA,NA,NA,NA,NA,NA,NA,NA,NA,H,NA,NA,NA,NA,NA,NA,NA,NA,NA,NA,NA,NA,NA,NA,NA,NA,NA,NA,NA,NA,NA,NA,NA,1,NA,0,0,NA,NA,416,NA,416,NA,NA,1,1,1.00 or less
3262921606-61023-021_3262921606-61023-022,Rooming,1,NA,NA,NA,NA,NA,NA,NA,NA,NA,NA,,,NA,NA,NA,NA,NA,NA,NA,NA,NA,NA,NA,NA,H,NA,NA,NA,NA,NA,NA,NA,NA,NA,NA,NA,NA,NA,NA,NA,NA,NA,NA,NA,NA,NA,NA,NA,1,NA,0,0,NA,NA,312,NA,312,NA,NA,1,1,1.00 or less
3262921798-61019-001_3262921798-61019-002,Rooming,1,Canada,Poland,NA,NA,NA,NA,NA,NA,NA,NA,,,Nrth. Am.,Europe,NA,NA,NA,NA,NA,NA,NA,NA,NA,NA,H,Wife,NA,NA,NA,NA,NA,NA,NA,NA,NA,NA,70,56,NA,NA,NA,NA,NA,NA,NA,NA,NA,NA,2,White,0,0,0.5,31,572,781.2,572,73.22068612,73.22068612,1,2,1.51 or more
3262921798-61019-003_3262921798-61019-004,Rooming,NA,NA,NA,NA,NA,NA,NA,NA,NA,NA,NA,,,NA,NA,NA,NA,NA,NA,NA,NA,NA,NA,NA,NA,H,NA,NA,NA,NA,NA,NA,NA,NA,NA,NA,NA,NA,NA,NA,NA,NA,NA,NA,NA,NA,NA,NA,NA,1,NA,0,0,NA,NA,312,NA,312,NA,NA,NA,NA,NA
3262921798-61019-005_3262921798-61019-006,Rooming,1,PR,PR,NA,NA,NA,NA,NA,NA,NA,NA,,,PR,PR,NA,NA,NA,NA,NA,NA,NA,NA,NA,NA,H,Wife,NA,NA,NA,NA,NA,NA,NA,NA,NA,NA,70,57,NA,NA,NA,NA,NA,NA,NA,NA,NA,NA,2,NA,1,2,NA,5,416,3289.2,416,12.64745227,12.64745227,1,2,1.51 or more
3262921798-61019-007_3262921798-61019-008,Rooming,1,NA,NA,NA,NA,NA,NA,NA,NA,NA,NA,,,NA,NA,NA,NA,NA,NA,NA,NA,NA,NA,NA,NA,H,NA,NA,NA,NA,NA,NA,NA,NA,NA,NA,NA,NA,NA,NA,NA,NA,NA,NA,NA,NA,NA,NA,NA,1,NA,0,0,NA,NA,416,NA,416,NA,NA,1,1,1.00 or less
3262921798-61019-009_3262921798-61019-010,Rooming,NA,Poland,NA,NA,NA,NA,NA,NA,NA,NA,NA,,,Europe,NA,NA,NA,NA,NA,NA,NA,NA,NA,NA,NA,H,NA,NA,NA,NA,NA,NA,NA,NA,NA,NA,NA,68,NA,NA,NA,NA,NA,NA,NA,NA,NA,NA,NA,1,White,0,0,0.67,47,364,492,364,73.98373984,73.98373984,NA,NA,NA
3262921798-61019-011_3262921798-61019-012,Rooming,NA,NA,NA,NA,NA,NA,NA,NA,NA,NA,NA,,,NA,NA,NA,NA,NA,NA,NA,NA,NA,NA,NA,NA,H,NA,NA,NA,NA,NA,NA,NA,NA,NA,NA,NA,NA,NA,NA,NA,NA,NA,NA,NA,NA,NA,NA,NA,1,NA,0,0,NA,NA,312,NA,312,NA,NA,NA,NA,NA
3262921798-61019-013_3262921798-61019-014,Rooming,1,NA,NA,NA,NA,NA,NA,NA,NA,NA,NA,,,NA,NA,NA,NA,NA,NA,NA,NA,NA,NA,NA,NA,H,NA,NA,NA,NA,NA,NA,NA,NA,NA,NA,NA,NA,NA,NA,NA,NA,NA,NA,NA,NA,NA,NA,NA,1,NA,0,0,NA,NA,364,NA,364,NA,NA,1,1,1.00 or less
3262921798-61019-015_3262921798-61019-016,Rooming,NA,NA,NA,NA,NA,NA,NA,NA,NA,NA,NA,,,NA,NA,NA,NA,NA,NA,NA,NA,NA,NA,NA,NA,H,NA,NA,NA,NA,NA,NA,NA,NA,NA,NA,NA,NA,NA,NA,NA,NA,NA,NA,NA,NA,NA,NA,NA,1,NA,0,0,NA,NA,312,NA,312,NA,NA,NA,NA,NA
3262921798-61019-017_3262921798-61019-018,Rooming,1,USA,NA,NA,NA,NA,NA,NA,NA,NA,NA,,,USA,NA,NA,NA,NA,NA,NA,NA,NA,NA,NA,NA,H,NA,NA,NA,NA,NA,NA,NA,NA,NA,NA,NA,54,NA,NA,NA,NA,NA,NA,NA,NA,NA,NA,NA,1,NA,0,0,2,NA,416,2340,416,17.77777778,17.77777778,1,1,1.00 or less
3262929212-61015-001_3262929212-61015-002,Rooming,1,PR,PR,USA,USA,USA,USA,NA,NA,NA,NA,,,PR,PR,USA,USA,USA,USA,NA,NA,NA,NA,NA,NA,H,Wife,Son,Son,Son,Son,Daughter,NA,NA,NA,NA,NA,44,33,5,3,2,0,NA,NA,NA,NA,NA,NA,7,Puerto Rican,1,7,4,9,572,2756,572,20.75471698,20.75471698,1,7,1.51 or more
3458098234-61022-001_3458098234-61022-002,Apartment,1,USA,USA,NA,NA,NA,NA,NA,NA,NA,NA,,,USA,USA,NA,NA,NA,NA,NA,NA,NA,NA,NA,NA,Head,Roommate,NA,NA,NA,NA,NA,NA,NA,NA,NA,NA,30,41,NA,NA,NA,NA,NA,NA,NA,NA,NA,NA,2,White,0,0,3.5,3.5,660,9500,1080,6.947368421,11.36842105,1,2,1.51 or more
3458098234-61022-003_3458098234-61022-004,Apartment,1,USA,USA,NA,NA,NA,NA,NA,NA,NA,NA,,,USA,USA,NA,NA,NA,NA,NA,NA,NA,NA,NA,NA,H,NA,NA,NA,NA,NA,NA,NA,NA,NA,NA,NA,30,36,NA,NA,NA,NA,NA,NA,NA,NA,NA,NA,2,NA,0,0,4,5,660,7540,660,8.75331565,8.75331565,1,2,1.51 or more
3458098234-61022-005_3458098234-61022-006,Apartment,3,Russia,USA,USA,NA,NA,NA,NA,NA,NA,NA,,,Europe,USA,USA,NA,NA,NA,NA,NA,NA,NA,NA,NA,Husband,Wife,Son,NA,NA,NA,NA,NA,NA,NA,NA,NA,44,39,3,NA,NA,NA,NA,NA,NA,NA,NA,NA,3,White,0,0,4,4,780,5200,912,15,17.53846154,3,1,1.00 or less
3458098649-61037-001_3458098649-61037-002,Rooming,2,PR,PR,PR,USA,USA,NA,NA,NA,NA,NA,,,PR,PR,PR,USA,USA,NA,NA,NA,NA,NA,NA,NA,H,Wife,Son,Daughter,Daughter,NA,NA,NA,NA,NA,NA,NA,37,35,15,10,8,0,NA,NA,NA,NA,NA,NA,6,Puerto Rican,1,6,5,12,780,4131.4,780,18.87979862,18.87979862,2,3,1.51 or more
3458098649-61037-003_3458098649-61037-004,NA,NA,NA,NA,NA,NA,NA,NA,NA,NA,NA,NA,,,NA,NA,NA,NA,NA,NA,NA,NA,NA,NA,NA,NA,NA,NA,NA,NA,NA,NA,NA,NA,NA,NA,NA,NA,NA,NA,NA,NA,NA,NA,NA,NA,NA,NA,NA,NA,NA,NA,0,NA,NA,NA,NA,NA,NA,NA,NA,NA,NA,NA
3458098649-61037-005_3458098649-61037-006,Rooming,3,PR,PR,PR,PR,NA,NA,NA,NA,NA,NA,,,PR,PR,PR,PR,NA,NA,NA,NA,NA,NA,NA,NA,NA,NA,NA,NA,NA,NA,NA,NA,NA,NA,NA,NA,24,25,6,3,NA,NA,NA,NA,NA,NA,NA,NA,4,Puerto Rican,1,4,2,4,390,NA,390,NA,NA,3,1.333333333,1.01 to 1.50
3458098649-61037-007_3458098649-61037-008,Rooming,3,NA,NA,NA,NA,NA,NA,NA,NA,NA,NA,,,NA,NA,NA,NA,NA,NA,NA,NA,NA,NA,NA,NA,Wife,H,Son,Son,NA,NA,NA,NA,NA,NA,NA,NA,NA,NA,NA,NA,NA,NA,NA,NA,NA,NA,NA,NA,4,NA,0,0,NA,NA,363.96,NA,363.96,NA,NA,3,1.333333333,1.01 to 1.50
3458098649-61037-009_3458098649-61037-010,Rooming,3,PR,PR,USA,USA,USA,NA,NA,NA,NA,NA,,,PR,PR,USA,USA,USA,NA,NA,NA,NA,NA,NA,NA,HF,Son,Son,Son,Son,NA,NA,NA,NA,NA,NA,NA,30,7,3,2,1,NA,NA,NA,NA,NA,NA,NA,5,NA,1,5,4.5,4,390,NA,390,NA,NA,3,1.666666667,1.51 or more
3458098649-61037-011_3458098649-61037-012,Rooming,2,PR,PR,PR,USA,NA,NA,NA,NA,NA,NA,,,PR,PR,PR,USA,NA,NA,NA,NA,NA,NA,NA,NA,NA,NA,NA,NA,NA,NA,NA,NA,NA,NA,NA,NA,44,31,9,4,NA,NA,NA,NA,NA,NA,NA,NA,4,NA,1,4,NA,NA,NA,NA,NA,NA,NA,2,2,1.51 or more
3458098649-61037-013_3458098649-61037-014,Rooming,1,NA,NA,NA,NA,NA,NA,NA,NA,NA,NA,,,NA,NA,NA,NA,NA,NA,NA,NA,NA,NA,NA,NA,NA,NA,NA,NA,NA,NA,NA,NA,NA,NA,NA,NA,NA,NA,NA,NA,NA,NA,NA,NA,NA,NA,NA,NA,NA,NA,0,NA,NA,NA,260,NA,260,NA,NA,NA,NA,NA
3458098649-61037-015_3458098649-61037-016,Rooming,1,NA,NA,NA,NA,NA,NA,NA,NA,NA,NA,,,NA,NA,NA,NA,NA,NA,NA,NA,NA,NA,NA,NA,NA,NA,NA,NA,NA,NA,NA,NA,NA,NA,NA,NA,NA,NA,NA,NA,NA,NA,NA,NA,NA,NA,NA,NA,NA,NA,0,NA,NA,NA,390,NA,390,NA,NA,NA,NA,NA
3458098649-61037-017_3458098649-61037-018,Rooming,1.5,NA,NA,NA,NA,NA,NA,NA,NA,NA,NA,,,NA,NA,NA,NA,NA,NA,NA,NA,NA,NA,NA,NA,NA,NA,NA,NA,NA,NA,NA,NA,NA,NA,NA,NA,NA,NA,NA,NA,NA,NA,NA,NA,NA,NA,NA,NA,NA,NA,0,NA,NA,NA,676,NA,676,NA,NA,NA,NA,NA
3458098649-61037-019_3458098649-61037-020,Rooming,2.5,PR,PR,PR,USA,USA,NA,NA,NA,NA,NA,,,PR,PR,PR,USA,USA,NA,NA,NA,NA,NA,NA,NA,Mother,NA,NA,NA,NA,NA,NA,NA,NA,NA,NA,NA,NA,5,4,2,0,NA,NA,NA,NA,NA,NA,NA,5,NA,1,5,1,2.5,420,NA,420,NA,NA,2.5,2,1.51 or more
3458099466-61039-001_3458099466-61039-002,Rooming,2,NA,NA,NA,NA,NA,NA,NA,NA,NA,NA,,,NA,NA,NA,NA,NA,NA,NA,NA,NA,NA,NA,NA,H,Wife,NA,NA,NA,NA,NA,NA,NA,NA,NA,NA,NA,NA,NA,NA,NA,NA,NA,NA,NA,NA,NA,NA,2,NA,0,0,NA,NA,936,NA,936,NA,NA,2,1,1.00 or less
3458099466-61039-003_3458099466-61039-004,Rooming,1.5,NA,NA,NA,NA,NA,NA,NA,NA,NA,NA,,,NA,NA,NA,NA,NA,NA,NA,NA,NA,NA,NA,NA,NA,NA,NA,NA,NA,NA,NA,NA,NA,NA,NA,NA,NA,NA,NA,NA,NA,NA,NA,NA,NA,NA,NA,NA,NA,NA,0,NA,NA,NA,468,NA,468,NA,NA,NA,NA,NA
3458099466-61039-005_3458099466-61039-006,Rooming,2,NA,NA,NA,NA,NA,NA,NA,NA,NA,NA,,,NA,NA,NA,NA,NA,NA,NA,NA,NA,NA,NA,NA,NA,NA,NA,NA,NA,NA,NA,NA,NA,NA,NA,NA,NA,NA,NA,NA,NA,NA,NA,NA,NA,NA,NA,NA,NA,NA,0,NA,NA,NA,624,NA,624,NA,NA,NA,NA,NA
3458099466-61039-007_3458099466-61039-008,Rooming,2,NA,NA,NA,NA,NA,NA,NA,NA,NA,NA,,,NA,NA,NA,NA,NA,NA,NA,NA,NA,NA,NA,NA,H,Wife,NA,NA,NA,NA,NA,NA,NA,NA,NA,NA,NA,NA,NA,NA,NA,NA,NA,NA,NA,NA,NA,NA,2,NA,0,0,NA,NA,676,NA,676,NA,NA,2,1,1.00 or less
3458099466-61039-009_3458099466-61039-010,Rooming,2,NA,NA,NA,NA,NA,NA,NA,NA,NA,NA,,,NA,NA,NA,NA,NA,NA,NA,NA,NA,NA,NA,NA,NA,NA,NA,NA,NA,NA,NA,NA,NA,NA,NA,NA,NA,NA,NA,NA,NA,NA,NA,NA,NA,NA,NA,NA,NA,NA,0,NA,NA,NA,936,NA,936,NA,NA,NA,NA,NA
3458099466-61039-011_3458099466-61039-012,Rooming,1.5,NA,NA,NA,NA,NA,NA,NA,NA,NA,NA,,,NA,NA,NA,NA,NA,NA,NA,NA,NA,NA,NA,NA,NA,NA,NA,NA,NA,NA,NA,NA,NA,NA,NA,NA,NA,NA,NA,NA,NA,NA,NA,NA,NA,NA,NA,NA,NA,NA,0,NA,NA,NA,520,NA,520,NA,NA,NA,NA,NA
3458099466-61039-013_3458099466-61039-014,Rooming,2,USA,USA,USA,NA,NA,NA,NA,NA,NA,NA,,,USA,USA,USA,NA,NA,NA,NA,NA,NA,NA,NA,NA,H,Wife,Son,NA,NA,NA,NA,NA,NA,NA,NA,NA,28,21,1,NA,NA,NA,NA,NA,NA,NA,NA,NA,3,Puerto Rican mix,1,3,1.5,2,936,2704,936,34.61538462,34.61538462,2,1.5,1.01 to 1.50
3458099466-61039-015_3458099466-61039-016,Rooming,2,NA,NA,NA,NA,NA,NA,NA,NA,NA,NA,,,NA,NA,NA,NA,NA,NA,NA,NA,NA,NA,NA,NA,H,Wife,Son,NA,NA,NA,NA,NA,NA,NA,NA,NA,NA,NA,NA,NA,NA,NA,NA,NA,NA,NA,NA,NA,3,NA,0,0,NA,NA,780,NA,780,NA,NA,2,1.5,1.01 to 1.50
3458099466-61039-017_3458099466-61039-018,Rooming,3,Virgin Islands,WestInd,Virgin Islands,NA,NA,NA,NA,NA,NA,NA,,,Caribbean,Caribbean,Caribbean,NA,NA,NA,NA,NA,NA,NA,NA,NA,H,Mother,Nephew,NA,NA,NA,NA,NA,NA,NA,NA,NA,36,76,22,NA,NA,NA,NA,NA,NA,NA,NA,NA,3,NA,0,0,3.5,8,1040,4940,1040,21.05263158,21.05263158,3,1,1.00 or less
3458099466-61039-019_3458099466-61039-020,Rooming,3,NA,NA,NA,NA,NA,NA,NA,NA,NA,NA,,,NA,NA,NA,NA,NA,NA,NA,NA,NA,NA,NA,NA,H,Daughter,Brother,Mother,NA,NA,NA,NA,NA,NA,NA,NA,NA,NA,NA,NA,NA,NA,NA,NA,NA,NA,NA,NA,4,Puerto Rican,1,4,4,NA,1144,NA,1144,NA,NA,3,1.333333333,1.01 to 1.50
3458099466-61039-021_3458099466-61039-022,Rooming,1.5,NA,NA,NA,NA,NA,NA,NA,NA,NA,NA,,,NA,NA,NA,NA,NA,NA,NA,NA,NA,NA,NA,NA,NA,NA,NA,NA,NA,NA,NA,NA,NA,NA,NA,NA,NA,NA,NA,NA,NA,NA,NA,NA,NA,NA,NA,NA,NA,NA,0,NA,NA,NA,520,NA,520,NA,NA,NA,NA,NA
3458099466-61039-023_3458099466-61039-024,Rooming,1,NA,NA,NA,NA,NA,NA,NA,NA,NA,NA,,,NA,NA,NA,NA,NA,NA,NA,NA,NA,NA,NA,NA,NA,NA,NA,NA,NA,NA,NA,NA,NA,NA,NA,NA,NA,NA,NA,NA,NA,NA,NA,NA,NA,NA,NA,NA,NA,White,0,NA,NA,NA,468,NA,468,NA,NA,NA,NA,NA
3458099466-61039-025_3458099466-61039-026,Rooming,1.5,USA,USA,NA,NA,NA,NA,NA,NA,NA,NA,,,USA,USA,NA,NA,NA,NA,NA,NA,NA,NA,NA,NA,H,Wife,NA,NA,NA,NA,NA,NA,NA,NA,NA,NA,45,30,NA,NA,NA,NA,NA,NA,NA,NA,NA,NA,2,Puerto Rican mix,1,2,5.5,8,936,NA,936,NA,NA,1.5,1.333333333,1.01 to 1.50
3458099466-61039-027_3458099466-61039-028,Rooming,1.2,USA,USA,NA,NA,NA,NA,NA,NA,NA,NA,,,USA,USA,NA,NA,NA,NA,NA,NA,NA,NA,NA,NA,H,Son,NA,NA,NA,NA,NA,NA,NA,NA,NA,NA,53,21,NA,NA,NA,NA,NA,NA,NA,NA,NA,NA,2,White,0,0,NA,NA,NA,3380,NA,NA,NA,1.2,1.666666667,1.51 or more
3458099466-61039-029_3458099466-61039-030,Rooming,1,NA,NA,NA,NA,NA,NA,NA,NA,NA,NA,,,NA,NA,NA,NA,NA,NA,NA,NA,NA,NA,NA,NA,H,NA,NA,NA,NA,NA,NA,NA,NA,NA,NA,NA,NA,NA,NA,NA,NA,NA,NA,NA,NA,NA,NA,NA,1,NA,0,0,NA,NA,520,NA,520,NA,NA,1,1,1.00 or less
3458100579-61040-001_3458100579-61040-002,Rooming,5,NA,NA,NA,NA,NA,NA,NA,NA,NA,NA,,,NA,NA,NA,NA,NA,NA,NA,NA,NA,NA,NA,NA,H,Wife,NA,NA,NA,NA,NA,NA,NA,NA,NA,NA,NA,NA,NA,NA,NA,NA,NA,NA,NA,NA,NA,NA,2,White,0,0,NA,NA,NA,NA,NA,NA,NA,5,0.4,1.00 or less
3458100579-61040-003_3458100579-61040-004,Rooming,3,USA,USA,USA,USA,USA,USA,USA,USA,NA,NA,,,USA,USA,USA,USA,USA,USA,USA,USA,NA,NA,NA,NA,H,Wife,Daughter,Daughter,Daughter,Son,Daughter,Daughter,NA,NA,NA,NA,39,23,7,5,4,2,1,3,NA,NA,NA,NA,8,Negro,0,0,1.5,15,960,NA,960,NA,NA,3,2.666666667,1.51 or more
3458100579-61040-005_3458100579-61040-006,Rooming,1,NA,NA,NA,NA,NA,NA,NA,NA,NA,NA,,,NA,NA,NA,NA,NA,NA,NA,NA,NA,NA,NA,NA,NA,NA,NA,NA,NA,NA,NA,NA,NA,NA,NA,NA,NA,NA,NA,NA,NA,NA,NA,NA,NA,NA,NA,NA,NA,NA,0,NA,NA,NA,NA,NA,NA,NA,NA,NA,NA,NA
3458100579-61040-007_3458100579-61040-008,Rooming,3,USA,USA,NA,NA,NA,NA,NA,NA,NA,NA,,,USA,USA,NA,NA,NA,NA,NA,NA,NA,NA,NA,NA,H,Wife,NA,NA,NA,NA,NA,NA,NA,NA,NA,NA,31,25,NA,NA,NA,NA,NA,NA,NA,NA,NA,NA,2,NA,0,0,NA,NA,288,6500,288,4.430769231,4.430769231,3,0.666666667,1.00 or less
3458100579-61040-009_3458100579-61040-010,Rooming,1,NA,NA,NA,NA,NA,NA,NA,NA,NA,NA,,,NA,NA,NA,NA,NA,NA,NA,NA,NA,NA,NA,NA,NA,NA,NA,NA,NA,NA,NA,NA,NA,NA,NA,NA,NA,NA,NA,NA,NA,NA,NA,NA,NA,NA,NA,NA,NA,NA,0,NA,NA,NA,NA,NA,NA,NA,NA,NA,NA,NA
3458100579-61040-011_3458100579-61040-012,Rooming,1,Canada,NA,NA,NA,NA,NA,NA,NA,NA,NA,,,Nrth. Am.,NA,NA,NA,NA,NA,NA,NA,NA,NA,NA,NA,H,NA,NA,NA,NA,NA,NA,NA,NA,NA,NA,NA,NA,NA,NA,NA,NA,NA,NA,NA,NA,NA,NA,NA,1,White,0,0,25,NA,408,NA,408,NA,NA,1,1,1.00 or less
3458100579-61040-013_3458100579-61040-014,Rooming,1,NA,NA,NA,NA,NA,NA,NA,NA,NA,NA,,,NA,NA,NA,NA,NA,NA,NA,NA,NA,NA,NA,NA,NA,NA,NA,NA,NA,NA,NA,NA,NA,NA,NA,NA,NA,NA,NA,NA,NA,NA,NA,NA,NA,NA,NA,NA,NA,NA,0,NA,NA,NA,NA,NA,NA,NA,NA,NA,NA,NA
3458100579-61040-015_3458100579-61040-016,Rooming,1,NA,NA,NA,NA,NA,NA,NA,NA,NA,NA,,,NA,NA,NA,NA,NA,NA,NA,NA,NA,NA,NA,NA,H,Wife,NA,NA,NA,NA,NA,NA,NA,NA,NA,NA,NA,NA,NA,NA,NA,NA,NA,NA,NA,NA,NA,NA,2,NA,0,0,NA,NA,480,NA,480,NA,NA,1,2,1.51 or more
3458100579-61040-017_3458100579-61040-018,Rooming,3,USA,USA,USA,NA,USA,NA,NA,NA,NA,NA,,,USA,USA,USA,NA,USA,NA,NA,NA,NA,NA,NA,NA,H,Wife,Daughter,Son,Daughter,NA,NA,NA,NA,NA,NA,NA,37,35,15,9,6,NA,NA,NA,NA,NA,NA,NA,5,Negro,0,0,0.67,20,NA,3380,NA,NA,NA,3,1.666666667,1.51 or more
3458100579-61040-019_3458100579-61040-020,Rooming,2.5,USA,USA,USA,NA,NA,NA,NA,NA,NA,NA,,,USA,USA,USA,NA,NA,NA,NA,NA,NA,NA,NA,NA,Head,Wife,Son,NA,NA,NA,NA,NA,NA,NA,NA,NA,44,37,20,NA,NA,NA,NA,NA,NA,NA,NA,NA,3,Negro,0,0,13,13,NA,3640,NA,NA,NA,2.5,1.2,1.01 to 1.50
3458100579-61040-021_3458100579-61040-022,Rooming,1,NA,NA,NA,NA,NA,NA,NA,NA,NA,NA,,,NA,NA,NA,NA,NA,NA,NA,NA,NA,NA,NA,NA,NA,NA,NA,NA,NA,NA,NA,NA,NA,NA,NA,NA,NA,NA,NA,NA,NA,NA,NA,NA,NA,NA,NA,NA,NA,NA,0,NA,NA,NA,NA,NA,NA,NA,NA,NA,NA,NA
3458100579-61040-023_3458100579-61040-024,Rooming,1,USA,NA,NA,NA,NA,NA,NA,NA,NA,NA,,,USA,NA,NA,NA,NA,NA,NA,NA,NA,NA,NA,NA,H,NA,NA,NA,NA,NA,NA,NA,NA,NA,NA,NA,54,NA,NA,NA,NA,NA,NA,NA,NA,NA,NA,NA,1,Negro,0,0,1.33,1.33,NA,1300,NA,NA,NA,1,1,1.00 or less
3458100579-61040-025_3458100579-61040-026,Rooming,2,NA,NA,NA,NA,NA,NA,NA,NA,NA,NA,,,NA,NA,NA,NA,NA,NA,NA,NA,NA,NA,NA,NA,NA,NA,NA,NA,NA,NA,NA,NA,NA,NA,NA,NA,NA,NA,NA,NA,NA,NA,NA,NA,NA,NA,NA,NA,NA,NA,0,NA,NA,NA,NA,NA,NA,NA,NA,NA,NA,NA
3458100579-61040-027_3458100579-61040-028,Rooming,1,NA,NA,NA,NA,NA,NA,NA,NA,NA,NA,,,NA,NA,NA,NA,NA,NA,NA,NA,NA,NA,NA,NA,H,Wife,NA,NA,NA,NA,NA,NA,NA,NA,NA,NA,68,68,NA,NA,NA,NA,NA,NA,NA,NA,NA,NA,2,Negro,0,0,4,50,480,1196,480,40.13377926,40.13377926,1,2,1.51 or more
3458100579-61040-029_3458100579-61040-030,Rooming,1,USA,USA,NA,NA,NA,NA,NA,NA,NA,NA,,,USA,USA,NA,NA,NA,NA,NA,NA,NA,NA,NA,NA,H,Wife,NA,NA,NA,NA,NA,NA,NA,NA,NA,NA,68,78,NA,NA,NA,NA,NA,NA,NA,NA,NA,NA,2,Negro,0,0,NA,NA,NA,780,NA,NA,NA,1,2,1.51 or more
3458100579-61040-031_3458100579-61040-032,Rooming,3,NA,NA,NA,NA,NA,NA,NA,NA,NA,NA,,,NA,NA,NA,NA,NA,NA,NA,NA,NA,NA,NA,NA,H,NA,NA,NA,NA,NA,NA,NA,NA,NA,NA,NA,NA,NA,NA,NA,NA,NA,NA,NA,NA,NA,NA,NA,1,NA,0,0,NA,NA,NA,NA,NA,NA,NA,3,0.333333333,1.00 or less
3458100579-61040-033_3458100579-61040-034,Rooming,1,USA,NA,NA,NA,NA,NA,NA,NA,NA,NA,,,USA,NA,NA,NA,NA,NA,NA,NA,NA,NA,NA,NA,H,Wife,NA,NA,NA,NA,NA,NA,NA,NA,NA,NA,58,40,NA,NA,NA,NA,NA,NA,NA,NA,NA,NA,2,NA,0,0,6,39,NA,NA,NA,NA,NA,1,2,1.51 or more
3458100579-61040-035_3458100579-61040-036,Rooming,1,USA,USA,NA,NA,NA,NA,NA,NA,NA,NA,,,USA,USA,NA,NA,NA,NA,NA,NA,NA,NA,NA,NA,H,Wife,NA,NA,NA,NA,NA,NA,NA,NA,NA,NA,40,35,NA,NA,NA,NA,NA,NA,NA,NA,NA,NA,2,Negro,0,0,9,40,780,1872,780,41.66666667,41.66666667,1,2,1.51 or more
3458100579-61040-037_3458100579-61040-038,Rooming,1,NA,NA,NA,NA,NA,NA,NA,NA,NA,NA,,,NA,NA,NA,NA,NA,NA,NA,NA,NA,NA,NA,NA,NA,NA,NA,NA,NA,NA,NA,NA,NA,NA,NA,NA,NA,NA,NA,NA,NA,NA,NA,NA,NA,NA,NA,NA,NA,NA,0,NA,NA,NA,456,NA,456,NA,NA,NA,NA,NA
3458100579-61040-039_3458100579-61040-040,Rooming,1,USA,NA,NA,NA,NA,NA,NA,NA,NA,NA,,,USA,NA,NA,NA,NA,NA,NA,NA,NA,NA,NA,NA,Head,NA,NA,NA,NA,NA,NA,NA,NA,NA,NA,NA,44,NA,NA,NA,NA,NA,NA,NA,NA,NA,NA,NA,1,Negro,0,0,9,NA,NA,NA,NA,NA,NA,1,1,1.00 or less
3458100579-61040-041_3458100579-61040-042,Rooming,1,NA,NA,NA,NA,NA,NA,NA,NA,NA,NA,,,NA,NA,NA,NA,NA,NA,NA,NA,NA,NA,NA,NA,H,Wife,NA,NA,NA,NA,NA,NA,NA,NA,NA,NA,NA,NA,NA,NA,NA,NA,NA,NA,NA,NA,NA,NA,2,NA,0,0,NA,NA,NA,NA,NA,NA,NA,1,2,1.51 or more
3458101564-61043-001_3458101564-61043-002,Rooming,9,NA,NA,NA,NA,NA,NA,NA,NA,NA,NA,,,NA,NA,NA,NA,NA,NA,NA,NA,NA,NA,NA,NA,NA,NA,NA,NA,NA,NA,NA,NA,NA,NA,NA,NA,NA,NA,NA,NA,NA,NA,NA,NA,NA,NA,NA,NA,NA,NA,0,NA,NA,NA,NA,NA,NA,NA,NA,NA,NA,NA
3458101564-61043-003_3458101564-61043-004,Rooming,1,USA,NA,NA,NA,NA,NA,NA,NA,NA,NA,,,USA,NA,NA,NA,NA,NA,NA,NA,NA,NA,NA,NA,H,NA,NA,NA,NA,NA,NA,NA,NA,NA,NA,NA,68,NA,NA,NA,NA,NA,NA,NA,NA,NA,NA,NA,1,White,0,0,20,40,364,774,364,47.02842377,47.02842377,1,1,1.00 or less
3458101564-61043-005_3458101564-61043-006,Rooming,1,NA,NA,NA,NA,NA,NA,NA,NA,NA,NA,,,NA,NA,NA,NA,NA,NA,NA,NA,NA,NA,NA,NA,NA,NA,NA,NA,NA,NA,NA,NA,NA,NA,NA,NA,NA,NA,NA,NA,NA,NA,NA,NA,NA,NA,NA,NA,NA,NA,0,NA,NA,NA,208,NA,208,NA,NA,NA,NA,NA
3458101564-61043-007_3458101564-61043-008,Rooming,1,NA,NA,NA,NA,NA,NA,NA,NA,NA,NA,,,NA,NA,NA,NA,NA,NA,NA,NA,NA,NA,NA,NA,NA,NA,NA,NA,NA,NA,NA,NA,NA,NA,NA,NA,NA,NA,NA,NA,NA,NA,NA,NA,NA,NA,NA,NA,NA,NA,0,NA,NA,NA,312,NA,312,NA,NA,NA,NA,NA
3458101564-61043-009_3458101564-61043-010,Rooming,2,NA,NA,NA,NA,NA,NA,NA,NA,NA,NA,,,NA,NA,NA,NA,NA,NA,NA,NA,NA,NA,NA,NA,NA,NA,NA,NA,NA,NA,NA,NA,NA,NA,NA,NA,NA,NA,NA,NA,NA,NA,NA,NA,NA,NA,NA,NA,NA,NA,0,NA,NA,NA,468,NA,468,NA,NA,NA,NA,NA
3458101564-61043-011_3458101564-61043-012,Rooming,2,NA,NA,NA,NA,NA,NA,NA,NA,NA,NA,,,NA,NA,NA,NA,NA,NA,NA,NA,NA,NA,NA,NA,NA,NA,NA,NA,NA,NA,NA,NA,NA,NA,NA,NA,NA,NA,NA,NA,NA,NA,NA,NA,NA,NA,NA,NA,NA,NA,0,NA,NA,NA,468,NA,468,NA,NA,NA,NA,NA
3458101564-61043-013_3458101564-61043-014,Rooming,1,NA,NA,NA,NA,NA,NA,NA,NA,NA,NA,,,NA,NA,NA,NA,NA,NA,NA,NA,NA,NA,NA,NA,NA,NA,NA,NA,NA,NA,NA,NA,NA,NA,NA,NA,NA,NA,NA,NA,NA,NA,NA,NA,NA,NA,NA,NA,1,NA,0,0,NA,NA,364,NA,364,NA,NA,1,1,1.00 or less
3458101564-61043-015_3458101564-61043-016,Rooming,1,NA,NA,NA,NA,NA,NA,NA,NA,NA,NA,,,NA,NA,NA,NA,NA,NA,NA,NA,NA,NA,NA,NA,NA,NA,NA,NA,NA,NA,NA,NA,NA,NA,NA,NA,NA,NA,NA,NA,NA,NA,NA,NA,NA,NA,NA,NA,NA,NA,0,NA,NA,NA,312,NA,312,NA,NA,NA,NA,NA
3458102587-61042-001_3458102587-61042-002,NA,2,USA,USA,USA,USA,NA,NA,NA,NA,NA,NA,,,USA,USA,USA,USA,NA,NA,NA,NA,NA,NA,NA,NA,Wife,Son,Daughter,Daughter,Daughter,NA,NA,NA,NA,NA,NA,NA,21,5,3,2,0,NA,NA,NA,NA,NA,NA,NA,5,Negro,0,0,NA,NA,884,NA,884,NA,NA,2,2.5,1.51 or more
3458102587-61042-003_3458102587-61042-004,NA,2,PR,PR,NA,NA,NA,NA,NA,NA,NA,NA,,,PR,PR,NA,NA,NA,NA,NA,NA,NA,NA,NA,NA,NA,NA,NA,NA,NA,NA,NA,NA,NA,NA,NA,NA,47,14,NA,NA,NA,NA,NA,NA,NA,NA,NA,NA,2,Puerto Rican,1,2,1.5,8.5,884,NA,884,NA,NA,2,1,1.00 or less
3458102587-61042-005_3458102587-61042-006,NA,1.5,USA,USA,USA,NA,NA,NA,NA,NA,NA,NA,,,USA,USA,USA,NA,NA,NA,NA,NA,NA,NA,NA,NA,Mother,Daughter,Son,NA,NA,NA,NA,NA,NA,NA,NA,NA,37,13,10,NA,NA,NA,NA,NA,NA,NA,NA,NA,3,Oriental,0,0,0.1525,15,884,NA,884,NA,NA,1.5,2,1.51 or more
3458102587-61042-007_3458102587-61042-008,NA,2,USA,USA,USA,USA,USA,NA,NA,NA,NA,NA,,,USA,USA,USA,USA,USA,NA,NA,NA,NA,NA,NA,NA,H,Son,Son,Daughter,Daughter,NA,NA,NA,NA,NA,NA,NA,39,14,12,11,8,NA,NA,NA,NA,NA,NA,NA,5,NA,0,0,1,1.5,884,NA,884,NA,NA,2,2.5,1.51 or more
3458102587-61042-009_3458102587-61042-010,NA,1.5,USA,USA,NA,NA,NA,NA,NA,NA,NA,NA,,,USA,USA,NA,NA,NA,NA,NA,NA,NA,NA,NA,NA,Mother,Son,NA,NA,NA,NA,NA,NA,NA,NA,NA,NA,32,1,NA,NA,NA,NA,NA,NA,NA,NA,NA,NA,2,Negro,0,0,0.083333333,3,832,NA,832,NA,NA,1.5,1.333333333,1.01 to 1.50
3458102587-61042-011_3458102587-61042-012,NA,2,NA,NA,NA,NA,NA,NA,NA,NA,NA,NA,,,NA,NA,NA,NA,NA,NA,NA,NA,NA,NA,NA,NA,Mother,Daughter,Son,NA,NA,NA,NA,NA,NA,NA,NA,NA,NA,NA,NA,NA,NA,NA,NA,NA,NA,NA,NA,NA,3,NA,0,0,0.666666667,10,884,NA,884,NA,NA,2,1.5,1.01 to 1.50
3458102587-61042-013_3458102587-61042-014,NA,1.5,PR,PR,PR,PR,USA,USA,NA,NA,NA,NA,,,PR,PR,PR,PR,USA,USA,NA,NA,NA,NA,NA,NA,H,Wife,Son,Daughter,Daughter,Daughter,NA,NA,NA,NA,NA,NA,NA,NA,NA,NA,NA,NA,NA,NA,NA,NA,NA,NA,6,NA,1,6,4,NA,884,NA,884,NA,NA,1.5,4,1.51 or more
3458102587-61042-015_3458102587-61042-016,NA,2,USA,USA,USA,NA,NA,NA,NA,NA,NA,NA,,,USA,USA,USA,NA,NA,NA,NA,NA,NA,NA,NA,NA,NA,NA,NA,NA,NA,NA,NA,NA,NA,NA,NA,NA,26,4,1,NA,NA,NA,NA,NA,NA,NA,NA,NA,3,Negro,0,0,0.75,26,884,NA,884,NA,NA,2,1.5,1.01 to 1.50
3458102587-61042-017_3458102587-61042-018,NA,2,NA,NA,NA,NA,NA,NA,NA,NA,NA,NA,,,NA,NA,NA,NA,NA,NA,NA,NA,NA,NA,NA,NA,H,Daughter,Son,NA,NA,NA,NA,NA,NA,NA,NA,NA,30,15,12,NA,NA,NA,NA,NA,NA,NA,NA,NA,3,NA,0,0,3,NA,832,NA,832,NA,NA,2,1.5,1.01 to 1.50
3458102587-61042-019_3458102587-61042-020,NA,1.5,NA,NA,NA,NA,NA,NA,NA,NA,NA,NA,,,NA,NA,NA,NA,NA,NA,NA,NA,NA,NA,NA,NA,NA,NA,NA,NA,NA,NA,NA,NA,NA,NA,NA,NA,NA,NA,NA,NA,NA,NA,NA,NA,NA,NA,NA,NA,NA,NA,0,NA,NA,NA,884,NA,884,NA,NA,NA,NA,NA
3458102587-61042-021_3458102587-61042-022,NA,2,PR,PR,PR,NA,NA,NA,NA,NA,NA,NA,,,PR,PR,PR,NA,NA,NA,NA,NA,NA,NA,NA,NA,NA,NA,NA,NA,NA,NA,NA,NA,NA,NA,NA,NA,34,6,7,NA,NA,NA,NA,NA,NA,NA,NA,NA,3,NA,1,3,0.666666667,5,884,NA,884,NA,NA,2,1.5,1.01 to 1.50
3458102587-61042-023_3458102587-61042-024,NA,2,NA,NA,NA,NA,NA,NA,NA,NA,NA,NA,,,NA,NA,NA,NA,NA,NA,NA,NA,NA,NA,NA,NA,NA,NA,NA,NA,NA,NA,NA,NA,NA,NA,NA,NA,NA,NA,NA,NA,NA,NA,NA,NA,NA,NA,NA,NA,NA,NA,0,NA,NA,NA,884,NA,884,NA,NA,NA,NA,NA
3458102587-61042-025_3458102587-61042-026,NA,2,PR,PR,USA,USA,NA,NA,NA,NA,NA,NA,,,PR,PR,USA,USA,NA,NA,NA,NA,NA,NA,NA,NA,NA,NA,NA,NA,NA,NA,NA,NA,NA,NA,NA,NA,34,11,6,0,NA,NA,NA,NA,NA,NA,NA,NA,4,Puerto Rican,1,4,1,10.5,884,NA,884,NA,NA,2,2,1.51 or more
3458102587-61042-027_3458102587-61042-028,NA,1.5,PR,PR,PR,PR,NA,NA,NA,NA,NA,NA,,,PR,PR,PR,PR,NA,NA,NA,NA,NA,NA,NA,NA,Head,Wife,Son,Son,NA,NA,NA,NA,NA,NA,NA,NA,26,27,6,4,NA,NA,NA,NA,NA,NA,NA,NA,4,Puerto Rican,1,4,NA,NA,884,NA,884,NA,NA,1.5,2.666666667,1.51 or more
3458102587-61042-029_3458102587-61042-030,Rooming,1.5,PR,USA,NA,NA,NA,NA,NA,NA,NA,NA,,,PR,USA,NA,NA,NA,NA,NA,NA,NA,NA,NA,NA,Head,Daughter,NA,NA,NA,NA,NA,NA,NA,NA,NA,NA,22,2,NA,NA,NA,NA,NA,NA,NA,NA,NA,NA,2,Puerto Rican,1,2,0.5,11,806,NA,806,NA,NA,1.5,1.333333333,1.01 to 1.50
3458102587-61042-031_3458102587-61042-032,NA,2,NA,NA,NA,NA,NA,NA,NA,NA,NA,NA,,,NA,NA,NA,NA,NA,NA,NA,NA,NA,NA,NA,NA,NA,NA,NA,NA,NA,NA,NA,NA,NA,NA,NA,NA,NA,NA,NA,NA,NA,NA,NA,NA,NA,NA,NA,NA,NA,White,0,NA,NA,NA,NA,NA,NA,NA,NA,NA,NA,NA
3458103019-61041-001_3458103019-61041-002,NA,1.5,NA,NA,NA,NA,NA,NA,NA,NA,NA,NA,,,NA,NA,NA,NA,NA,NA,NA,NA,NA,NA,NA,NA,H,Wife,Son,Son,Daughter,NA,NA,NA,NA,NA,NA,NA,NA,NA,9,8,3,NA,NA,NA,NA,NA,NA,NA,5,Puerto Rican,1,5,1,1.833333333,884,NA,884,NA,NA,1.5,3.333333333,1.51 or more
3458103019-61041-003_3458103019-61041-004,NA,2,PR,PR,NA,NA,NA,NA,NA,NA,NA,NA,,,PR,PR,NA,NA,NA,NA,NA,NA,NA,NA,NA,NA,Son,M,NA,NA,NA,NA,NA,NA,NA,NA,NA,NA,40,16,NA,NA,NA,NA,NA,NA,NA,NA,NA,NA,2,NA,1,2,0.583333333,6,884,NA,884,NA,NA,2,1,1.00 or less
3458103019-61041-005_3458103019-61041-006,NA,1.5,PR,PR,PR,USA,USA,NA,NA,NA,NA,NA,,,PR,PR,PR,USA,USA,NA,NA,NA,NA,NA,NA,NA,H,Wife,NA,NA,NA,NA,NA,NA,NA,NA,NA,NA,21,30,3,2,0,NA,NA,NA,NA,NA,NA,NA,5,Puerto Rican,1,5,0.5,6.5,884,NA,884,NA,NA,1.5,3.333333333,1.51 or more
3458103019-61041-007_3458103019-61041-008,Rooming,2,USA,USA,USA,USA,NA,NA,NA,NA,NA,NA,,,USA,USA,USA,USA,NA,NA,NA,NA,NA,NA,NA,NA,M,Son,Daughter,Daughter,NA,NA,NA,NA,NA,NA,NA,NA,24,42,52,56,NA,NA,NA,NA,NA,NA,NA,NA,4,Negro,0,0,0.5,24,884,NA,884,NA,NA,2,2,1.51 or more
3458103019-61041-011_3458103019-61041-012,NA,2,NA,NA,NA,NA,NA,NA,NA,NA,NA,NA,,,NA,NA,NA,NA,NA,NA,NA,NA,NA,NA,NA,NA,NA,NA,NA,NA,NA,NA,NA,NA,NA,NA,NA,NA,NA,NA,NA,NA,NA,NA,NA,NA,NA,NA,NA,NA,NA,NA,0,NA,NA,NA,624,NA,624,NA,NA,NA,NA,NA
3458103019-61041-013_3458103019-61041-014,NA,2,USA,PR,NA,NA,NA,NA,NA,NA,NA,NA,,,USA,PR,NA,NA,NA,NA,NA,NA,NA,NA,NA,NA,NA,NA,NA,NA,NA,NA,NA,NA,NA,NA,NA,NA,6,70,NA,NA,NA,NA,NA,NA,NA,NA,NA,NA,2,Puerto Rican,1,2,0.666666667,6,717.6,NA,717.6,NA,NA,2,1,1.00 or less
3458103019-61041-015_3458103019-61041-016,NA,2,PR,PR,PR,PR,PR,NA,NA,NA,NA,NA,,,PR,PR,PR,PR,PR,NA,NA,NA,NA,NA,NA,NA,NA,NA,NA,NA,NA,NA,NA,NA,NA,NA,NA,NA,8,42,44,45,50,NA,NA,NA,NA,NA,NA,NA,5,Puerto Rican,1,5,NA,NA,884,NA,884,NA,NA,2,2.5,1.51 or more
3458103019-61041-017_3458103019-61041-018,Rooming,2,PR,PR,USA,USA,PR,NA,NA,NA,NA,NA,,,PR,PR,USA,USA,PR,NA,NA,NA,NA,NA,NA,NA,H,Wife,Son,Daughter,Brother of 1,NA,NA,NA,NA,NA,NA,NA,NA,NA,NA,NA,NA,NA,NA,NA,NA,NA,NA,NA,5,Puerto Rican,1,5,2.5,9,NA,3380,NA,NA,NA,2,2.5,1.51 or more
3458103019-61041-019_3458103019-61041-020,NA,2,PR,PR,PR,PR,USA,USA,USA,NA,NA,NA,,,PR,PR,PR,PR,USA,USA,USA,NA,NA,NA,NA,NA,H,Wife,NA,NA,NA,NA,NA,NA,NA,NA,NA,NA,27,22,NA,NA,NA,NA,NA,NA,NA,NA,NA,NA,7,Puerto Rican,1,7,2,7,936,NA,936,NA,NA,2,3.5,1.51 or more
3458103019-61041-021_3458103019-61041-022,NA,1.5,NA,NA,NA,NA,NA,NA,NA,NA,NA,NA,,,NA,NA,NA,NA,NA,NA,NA,NA,NA,NA,NA,NA,Mother,Daughter,Daughter,Brother,NA,NA,NA,NA,NA,NA,NA,NA,NA,NA,NA,NA,NA,NA,NA,NA,NA,NA,NA,NA,4,Puerto Rican,1,4,3,NA,884,NA,884,NA,NA,1.5,2.666666667,1.51 or more
3458103019-61041-023_3458103019-61041-024,NA,1.5,NA,NA,NA,NA,NA,NA,NA,NA,NA,NA,,,NA,NA,NA,NA,NA,NA,NA,NA,NA,NA,NA,NA,Mother,Daughter,Daughter,Daughter,Daughter,NA,NA,NA,NA,NA,NA,NA,NA,4,3,1,0,NA,NA,NA,NA,NA,NA,NA,5,Puerto Rican,1,5,2,2,884,NA,884,NA,NA,1.5,3.333333333,1.51 or more
3458103019-61041-025_3458103019-61041-026,Rooming,1.5,NA,NA,NA,NA,NA,NA,NA,NA,NA,NA,,,NA,NA,NA,NA,NA,NA,NA,NA,NA,NA,NA,NA,H,NA,NA,NA,NA,NA,NA,NA,NA,NA,NA,NA,NA,NA,NA,NA,NA,NA,NA,NA,NA,NA,NA,NA,1,NA,0,0,NA,NA,717.6,NA,717.6,NA,NA,1.5,0.666666667,1.00 or less
3458103429-61038-001_3458103429-61038-002,Rooming,2.5,NA,NA,NA,NA,NA,NA,NA,NA,NA,NA,,,NA,NA,NA,NA,NA,NA,NA,NA,NA,NA,NA,NA,NA,NA,NA,NA,NA,NA,NA,NA,NA,NA,NA,NA,NA,NA,NA,NA,NA,NA,NA,NA,NA,NA,NA,NA,NA,White,0,NA,36,36,NA,NA,NA,NA,NA,NA,NA,NA
3458103429-61038-003_3458103429-61038-004,Rooming,1.5,NA,NA,NA,NA,NA,NA,NA,NA,NA,NA,,,NA,NA,NA,NA,NA,NA,NA,NA,NA,NA,NA,NA,NA,NA,NA,NA,NA,NA,NA,NA,NA,NA,NA,NA,NA,NA,NA,NA,NA,NA,NA,NA,NA,NA,NA,NA,NA,NA,0,NA,3,NA,780,NA,780,NA,NA,NA,NA,NA
3458103429-61038-005_3458103429-61038-006,Rooming,1,NA,NA,NA,NA,NA,NA,NA,NA,NA,NA,,,NA,NA,NA,NA,NA,NA,NA,NA,NA,NA,NA,NA,Head,NA,NA,NA,NA,NA,NA,NA,NA,NA,NA,NA,NA,NA,NA,NA,NA,NA,NA,NA,NA,NA,NA,NA,1,NA,0,0,NA,NA,260,NA,260,NA,NA,1,1,1.00 or less
3458103429-61038-007_3458103429-61038-008,Rooming,1,NA,NA,NA,NA,NA,NA,NA,NA,NA,NA,,,NA,NA,NA,NA,NA,NA,NA,NA,NA,NA,NA,NA,NA,NA,NA,NA,NA,NA,NA,NA,NA,NA,NA,NA,NA,NA,NA,NA,NA,NA,NA,NA,NA,NA,NA,NA,NA,NA,0,NA,NA,NA,286,NA,286,NA,NA,NA,NA,NA
3458103429-61038-009_3458103429-61038-010,Rooming,1,NA,NA,NA,NA,NA,NA,NA,NA,NA,NA,,,NA,NA,NA,NA,NA,NA,NA,NA,NA,NA,NA,NA,NA,NA,NA,NA,NA,NA,NA,NA,NA,NA,NA,NA,NA,NA,NA,NA,NA,NA,NA,NA,NA,NA,NA,NA,NA,NA,0,NA,NA,NA,780,NA,780,NA,NA,NA,NA,NA
3458103429-61038-011_3458103429-61038-012,Rooming,1,NA,NA,NA,NA,NA,NA,NA,NA,NA,NA,,,NA,NA,NA,NA,NA,NA,NA,NA,NA,NA,NA,NA,NA,NA,NA,NA,NA,NA,NA,NA,NA,NA,NA,NA,NA,NA,NA,NA,NA,NA,NA,NA,NA,NA,NA,NA,NA,NA,0,NA,NA,NA,286,NA,286,NA,NA,NA,NA,NA
3458103429-61038-013_3458103429-61038-014,Rooming,1.5,NA,NA,NA,NA,NA,NA,NA,NA,NA,NA,,,NA,NA,NA,NA,NA,NA,NA,NA,NA,NA,NA,NA,NA,NA,NA,NA,NA,NA,NA,NA,NA,NA,NA,NA,NA,NA,NA,NA,NA,NA,NA,NA,NA,NA,NA,NA,NA,NA,0,NA,NA,NA,858,NA,858,NA,NA,NA,NA,NA
3458103429-61038-015_3458103429-61038-016,Rooming,1,NA,NA,NA,NA,NA,NA,NA,NA,NA,NA,,,NA,NA,NA,NA,NA,NA,NA,NA,NA,NA,NA,NA,NA,NA,NA,NA,NA,NA,NA,NA,NA,NA,NA,NA,NA,NA,NA,NA,NA,NA,NA,NA,NA,NA,NA,NA,NA,NA,0,NA,NA,NA,286,NA,286,NA,NA,NA,NA,NA
3458103429-61038-017_3458103429-61038-018,Rooming,1,NA,NA,NA,NA,NA,NA,NA,NA,NA,NA,,,NA,NA,NA,NA,NA,NA,NA,NA,NA,NA,NA,NA,NA,NA,NA,NA,NA,NA,NA,NA,NA,NA,NA,NA,NA,NA,NA,NA,NA,NA,NA,NA,NA,NA,NA,NA,NA,NA,0,NA,NA,NA,260,NA,260,NA,NA,NA,NA,NA
3458103429-61038-019_3458103429-61038-020,NA,1.5,NA,NA,NA,NA,NA,NA,NA,NA,NA,NA,,,NA,NA,NA,NA,NA,NA,NA,NA,NA,NA,NA,NA,NA,NA,NA,NA,NA,NA,NA,NA,NA,NA,NA,NA,21,21,NA,NA,NA,NA,NA,NA,NA,NA,NA,NA,2,NA,0,0,NA,18,720,NA,720,NA,NA,1.5,1.333333333,1.01 to 1.50
3458103429-61038-021_3458103429-61038-022,Rooming,2.5,NA,NA,NA,NA,NA,NA,NA,NA,NA,NA,,,NA,NA,NA,NA,NA,NA,NA,NA,NA,NA,NA,NA,NA,NA,NA,NA,NA,NA,NA,NA,NA,NA,NA,NA,NA,NA,NA,NA,NA,NA,NA,NA,NA,NA,NA,NA,NA,NA,0,NA,NA,NA,876,NA,876,NA,NA,NA,NA,NA
3458103429-61038-023_3458103429-61038-024,NA,1.2,NA,NA,NA,NA,NA,NA,NA,NA,NA,NA,,,NA,NA,NA,NA,NA,NA,NA,NA,NA,NA,NA,NA,NA,NA,NA,NA,NA,NA,NA,NA,NA,NA,NA,NA,21,21,NA,NA,NA,NA,NA,NA,NA,NA,NA,NA,2,NA,0,0,4,21,884,NA,884,NA,NA,1.2,1.666666667,1.51 or more
3458103429-61038-025_3458103429-61038-026,Rooming,1,NA,NA,NA,NA,NA,NA,NA,NA,NA,NA,,,NA,NA,NA,NA,NA,NA,NA,NA,NA,NA,NA,NA,NA,NA,NA,NA,NA,NA,NA,NA,NA,NA,NA,NA,NA,NA,NA,NA,NA,NA,NA,NA,NA,NA,NA,NA,NA,NA,0,NA,NA,NA,360,NA,360,NA,NA,NA,NA,NA
3458103429-61038-027_3458103429-61038-028,Rooming,1,NA,NA,NA,NA,NA,NA,NA,NA,NA,NA,,,NA,NA,NA,NA,NA,NA,NA,NA,NA,NA,NA,NA,NA,NA,NA,NA,NA,NA,NA,NA,NA,NA,NA,NA,NA,NA,NA,NA,NA,NA,NA,NA,NA,NA,NA,NA,NA,NA,0,NA,NA,NA,312,NA,312,NA,NA,NA,NA,NA
3458103429-61038-029_3458103429-61038-030,Rooming,1,NA,NA,NA,NA,NA,NA,NA,NA,NA,NA,,,NA,NA,NA,NA,NA,NA,NA,NA,NA,NA,NA,NA,NA,NA,NA,NA,NA,NA,NA,NA,NA,NA,NA,NA,NA,NA,NA,NA,NA,NA,NA,NA,NA,NA,NA,NA,NA,NA,0,NA,NA,NA,260,NA,260,NA,NA,NA,NA,NA
3458103921-61031-001_3458103921-61031-002,Rooming,2,Phillipines,PR,NA,NA,NA,NA,NA,NA,NA,NA,,,Asia,PR,NA,NA,NA,NA,NA,NA,NA,NA,NA,NA,H,Wife,NA,NA,NA,NA,NA,NA,NA,NA,NA,NA,48,42,NA,NA,NA,NA,NA,NA,NA,NA,NA,NA,2,Puerto Rican,1,2,20,50,657.8,7500,657.8,8.770666667,8.770666667,2,1,1.00 or less
3458103921-61031-003_3458103921-61031-004,Rooming,1,NA,NA,NA,NA,NA,NA,NA,NA,NA,NA,,,NA,NA,NA,NA,NA,NA,NA,NA,NA,NA,NA,NA,NA,NA,NA,NA,NA,NA,NA,NA,NA,NA,NA,NA,NA,NA,NA,NA,NA,NA,NA,NA,NA,NA,NA,NA,NA,NA,0,NA,NA,NA,NA,NA,NA,NA,NA,NA,NA,NA
3458103921-61031-005_3458103921-61031-006,Rooming,1,USA,NA,NA,NA,NA,NA,NA,NA,NA,NA,,,USA,NA,NA,NA,NA,NA,NA,NA,NA,NA,NA,NA,Head,NA,NA,NA,NA,NA,NA,NA,NA,NA,NA,NA,64,NA,NA,NA,NA,NA,NA,NA,NA,NA,NA,NA,1,White,0,0,4,40,NA,988,NA,NA,NA,1,1,1.00 or less
3458103921-61031-007_3458103921-61031-008,Rooming,1,NA,NA,NA,NA,NA,NA,NA,NA,NA,NA,,,NA,NA,NA,NA,NA,NA,NA,NA,NA,NA,NA,NA,NA,NA,NA,NA,NA,NA,NA,NA,NA,NA,NA,NA,NA,NA,NA,NA,NA,NA,NA,NA,NA,NA,NA,NA,NA,NA,0,NA,NA,NA,NA,NA,NA,NA,NA,NA,NA,NA
3458103921-61031-009_3458103921-61031-010,Rooming,1,NA,NA,NA,NA,NA,NA,NA,NA,NA,NA,,,NA,NA,NA,NA,NA,NA,NA,NA,NA,NA,NA,NA,NA,NA,NA,NA,NA,NA,NA,NA,NA,NA,NA,NA,NA,NA,NA,NA,NA,NA,NA,NA,NA,NA,NA,NA,NA,NA,0,NA,NA,NA,NA,NA,NA,NA,NA,NA,NA,NA
3458103921-61031-011_3458103921-61031-012,Rooming,1,NA,NA,NA,NA,NA,NA,NA,NA,NA,NA,,,NA,NA,NA,NA,NA,NA,NA,NA,NA,NA,NA,NA,NA,NA,NA,NA,NA,NA,NA,NA,NA,NA,NA,NA,NA,NA,NA,NA,NA,NA,NA,NA,NA,NA,NA,NA,NA,NA,0,NA,NA,NA,NA,NA,NA,NA,NA,NA,NA,NA
3458103921-61031-013_3458103921-61031-014,Rooming,1,NA,NA,NA,NA,NA,NA,NA,NA,NA,NA,,,NA,NA,NA,NA,NA,NA,NA,NA,NA,NA,NA,NA,H,NA,NA,NA,NA,NA,NA,NA,NA,NA,NA,NA,NA,NA,NA,NA,NA,NA,NA,NA,NA,NA,NA,NA,1,NA,0,0,NA,NA,NA,NA,NA,NA,NA,1,1,1.00 or less
3458103921-61031-015_3458103921-61031-016,Rooming,1,NA,NA,NA,NA,NA,NA,NA,NA,NA,NA,,,NA,NA,NA,NA,NA,NA,NA,NA,NA,NA,NA,NA,NA,NA,NA,NA,NA,NA,NA,NA,NA,NA,NA,NA,NA,NA,NA,NA,NA,NA,NA,NA,NA,NA,NA,NA,NA,NA,0,NA,NA,NA,NA,NA,NA,NA,NA,NA,NA,NA
3458103921-61031-017_3458103921-61031-018,Rooming,1,NA,NA,NA,NA,NA,NA,NA,NA,NA,NA,,,NA,NA,NA,NA,NA,NA,NA,NA,NA,NA,NA,NA,NA,NA,NA,NA,NA,NA,NA,NA,NA,NA,NA,NA,NA,NA,NA,NA,NA,NA,NA,NA,NA,NA,NA,NA,NA,NA,0,NA,NA,NA,NA,NA,NA,NA,NA,NA,NA,NA
3458103921-61031-019_3458103921-61031-020,Rooming,1,NA,NA,NA,NA,NA,NA,NA,NA,NA,NA,,,NA,NA,NA,NA,NA,NA,NA,NA,NA,NA,NA,NA,NA,NA,NA,NA,NA,NA,NA,NA,NA,NA,NA,NA,NA,NA,NA,NA,NA,NA,NA,NA,NA,NA,NA,NA,NA,NA,0,NA,NA,NA,NA,NA,NA,NA,NA,NA,NA,NA
3458103921-61031-021_3458103921-61031-022,Rooming,1,NA,NA,NA,NA,NA,NA,NA,NA,NA,NA,,,NA,NA,NA,NA,NA,NA,NA,NA,NA,NA,NA,NA,NA,NA,NA,NA,NA,NA,NA,NA,NA,NA,NA,NA,NA,NA,NA,NA,NA,NA,NA,NA,NA,NA,NA,NA,NA,NA,0,NA,NA,NA,NA,NA,NA,NA,NA,NA,NA,NA
3458103921-61031-023_3458103921-61031-024,Rooming,1.5,USA,USA,NA,NA,NA,NA,NA,NA,NA,NA,,,USA,USA,NA,NA,NA,NA,NA,NA,NA,NA,NA,NA,H,Wife,NA,NA,NA,NA,NA,NA,NA,NA,NA,NA,72,64,NA,NA,NA,NA,NA,NA,NA,NA,NA,NA,2,Negro,0,0,41,41,NA,2780,NA,NA,NA,1.5,1.333333333,1.01 to 1.50
3458103921-61031-025_3458103921-61031-026,Rooming,1.5,BW,USA,NA,NA,NA,NA,NA,NA,NA,NA,,,Caribbean,USA,NA,NA,NA,NA,NA,NA,NA,NA,NA,NA,Head,Wife,NA,NA,NA,NA,NA,NA,NA,NA,NA,NA,77,68,NA,NA,NA,NA,NA,NA,NA,NA,NA,NA,2,Negro,0,0,NA,NA,NA,1820,NA,NA,NA,1.5,1.333333333,1.01 to 1.50
3458103921-61031-027_3458103921-61031-028,Rooming,2,PR,PR,USA,USA,USA,NA,NA,NA,NA,NA,,,PR,PR,USA,USA,USA,NA,NA,NA,NA,NA,NA,NA,H,Wife,Daughter,Son,Daughter,NA,NA,NA,NA,NA,NA,NA,35,35,8,6,2,NA,NA,NA,NA,NA,NA,NA,5,Puerto Rican,1,5,NA,NA,NA,2340,NA,NA,NA,2,2.5,1.51 or more
3458103921-61031-029_3458103921-61031-030,Rooming,1,NA,NA,NA,NA,NA,NA,NA,NA,NA,NA,,,NA,NA,NA,NA,NA,NA,NA,NA,NA,NA,NA,NA,H,NA,NA,NA,NA,NA,NA,NA,NA,NA,NA,NA,NA,NA,NA,NA,NA,NA,NA,NA,NA,NA,NA,NA,1,NA,0,0,NA,NA,NA,NA,NA,NA,NA,1,1,1.00 or less
3458103921-61031-031_3458103921-61031-032,Rooming,2.5,USA,PR,PR,PR,NA,NA,NA,NA,NA,NA,,,USA,PR,PR,PR,NA,NA,NA,NA,NA,NA,NA,NA,Husband,Wife,Son,Daughter,NA,NA,NA,NA,NA,NA,NA,NA,36,41,11,8,NA,NA,NA,NA,NA,NA,NA,NA,4,Puerto Rican,1,4,5,6,NA,6084,NA,NA,NA,2.5,1.6,1.51 or more
3458103921-61031-033_3458103921-61031-034,Rooming,1,England,NA,NA,NA,NA,NA,NA,NA,NA,NA,,,Europe,NA,NA,NA,NA,NA,NA,NA,NA,NA,NA,NA,Head,NA,NA,NA,NA,NA,NA,NA,NA,NA,NA,NA,70,NA,NA,NA,NA,NA,NA,NA,NA,NA,NA,NA,1,White,0,0,55,55,956.8,704.4,956.8,135.8319137,135.8319137,1,1,1.00 or less
3458103921-61031-035_3458103921-61031-036,Rooming,NA,USA,NA,NA,NA,NA,NA,NA,NA,NA,NA,,,USA,NA,NA,NA,NA,NA,NA,NA,NA,NA,NA,NA,H,NA,NA,NA,NA,NA,NA,NA,NA,NA,NA,NA,66,NA,NA,NA,NA,NA,NA,NA,NA,NA,NA,NA,1,Negro,0,0,3,53,NA,960,NA,NA,NA,NA,NA,NA
3458104222-61036-001_3458104222-61036-002,Rooming,2,PR,USA,USA,USA,USA,NA,NA,NA,NA,NA,,,PR,USA,USA,USA,USA,NA,NA,NA,NA,NA,NA,NA,Head,Son,Daughter,Daughter,mother of head,NA,NA,NA,NA,NA,NA,NA,28,8,9,5,50,NA,NA,NA,NA,NA,NA,NA,5,Puerto Rican,1,5,11,11,624,2236,624,27.90697674,27.90697674,2,2.5,1.51 or more
3458104222-61036-003_3458104222-61036-004,NA,2,PR,PR,NA,NA,NA,NA,NA,NA,NA,NA,,,PR,PR,NA,NA,NA,NA,NA,NA,NA,NA,NA,NA,H,Wife,NA,NA,NA,NA,NA,NA,NA,NA,NA,NA,NA,NA,NA,NA,NA,NA,NA,NA,NA,NA,NA,NA,2,Puerto Rican,1,2,0.833333333,3,780,2615.6,780,29.82107356,29.82107356,2,1,1.00 or less
3458104222-61036-005_3458104222-61036-006,NA,2,NA,NA,NA,NA,NA,NA,NA,NA,NA,NA,,,NA,NA,NA,NA,NA,NA,NA,NA,NA,NA,NA,NA,H,Wife,Daughter,NA,NA,NA,NA,NA,NA,NA,NA,NA,NA,NA,NA,NA,NA,NA,NA,NA,NA,NA,NA,NA,3,NA,0,0,NA,NA,383.4,NA,383.4,NA,NA,2,1.5,1.01 to 1.50
3458104222-61036-007_3458104222-61036-008,NA,2,PR,USA,USA,USA,USA,USA,NA,NA,NA,NA,,,PR,USA,USA,USA,USA,USA,NA,NA,NA,NA,NA,NA,H,Wife,Son,Son,Son,Son,NA,NA,NA,NA,NA,NA,49,29,11,10,8,5,NA,NA,NA,NA,NA,NA,6,Puerto Rican,1,6,2,32,390,NA,390,NA,NA,2,3,1.51 or more
3458104222-61036-009_3458104222-61036-010,NA,2,PR,PR,PR,PR,PR,NA,NA,NA,NA,NA,,,PR,PR,PR,PR,PR,NA,NA,NA,NA,NA,NA,NA,H,Wife,Daughter,Son,Daughter,NA,NA,NA,NA,NA,NA,NA,NA,NA,NA,NA,NA,NA,NA,NA,NA,NA,NA,NA,5,NA,1,5,NA,NA,873.6,NA,873.6,NA,NA,2,2.5,1.51 or more
3458104222-61036-011_3458104222-61036-012,NA,2,NA,NA,NA,NA,NA,NA,NA,NA,NA,NA,,,NA,NA,NA,NA,NA,NA,NA,NA,NA,NA,NA,NA,H,Wife,Son,Daughter,NA,NA,NA,NA,NA,NA,NA,NA,NA,NA,NA,NA,NA,NA,NA,NA,NA,NA,NA,NA,4,NA,0,0,1.5,NA,821.6,NA,821.6,NA,NA,2,2,1.51 or more
3458104222-61036-013_3458104222-61036-014,NA,1.5,PR,PR,PR,PR,USA,NA,NA,NA,NA,NA,,,PR,PR,PR,PR,USA,NA,NA,NA,NA,NA,NA,NA,NA,NA,NA,NA,NA,NA,NA,NA,NA,NA,NA,NA,64,60,16,19,1,NA,NA,NA,NA,NA,NA,NA,5,Puerto Rican,1,5,1,1,306,NA,306,NA,NA,1.5,3.333333333,1.51 or more
3458104222-61036-015_3458104222-61036-016,Rooming,1,NA,NA,NA,NA,NA,NA,NA,NA,NA,NA,,,NA,NA,NA,NA,NA,NA,NA,NA,NA,NA,NA,NA,NA,NA,NA,NA,NA,NA,NA,NA,NA,NA,NA,NA,NA,NA,NA,NA,NA,NA,NA,NA,NA,NA,NA,NA,NA,NA,0,NA,NA,NA,260,NA,260,NA,NA,NA,NA,NA
3458104222-61036-017_3458104222-61036-018,Rooming,NA,NA,NA,NA,NA,NA,NA,NA,NA,NA,NA,,,NA,NA,NA,NA,NA,NA,NA,NA,NA,NA,NA,NA,H,Wife,Son,Son,Daughter,NA,NA,NA,NA,NA,NA,NA,NA,NA,9,8,3,NA,NA,NA,NA,NA,NA,NA,5,NA,0,0,2,2,743.16,NA,743.16,NA,NA,NA,NA,NA
3458104222-61036-019_3458104222-61036-020,Rooming,1.5,PR,PR,PR,PR,PR,PR,USA,USA,NA,NA,,,PR,PR,PR,PR,PR,PR,USA,USA,NA,NA,NA,NA,Head,Wife,Daughter,Son,Son,Son,Daughter,Daughter,NA,NA,NA,NA,36,36,13,9,8,7,5,1,NA,NA,NA,NA,8,Puerto Rican,1,8,5,5,832,2288,832,36.36363636,36.36363636,1.5,5.333333333,1.51 or more
3458104222-61036-021_3458104222-61036-022,Rooming,1,NA,NA,NA,NA,NA,NA,NA,NA,NA,NA,,,NA,NA,NA,NA,NA,NA,NA,NA,NA,NA,NA,NA,NA,NA,NA,NA,NA,NA,NA,NA,NA,NA,NA,NA,NA,NA,NA,NA,NA,NA,NA,NA,NA,NA,NA,NA,NA,NA,0,NA,NA,NA,260,NA,260,NA,NA,NA,NA,NA
3458104222-61036-023_3458104222-61036-024,Rooming,1,NA,NA,NA,NA,NA,NA,NA,NA,NA,NA,,,NA,NA,NA,NA,NA,NA,NA,NA,NA,NA,NA,NA,NA,NA,NA,NA,NA,NA,NA,NA,NA,NA,NA,NA,NA,NA,NA,NA,NA,NA,NA,NA,NA,NA,NA,NA,NA,NA,0,NA,NA,NA,260,NA,260,NA,NA,NA,NA,NA
3458104222-61036-025_3458104222-61036-026,Rooming,NA,NA,NA,NA,NA,NA,NA,NA,NA,NA,NA,,,NA,NA,NA,NA,NA,NA,NA,NA,NA,NA,NA,NA,NA,NA,NA,NA,NA,NA,NA,NA,NA,NA,NA,NA,NA,NA,NA,NA,NA,NA,NA,NA,NA,NA,NA,NA,NA,NA,0,NA,NA,NA,NA,NA,NA,NA,NA,NA,NA,NA
3458104222-61036-027_3458104222-61036-028,NA,2,NA,NA,NA,NA,NA,NA,NA,NA,NA,NA,,,NA,NA,NA,NA,NA,NA,NA,NA,NA,NA,NA,NA,H,Wife,Daughter,Son,Daughter,Daughter,NA,NA,NA,NA,NA,NA,NA,NA,NA,NA,NA,NA,NA,NA,NA,NA,NA,NA,6,NA,0,0,NA,NA,454.8,NA,454.8,NA,NA,2,3,1.51 or more
3458104431-61035-001_3458104431-61035-002,Rooming,1.2,PR,PR,NA,NA,NA,NA,NA,NA,NA,NA,,,PR,PR,NA,NA,NA,NA,NA,NA,NA,NA,NA,NA,H,Son,NA,NA,NA,NA,NA,NA,NA,NA,NA,NA,38,12,NA,NA,NA,NA,NA,NA,NA,NA,NA,NA,2,Puerto Rican,1,2,2,2,832,NA,832,NA,NA,1.2,1.666666667,1.51 or more
3458104431-61035-003_3458104431-61035-004,Rooming,1.5,PR,PR,PR,NA,NA,NA,NA,NA,NA,NA,,,PR,PR,PR,NA,NA,NA,NA,NA,NA,NA,NA,NA,Head,Daughter,mother of 1,NA,NA,NA,NA,NA,NA,NA,NA,NA,23,4,68,NA,NA,NA,NA,NA,NA,NA,NA,NA,3,Puerto Rican,1,3,1.5,3,936,NA,936,NA,NA,1.5,2,1.51 or more
3458104431-61035-005_3458104431-61035-006,Rooming,1,NA,NA,NA,NA,NA,NA,NA,NA,NA,NA,,,NA,NA,NA,NA,NA,NA,NA,NA,NA,NA,NA,NA,NA,NA,NA,NA,NA,NA,NA,NA,NA,NA,NA,NA,NA,NA,NA,NA,NA,NA,NA,NA,NA,NA,NA,NA,NA,NA,0,NA,NA,NA,312,NA,312,NA,NA,NA,NA,NA
3458104431-61035-007_3458104431-61035-008,Rooming,1.5,PR,PR,USA,PR,NA,NA,NA,NA,NA,NA,,,PR,PR,USA,PR,NA,NA,NA,NA,NA,NA,NA,NA,H,Wife,Son,Daughter,NA,NA,NA,NA,NA,NA,NA,NA,27,19,2,1,NA,NA,NA,NA,NA,NA,NA,NA,4,Puerto Rican,1,4,0.25,5,936,2080,936,45,45,1.5,2.666666667,1.51 or more
3458104431-61035-009_3458104431-61035-010,Rooming,1,USA,NA,NA,NA,NA,NA,NA,NA,NA,NA,,,USA,NA,NA,NA,NA,NA,NA,NA,NA,NA,NA,NA,H,NA,NA,NA,NA,NA,NA,NA,NA,NA,NA,NA,29,NA,NA,NA,NA,NA,NA,NA,NA,NA,NA,NA,1,NA,0,0,2,6,364,2860,364,12.72727273,12.72727273,1,1,1.00 or less
3458104431-61035-011_3458104431-61035-012,Rooming,1,Germany,NA,NA,NA,NA,NA,NA,NA,NA,NA,,,Europe,NA,NA,NA,NA,NA,NA,NA,NA,NA,NA,NA,H,NA,NA,NA,NA,NA,NA,NA,NA,NA,NA,NA,71,NA,NA,NA,NA,NA,NA,NA,NA,NA,NA,NA,1,NA,0,0,10,34,312,3120,312,10,10,1,1,1.00 or less
3458104431-61035-013_3458104431-61035-014,Rooming,1,NA,NA,NA,NA,NA,NA,NA,NA,NA,NA,,,NA,NA,NA,NA,NA,NA,NA,NA,NA,NA,NA,NA,NA,NA,NA,NA,NA,NA,NA,NA,NA,NA,NA,NA,NA,NA,NA,NA,NA,NA,NA,NA,NA,NA,NA,NA,1,NA,0,0,NA,NA,312,NA,312,NA,NA,1,1,1.00 or less
3458104431-61035-015_3458104431-61035-016,Rooming,1,NA,NA,NA,NA,NA,NA,NA,NA,NA,NA,,,NA,NA,NA,NA,NA,NA,NA,NA,NA,NA,NA,NA,NA,NA,NA,NA,NA,NA,NA,NA,NA,NA,NA,NA,NA,NA,NA,NA,NA,NA,NA,NA,NA,NA,NA,NA,1,NA,0,0,NA,NA,260,NA,260,NA,NA,1,1,1.00 or less
3458104431-61035-017_3458104431-61035-018,Rooming,1,NA,NA,NA,NA,NA,NA,NA,NA,NA,NA,,,NA,NA,NA,NA,NA,NA,NA,NA,NA,NA,NA,NA,NA,NA,NA,NA,NA,NA,NA,NA,NA,NA,NA,NA,NA,NA,NA,NA,NA,NA,NA,NA,NA,NA,NA,NA,NA,NA,0,NA,NA,NA,364,NA,364,NA,NA,NA,NA,NA
3458104431-61035-019_3458104431-61035-020,Rooming,3,NA,NA,NA,NA,NA,NA,NA,NA,NA,NA,,,NA,NA,NA,NA,NA,NA,NA,NA,NA,NA,NA,NA,NA,NA,NA,NA,NA,NA,NA,NA,NA,NA,NA,NA,NA,NA,NA,NA,NA,NA,NA,NA,NA,NA,NA,NA,NA,NA,0,NA,NA,NA,780,NA,780,NA,NA,NA,NA,NA
3458104431-61035-021_3458104431-61035-022,Rooming,2,PR,PR,PR,PR,PR,NA,NA,NA,NA,NA,,,PR,PR,PR,PR,PR,NA,NA,NA,NA,NA,NA,NA,H,Wife,Son,Daughter,Son,NA,NA,NA,NA,NA,NA,NA,35,28,9,6,5,NA,NA,NA,NA,NA,NA,NA,5,Puerto Rican,1,5,0.75,3,910,2496,910,36.45833333,36.45833333,2,2.5,1.51 or more
3458104431-61035-023_3458104431-61035-024,Rooming,1.5,PR,PR,NA,NA,NA,NA,NA,NA,NA,NA,,,PR,PR,NA,NA,NA,NA,NA,NA,NA,NA,NA,NA,H,Son,NA,NA,NA,NA,NA,NA,NA,NA,NA,NA,65,26,NA,NA,NA,NA,NA,NA,NA,NA,NA,NA,2,Puerto Rican,1,2,2,5,832,NA,832,NA,NA,1.5,1.333333333,1.01 to 1.50
3458104431-61035-025_3458104431-61035-026,NA,1,NA,NA,NA,NA,NA,NA,NA,NA,NA,NA,,,NA,NA,NA,NA,NA,NA,NA,NA,NA,NA,NA,NA,NA,NA,NA,NA,NA,NA,NA,NA,NA,NA,NA,NA,NA,NA,NA,NA,NA,NA,NA,NA,NA,NA,NA,NA,NA,NA,0,NA,NA,NA,364,NA,364,NA,NA,NA,NA,NA
3458104431-61035-027_3458104431-61035-028,Rooming,1,NA,NA,NA,NA,NA,NA,NA,NA,NA,NA,,,NA,NA,NA,NA,NA,NA,NA,NA,NA,NA,NA,NA,NA,NA,NA,NA,NA,NA,NA,NA,NA,NA,NA,NA,NA,NA,NA,NA,NA,NA,NA,NA,NA,NA,NA,NA,NA,NA,0,NA,NA,NA,312,NA,312,NA,NA,NA,NA,NA
3458104431-61035-029_3458104431-61035-030,Rooming,1.2,NA,NA,NA,NA,NA,NA,NA,NA,NA,NA,,,NA,NA,NA,NA,NA,NA,NA,NA,NA,NA,NA,NA,NA,NA,NA,NA,NA,NA,NA,NA,NA,NA,NA,NA,NA,NA,NA,NA,NA,NA,NA,NA,NA,NA,NA,NA,1,NA,0,0,NA,NA,676,NA,676,NA,NA,1.2,0.833333333,1.00 or less
3458104715-61034-001_3458104715-61034-002,Rooming,2,PR,PR,NA,NA,NA,NA,NA,NA,NA,NA,,,PR,PR,NA,NA,NA,NA,NA,NA,NA,NA,NA,NA,H,Wife,NA,NA,NA,NA,NA,NA,NA,NA,NA,NA,62,63,NA,NA,NA,NA,NA,NA,NA,NA,NA,NA,2,Puerto Rican,1,2,0.75,2,821.6,NA,821.6,NA,NA,2,1,1.00 or less
3458104715-61034-003_3458104715-61034-004,Rooming,1.5,NA,NA,NA,NA,NA,NA,NA,NA,NA,NA,,,NA,NA,NA,NA,NA,NA,NA,NA,NA,NA,NA,NA,hf,NA,NA,NA,NA,NA,NA,NA,NA,NA,NA,NA,27,4,NA,NA,NA,NA,NA,NA,NA,NA,NA,NA,2,NA,0,0,NA,NA,832,NA,832,NA,NA,1.5,1.333333333,1.01 to 1.50
3458104715-61034-005_3458104715-61034-006,Rooming,1.5,PR,USA,NA,NA,NA,NA,NA,NA,NA,NA,,,PR,USA,NA,NA,NA,NA,NA,NA,NA,NA,NA,NA,H,Son,NA,NA,NA,NA,NA,NA,NA,NA,NA,NA,28,4,NA,NA,NA,NA,NA,NA,NA,NA,NA,NA,2,NA,1,2,NA,NA,442,NA,442,NA,NA,1.5,1.333333333,1.01 to 1.50
3458104715-61034-007_3458104715-61034-008,Rooming,1,NA,NA,NA,NA,NA,NA,NA,NA,NA,NA,,,NA,NA,NA,NA,NA,NA,NA,NA,NA,NA,NA,NA,NA,NA,NA,NA,NA,NA,NA,NA,NA,NA,NA,NA,NA,NA,NA,NA,NA,NA,NA,NA,NA,NA,NA,NA,1,NA,0,0,NA,NA,275.6,NA,275.6,NA,NA,1,1,1.00 or less
3458104715-61034-009_3458104715-61034-010,NA,1,NA,NA,NA,NA,NA,NA,NA,NA,NA,NA,,,NA,NA,NA,NA,NA,NA,NA,NA,NA,NA,NA,NA,NA,NA,NA,NA,NA,NA,NA,NA,NA,NA,NA,NA,NA,NA,NA,NA,NA,NA,NA,NA,NA,NA,NA,NA,NA,NA,0,NA,NA,NA,312,NA,312,NA,NA,NA,NA,NA
3458104715-61034-011_3458104715-61034-012,Rooming,2,PR,PR,USA,PR,USA,NA,NA,NA,NA,NA,,,PR,PR,USA,PR,USA,NA,NA,NA,NA,NA,NA,NA,H,Wife,Son,Son,Daughter,NA,NA,NA,NA,NA,NA,NA,32,25,4,6,3,NA,NA,NA,NA,NA,NA,NA,5,Puerto Rican,1,5,1,5,NA,1200,NA,NA,NA,2,2.5,1.51 or more
3458104715-61034-013_3458104715-61034-014,Rooming,1,NA,NA,NA,NA,NA,NA,NA,NA,NA,NA,,,NA,NA,NA,NA,NA,NA,NA,NA,NA,NA,NA,NA,NA,NA,NA,NA,NA,NA,NA,NA,NA,NA,NA,NA,NA,NA,NA,NA,NA,NA,NA,NA,NA,NA,NA,NA,NA,NA,0,NA,NA,NA,364,NA,364,NA,NA,NA,NA,NA
3458104715-61034-015_3458104715-61034-016,Apartment,2,PR,PR,NA,NA,NA,NA,NA,NA,NA,NA,,,PR,PR,NA,NA,NA,NA,NA,NA,NA,NA,NA,NA,H,Wife,NA,NA,NA,NA,NA,NA,NA,NA,NA,NA,19,16,NA,NA,NA,NA,NA,NA,NA,NA,NA,NA,2,Puerto Rican,1,2,0.666666667,0.583333333,650,2080,650,31.25,31.25,2,1,1.00 or less
3458104715-61034-017_3458104715-61034-018,Rooming,1,NA,NA,NA,NA,NA,NA,NA,NA,NA,NA,,,NA,NA,NA,NA,NA,NA,NA,NA,NA,NA,NA,NA,NA,NA,NA,NA,NA,NA,NA,NA,NA,NA,NA,NA,NA,NA,NA,NA,NA,NA,NA,NA,NA,NA,NA,NA,NA,NA,0,NA,NA,NA,364,NA,364,NA,NA,NA,NA,NA
3458104715-61034-019_3458104715-61034-020,Rooming,1,USA,NA,NA,NA,NA,NA,NA,NA,NA,NA,,,USA,NA,NA,NA,NA,NA,NA,NA,NA,NA,NA,NA,H,NA,NA,NA,NA,NA,NA,NA,NA,NA,NA,NA,25,NA,NA,NA,NA,NA,NA,NA,NA,NA,NA,NA,1,NA,0,0,4,25,364,NA,364,NA,NA,1,1,1.00 or less
3458104715-61034-021_3458104715-61034-022,Rooming,1.5,PR,PR,PR,NA,NA,NA,NA,NA,NA,NA,,,PR,PR,PR,NA,NA,NA,NA,NA,NA,NA,NA,NA,H,Son,Daughter,NA,NA,NA,NA,NA,NA,NA,NA,NA,25,5,4,NA,NA,NA,NA,NA,NA,NA,NA,NA,3,NA,1,3,1.5,1.5,936,NA,936,NA,NA,1.5,2,1.51 or more
3458104715-61034-023_3458104715-61034-024,Rooming,1,NA,NA,NA,NA,NA,NA,NA,NA,NA,NA,,,NA,NA,NA,NA,NA,NA,NA,NA,NA,NA,NA,NA,NA,NA,NA,NA,NA,NA,NA,NA,NA,NA,NA,NA,NA,NA,NA,NA,NA,NA,NA,NA,NA,NA,NA,NA,NA,NA,0,NA,NA,NA,338,NA,338,NA,NA,NA,NA,NA
3458104715-61034-025_3458104715-61034-026,Rooming,1.5,PR,PR,USA,USA,USA,NA,NA,NA,NA,NA,,,PR,PR,USA,USA,USA,NA,NA,NA,NA,NA,NA,NA,Head,Wife,Son,Son,Son,NA,NA,NA,NA,NA,NA,NA,25,34,3,0,2,NA,NA,NA,NA,NA,NA,NA,5,NA,1,5,NA,NA,884,3380,884,26.15384615,26.15384615,1.5,3.333333333,1.51 or more
3458104715-61034-027_3458104715-61034-028,Rooming,1.5,PR,PR,USA,NA,NA,NA,NA,NA,NA,NA,,,PR,PR,USA,NA,NA,NA,NA,NA,NA,NA,NA,NA,Head,Wife,Son,NA,NA,NA,NA,NA,NA,NA,NA,NA,23,20,0,NA,NA,NA,NA,NA,NA,NA,NA,NA,3,Puerto Rican,1,3,1,2,884,2080,884,42.5,42.5,1.5,2,1.51 or more
3458104715-61034-029_3458104715-61034-030,Rooming,1,NA,NA,NA,NA,NA,NA,NA,NA,NA,NA,,,NA,NA,NA,NA,NA,NA,NA,NA,NA,NA,NA,NA,NA,NA,NA,NA,NA,NA,NA,NA,NA,NA,NA,NA,NA,NA,NA,NA,NA,NA,NA,NA,NA,NA,NA,NA,NA,NA,0,NA,NA,NA,364,NA,364,NA,NA,NA,NA,NA
3458104715-61034-031_3458104715-61034-032,Rooming,2,NA,NA,NA,NA,NA,NA,NA,NA,NA,NA,,,NA,NA,NA,NA,NA,NA,NA,NA,NA,NA,NA,NA,NA,NA,NA,NA,NA,NA,NA,NA,NA,NA,NA,NA,NA,NA,NA,NA,NA,NA,NA,NA,NA,NA,NA,NA,NA,NA,0,NA,NA,NA,936,NA,936,NA,NA,NA,NA,NA
3458105050-61033-001_3458105050-61033-002,Apartment,2,USA,NA,NA,NA,NA,NA,NA,NA,NA,NA,,,USA,NA,NA,NA,NA,NA,NA,NA,NA,NA,NA,NA,Head,NA,NA,NA,NA,NA,NA,NA,NA,NA,NA,NA,21,NA,NA,NA,NA,NA,NA,NA,NA,NA,NA,NA,1,NA,0,0,0.67,0.67,936,5200,936,18,18,2,0.5,1.00 or less
3458105050-61033-003_3458105050-61033-004,Apartment,2.5,USA,NA,NA,NA,NA,NA,NA,NA,NA,NA,,,USA,NA,NA,NA,NA,NA,NA,NA,NA,NA,NA,NA,NA,NA,NA,NA,NA,NA,NA,NA,NA,NA,NA,NA,29,NA,NA,NA,NA,NA,NA,NA,NA,NA,NA,NA,1,NA,0,0,0.58,29,951.6,NA,951.6,NA,NA,2.5,0.4,1.00 or less
3458105050-61033-005_3458105050-61033-006,Apartment,1.5,Germany,NA,NA,NA,NA,NA,NA,NA,NA,NA,,,Europe,NA,NA,NA,NA,NA,NA,NA,NA,NA,NA,NA,H,NA,NA,NA,NA,NA,NA,NA,NA,NA,NA,NA,56,NA,NA,NA,NA,NA,NA,NA,NA,NA,NA,NA,1,White,0,0,7,32,921,2860,921,32.2027972,32.2027972,1.5,0.666666667,1.00 or less
3458105050-61033-007_3458105050-61033-008,Apartment,2,Germany,NA,NA,NA,NA,NA,NA,NA,NA,NA,,,Europe,NA,NA,NA,NA,NA,NA,NA,NA,NA,NA,NA,Head,NA,NA,NA,NA,NA,NA,NA,NA,NA,NA,NA,50,NA,NA,NA,NA,NA,NA,NA,NA,NA,NA,NA,1,White,0,0,7,9,1035,3640,1035,28.43406593,28.43406593,2,0.5,1.00 or less
3458105050-61033-009_3458105050-61033-010,Apartment,1.5,USA,NA,NA,NA,NA,NA,NA,NA,NA,NA,,,USA,NA,NA,NA,NA,NA,NA,NA,NA,NA,NA,NA,NA,NA,NA,NA,NA,NA,NA,NA,NA,NA,NA,NA,32,NA,NA,NA,NA,NA,NA,NA,NA,NA,NA,NA,1,Negro,0,0,0.75,10,912,6500,912,14.03076923,14.03076923,1.5,0.666666667,1.00 or less
3458105050-61033-011_3458105050-61033-012,Apartment,2,USA,USA,NA,NA,NA,NA,NA,NA,NA,NA,,,USA,USA,NA,NA,NA,NA,NA,NA,NA,NA,NA,NA,Head,Mother,NA,NA,NA,NA,NA,NA,NA,NA,NA,NA,32,71,NA,NA,NA,NA,NA,NA,NA,NA,NA,NA,2,Negro,0,0,0.17,8,816,2964,816,27.53036437,27.53036437,2,1,1.00 or less
3458105050-61033-013_3458105050-61033-014,Apartment,1.5,USA,NA,NA,NA,NA,NA,NA,NA,NA,NA,,,USA,NA,NA,NA,NA,NA,NA,NA,NA,NA,NA,NA,Head,NA,NA,NA,NA,NA,NA,NA,NA,NA,NA,NA,40,NA,NA,NA,NA,NA,NA,NA,NA,NA,NA,NA,1,White,0,0,0.75,40,936,4200,936,22.28571429,22.28571429,1.5,0.666666667,1.00 or less
3458105050-61033-015_3458105050-61033-016,Apartment,2.5,USA,NA,NA,NA,NA,NA,NA,NA,NA,NA,,,USA,NA,NA,NA,NA,NA,NA,NA,NA,NA,NA,NA,Head,NA,NA,NA,NA,NA,NA,NA,NA,NA,NA,NA,30,NA,NA,NA,NA,NA,NA,NA,NA,NA,NA,NA,1,White,0,0,0.25,0.25,990,1344,990,73.66071429,73.66071429,2.5,0.4,1.00 or less
3458105050-61033-017_3458105050-61033-018,Apartment,1.5,BritishGuiana,NA,NA,NA,NA,NA,NA,NA,NA,NA,,,Caribbean,NA,NA,NA,NA,NA,NA,NA,NA,NA,NA,NA,H,NA,NA,NA,NA,NA,NA,NA,NA,NA,NA,NA,34,NA,NA,NA,NA,NA,NA,NA,NA,NA,NA,NA,1,NA,0,0,3,9,836.4,4000,836.4,20.91,20.91,1.5,0.666666667,1.00 or less
3458105050-61033-019_3458105050-61033-020,Apartment,2,USA,NA,NA,NA,NA,NA,NA,NA,NA,NA,,,USA,NA,NA,NA,NA,NA,NA,NA,NA,NA,NA,NA,Head,NA,NA,NA,NA,NA,NA,NA,NA,NA,NA,NA,35,NA,NA,NA,NA,NA,NA,NA,NA,NA,NA,NA,1,other,0,0,3.5,7.5,900,5232,900,17.20183486,17.20183486,2,0.5,1.00 or less
3458105308-61032-001_3458105308-61032-002,Rooming,2,Norway,USA,NA,NA,NA,NA,NA,NA,NA,NA,,,Europe,USA,NA,NA,NA,NA,NA,NA,NA,NA,NA,NA,H,Wife,NA,NA,NA,NA,NA,NA,NA,NA,NA,NA,40,38,NA,NA,NA,NA,NA,NA,NA,NA,NA,NA,2,White,0,0,NA,NA,780,2600,780,30,30,2,1,1.00 or less
3458105308-61032-003_3458105308-61032-004,Rooming,1,NA,NA,NA,NA,NA,NA,NA,NA,NA,NA,,,NA,NA,NA,NA,NA,NA,NA,NA,NA,NA,NA,NA,NA,NA,NA,NA,NA,NA,NA,NA,NA,NA,NA,NA,NA,NA,NA,NA,NA,NA,NA,NA,NA,NA,NA,NA,NA,NA,0,NA,NA,NA,650,NA,650,NA,NA,NA,NA,NA
3458105308-61032-005_3458105308-61032-006,NA,1,Canada,NA,NA,NA,NA,NA,NA,NA,NA,NA,,,Nrth. Am.,NA,NA,NA,NA,NA,NA,NA,NA,NA,NA,NA,H,NA,NA,NA,NA,NA,NA,NA,NA,NA,NA,NA,70,NA,NA,NA,NA,NA,NA,NA,NA,NA,NA,NA,1,White,0,0,NA,NA,312,NA,312,NA,NA,1,1,1.00 or less
3458105308-61032-007_3458105308-61032-008,Rooming,1,PR,NA,NA,NA,NA,NA,NA,NA,NA,NA,,,PR,NA,NA,NA,NA,NA,NA,NA,NA,NA,NA,NA,H,NA,NA,NA,NA,NA,NA,NA,NA,NA,NA,NA,55,NA,NA,NA,NA,NA,NA,NA,NA,NA,NA,NA,1,White,1,1,NA,NA,260,1560,260,16.66666667,16.66666667,1,1,1.00 or less
3458105308-61032-009_3458105308-61032-010,NA,1.5,USA,NA,NA,NA,NA,NA,NA,NA,NA,NA,,,USA,NA,NA,NA,NA,NA,NA,NA,NA,NA,NA,NA,H,NA,NA,NA,NA,NA,NA,NA,NA,NA,NA,NA,21,NA,NA,NA,NA,NA,NA,NA,NA,NA,NA,NA,1,White,0,0,NA,NA,780,3900,780,20,20,1.5,0.666666667,1.00 or less
3458105308-61032-011_3458105308-61032-012,Rooming,1,USA,NA,NA,NA,NA,NA,NA,NA,NA,NA,,,USA,NA,NA,NA,NA,NA,NA,NA,NA,NA,NA,NA,H,NA,NA,NA,NA,NA,NA,NA,NA,NA,NA,NA,50,NA,NA,NA,NA,NA,NA,NA,NA,NA,NA,NA,1,White,0,0,NA,NA,364,2600,364,14,14,1,1,1.00 or less
3458105308-61032-013_3458105308-61032-014,Rooming,1.5,USA,USA,NA,NA,NA,NA,NA,NA,NA,NA,,,USA,USA,NA,NA,NA,NA,NA,NA,NA,NA,NA,NA,H,Wife,NA,NA,NA,NA,NA,NA,NA,NA,NA,NA,52,50,NA,NA,NA,NA,NA,NA,NA,NA,NA,NA,2,White,0,0,NA,NA,780,3380,780,23.07692308,23.07692308,1.5,1.333333333,1.01 to 1.50
3458105308-61032-015_3458105308-61032-016,Rooming,1.5,Hungary,NA,NA,NA,NA,NA,NA,NA,NA,NA,,,Europe,NA,NA,NA,NA,NA,NA,NA,NA,NA,NA,NA,H,NA,NA,NA,NA,NA,NA,NA,NA,NA,NA,NA,37,NA,NA,NA,NA,NA,NA,NA,NA,NA,NA,NA,1,White,0,0,12,46,NA,NA,NA,NA,NA,1.5,0.666666667,1.00 or less
3458105308-61032-017_3458105308-61032-018,Rooming,1.5,USA,NA,NA,NA,NA,NA,NA,NA,NA,NA,,,USA,NA,NA,NA,NA,NA,NA,NA,NA,NA,NA,NA,H,NA,NA,NA,NA,NA,NA,NA,NA,NA,NA,NA,36,NA,NA,NA,NA,NA,NA,NA,NA,NA,NA,NA,1,White,0,0,10,NA,624,4160,624,15,15,1.5,0.666666667,1.00 or less
3458105308-61032-019_3458105308-61032-020,NA,1,USA,NA,NA,NA,NA,NA,NA,NA,NA,NA,,,USA,NA,NA,NA,NA,NA,NA,NA,NA,NA,NA,NA,H,NA,NA,NA,NA,NA,NA,NA,NA,NA,NA,NA,68,NA,NA,NA,NA,NA,NA,NA,NA,NA,NA,NA,1,White,0,0,NA,NA,390,2600,390,15,15,1,1,1.00 or less
3458105308-61032-021_3458105308-61032-022,Rooming,1,Cuba,NA,NA,NA,NA,NA,NA,NA,NA,NA,,,Caribbean,NA,NA,NA,NA,NA,NA,NA,NA,NA,NA,NA,H,NA,NA,NA,NA,NA,NA,NA,NA,NA,NA,NA,34,NA,NA,NA,NA,NA,NA,NA,NA,NA,NA,NA,1,other,0,0,NA,NA,312,2340,312,13.33333333,13.33333333,1,1,1.00 or less
3458105308-61032-023_3458105308-61032-024,Rooming,1.5,DR,NA,NA,NA,NA,NA,NA,NA,NA,NA,,,Caribbean,NA,NA,NA,NA,NA,NA,NA,NA,NA,NA,NA,H,NA,NA,NA,NA,NA,NA,NA,NA,NA,NA,NA,35,NA,NA,NA,NA,NA,NA,NA,NA,NA,NA,NA,1,other,0,0,NA,NA,650,2600,650,25,25,1.5,0.666666667,1.00 or less
3458105558-61030-001_3458105558-61030-002,Rooming,2,USA,USA,USA,USA,NA,NA,NA,NA,NA,NA,,,USA,USA,USA,USA,NA,NA,NA,NA,NA,NA,NA,NA,H,mother of 1,daughter of 1,niece of 1,NA,NA,NA,NA,NA,NA,NA,NA,40,55,15,15,NA,NA,NA,NA,NA,NA,NA,NA,4,Negro,0,0,4,NA,780,4420,780,17.64705882,17.64705882,2,2,1.51 or more
3458105558-61030-003_3458105558-61030-004,Rooming,2.5,USA,USA,USA,NA,NA,NA,NA,NA,NA,NA,,,USA,USA,USA,NA,NA,NA,NA,NA,NA,NA,NA,NA,H,Grand Daughter,Grand Daughter,NA,NA,NA,NA,NA,NA,NA,NA,NA,53,9,11,NA,NA,NA,NA,NA,NA,NA,NA,NA,3,White,0,0,6,30,NA,960,NA,NA,NA,2.5,1.2,1.01 to 1.50
3458105558-61030-005_3458105558-61030-006,Rooming,1,NA,NA,NA,NA,NA,NA,NA,NA,NA,NA,,,NA,NA,NA,NA,NA,NA,NA,NA,NA,NA,NA,NA,NA,NA,NA,NA,NA,NA,NA,NA,NA,NA,NA,NA,NA,NA,NA,NA,NA,NA,NA,NA,NA,NA,NA,NA,NA,NA,0,NA,NA,NA,550.16,NA,550.16,NA,NA,NA,NA,NA
3458105558-61030-007_3458105558-61030-008,Rooming,1,NA,NA,NA,NA,NA,NA,NA,NA,NA,NA,,,NA,NA,NA,NA,NA,NA,NA,NA,NA,NA,NA,NA,NA,NA,NA,NA,NA,NA,NA,NA,NA,NA,NA,NA,NA,NA,NA,NA,NA,NA,NA,NA,NA,NA,NA,NA,NA,NA,0,NA,NA,NA,239.2,NA,239.2,NA,NA,NA,NA,NA
3458105558-61030-009_3458105558-61030-010,Rooming,1.5,USA,NA,NA,NA,NA,NA,NA,NA,NA,NA,,,USA,NA,NA,NA,NA,NA,NA,NA,NA,NA,NA,NA,H,NA,NA,NA,NA,NA,NA,NA,NA,NA,NA,NA,45,NA,NA,NA,NA,NA,NA,NA,NA,NA,NA,NA,1,Negro,0,0,1,22,822.12,2340,822.12,35.13333333,35.13333333,1.5,0.666666667,1.00 or less
3458105558-61030-011_3458105558-61030-012,Rooming,1,USA,NA,NA,NA,NA,NA,NA,NA,NA,NA,,,USA,NA,NA,NA,NA,NA,NA,NA,NA,NA,NA,NA,H,NA,NA,NA,NA,NA,NA,NA,NA,NA,NA,NA,65,NA,NA,NA,NA,NA,NA,NA,NA,NA,NA,NA,1,White,0,0,2,65,239.2,1200,239.2,19.93333333,19.93333333,1,1,1.00 or less
3458105558-61030-013_3458105558-61030-014,Rooming,1,NA,NA,NA,NA,NA,NA,NA,NA,NA,NA,,,NA,NA,NA,NA,NA,NA,NA,NA,NA,NA,NA,NA,NA,NA,NA,NA,NA,NA,NA,NA,NA,NA,NA,NA,NA,NA,NA,NA,NA,NA,NA,NA,NA,NA,NA,NA,1,NA,0,0,NA,NA,205.92,NA,205.92,NA,NA,1,1,1.00 or less
3458105558-61030-015_3458105558-61030-016,Rooming,1.5,NA,NA,NA,NA,NA,NA,NA,NA,NA,NA,,,NA,NA,NA,NA,NA,NA,NA,NA,NA,NA,NA,NA,NA,NA,NA,NA,NA,NA,NA,NA,NA,NA,NA,NA,NA,NA,NA,NA,NA,NA,NA,NA,NA,NA,NA,NA,NA,NA,0,NA,NA,NA,499.2,NA,499.2,NA,NA,NA,NA,NA
3458105558-61030-017_3458105558-61030-018,Rooming,1,NA,NA,NA,NA,NA,NA,NA,NA,NA,NA,,,NA,NA,NA,NA,NA,NA,NA,NA,NA,NA,NA,NA,NA,NA,NA,NA,NA,NA,NA,NA,NA,NA,NA,NA,NA,NA,NA,NA,NA,NA,NA,NA,NA,NA,NA,NA,NA,NA,0,NA,NA,NA,239.2,NA,239.2,NA,NA,NA,NA,NA
3458105558-61030-019_3458105558-61030-020,NA,1,USA,NA,NA,NA,NA,NA,NA,NA,NA,NA,,,USA,NA,NA,NA,NA,NA,NA,NA,NA,NA,NA,NA,Head,NA,NA,NA,NA,NA,NA,NA,NA,NA,NA,NA,76,NA,NA,NA,NA,NA,NA,NA,NA,NA,NA,NA,1,NA,0,0,26,76,520,4316,520,12.04819277,12.04819277,1,1,1.00 or less
3458105558-61030-021_3458105558-61030-022,Rooming,1,USA,NA,NA,NA,NA,NA,NA,NA,NA,NA,,,USA,NA,NA,NA,NA,NA,NA,NA,NA,NA,NA,NA,Head,NA,NA,NA,NA,NA,NA,NA,NA,NA,NA,NA,69,NA,NA,NA,NA,NA,NA,NA,NA,NA,NA,NA,1,White,0,0,3,3,239.2,693.6,239.2,34.48673587,34.48673587,1,1,1.00 or less
3458105558-61030-023_3458105558-61030-024,Rooming,1,NA,NA,NA,NA,NA,NA,NA,NA,NA,NA,,,NA,NA,NA,NA,NA,NA,NA,NA,NA,NA,NA,NA,NA,NA,NA,NA,NA,NA,NA,NA,NA,NA,NA,NA,NA,NA,NA,NA,NA,NA,NA,NA,NA,NA,NA,NA,NA,NA,0,NA,NA,NA,234,NA,234,NA,NA,NA,NA,NA
3458105558-61030-025_3458105558-61030-026,Rooming,1,NA,NA,NA,NA,NA,NA,NA,NA,NA,NA,,,NA,NA,NA,NA,NA,NA,NA,NA,NA,NA,NA,NA,NA,NA,NA,NA,NA,NA,NA,NA,NA,NA,NA,NA,NA,NA,NA,NA,NA,NA,NA,NA,NA,NA,NA,NA,NA,NA,0,NA,NA,NA,234,NA,234,NA,NA,NA,NA,NA
3458105558-61030-027_3458105558-61030-028,Rooming,2,USA,USA,USA,USA,USA,USA,NA,NA,NA,NA,,,USA,USA,USA,USA,USA,USA,NA,NA,NA,NA,NA,NA,H,Wife,Daughter,Daughter,Son,Son,NA,NA,NA,NA,NA,NA,40,38,10,9,5,4,NA,NA,NA,NA,NA,NA,6,Negro,0,0,NA,NA,747.24,1200,747.24,62.27,62.27,2,3,1.51 or more
3458105558-61030-029_3458105558-61030-030,Rooming,1,USA,NA,NA,NA,NA,NA,NA,NA,NA,NA,,,USA,NA,NA,NA,NA,NA,NA,NA,NA,NA,NA,NA,Head,NA,NA,NA,NA,NA,NA,NA,NA,NA,NA,NA,68,NA,NA,NA,NA,NA,NA,NA,NA,NA,NA,NA,1,White,0,0,4,11,239.2,1620,239.2,14.7654321,14.7654321,1,1,1.00 or less
3458105558-61030-031_3458105558-61030-032,Rooming,1,NA,NA,NA,NA,NA,NA,NA,NA,NA,NA,,,NA,NA,NA,NA,NA,NA,NA,NA,NA,NA,NA,NA,NA,NA,NA,NA,NA,NA,NA,NA,NA,NA,NA,NA,NA,NA,NA,NA,NA,NA,NA,NA,NA,NA,NA,NA,NA,NA,0,NA,NA,NA,239.2,NA,239.2,NA,NA,NA,NA,NA
3458105558-61030-033_3458105558-61030-034,Rooming,1,USA,NA,NA,NA,NA,NA,NA,NA,NA,NA,,,USA,NA,NA,NA,NA,NA,NA,NA,NA,NA,NA,NA,H,NA,NA,NA,NA,NA,NA,NA,NA,NA,NA,NA,69,NA,NA,NA,NA,NA,NA,NA,NA,NA,NA,NA,1,NA,0,0,NA,NA,538.2,1950,538.2,27.6,27.6,1,1,1.00 or less
3458105764-61029-001_3458105764-61029-002,Apartment,2,Phillipines,Germany,NA,NA,NA,NA,NA,NA,NA,NA,,,Asia,Europe,NA,NA,NA,NA,NA,NA,NA,NA,NA,NA,H,Wife,NA,NA,NA,NA,NA,NA,NA,NA,NA,NA,54,27,NA,NA,NA,NA,NA,NA,NA,NA,NA,NA,2,Multi,0,0,1,1,780,NA,780,NA,NA,2,1,1.00 or less
3458105764-61029-003_3458105764-61029-004,Apartment,3,USA,Germany,NA,NA,NA,NA,NA,NA,NA,NA,,,USA,Europe,NA,NA,NA,NA,NA,NA,NA,NA,NA,NA,Head,Wife,NA,NA,NA,NA,NA,NA,NA,NA,NA,NA,25,22,NA,NA,NA,NA,NA,NA,NA,NA,NA,NA,2,White,0,0,0.08,2.5,780,6600,780,11.81818182,11.81818182,3,0.666666667,1.00 or less
3458105764-61029-005_3458105764-61029-006,Apartment,3,USA,USA,USA,USA,USA,NA,NA,NA,NA,NA,,,USA,USA,USA,USA,USA,NA,NA,NA,NA,NA,NA,NA,Head,Wife,Daughter,Son,Son,NA,NA,NA,NA,NA,NA,NA,24,24,4,2,1,NA,NA,NA,NA,NA,NA,NA,5,NA,0,0,NA,NA,NA,4600,NA,NA,NA,3,1.666666667,1.51 or more
3458105764-61029-007_3458105764-61029-008,Apartment,2.5,USA,NA,NA,NA,NA,NA,NA,NA,NA,NA,,,USA,NA,NA,NA,NA,NA,NA,NA,NA,NA,NA,NA,Head,NA,NA,NA,NA,NA,NA,NA,NA,NA,NA,NA,30,NA,NA,NA,NA,NA,NA,NA,NA,NA,NA,NA,1,White,0,0,4,5.2,780,5400,780,14.44444444,14.44444444,2.5,0.4,1.00 or less
3458105764-61029-009_3458105764-61029-010,Apartment,2.5,USA,USA,NA,NA,NA,NA,NA,NA,NA,NA,,,USA,USA,NA,NA,NA,NA,NA,NA,NA,NA,NA,NA,H,R,NA,NA,NA,NA,NA,NA,NA,NA,NA,NA,36,32,NA,NA,NA,NA,NA,NA,NA,NA,NA,NA,2,White,0,0,4,10,780,5980,852,13.04347826,14.24749164,2.5,0.8,1.00 or less
3458105764-61029-011_3458105764-61029-012,Apartment,3,USA,USA,NA,NA,NA,NA,NA,NA,NA,NA,,,USA,USA,NA,NA,NA,NA,NA,NA,NA,NA,NA,NA,H,Co H,NA,NA,NA,NA,NA,NA,NA,NA,NA,NA,26,27,NA,NA,NA,NA,NA,NA,NA,NA,NA,NA,2,White,0,0,0.5,3,900,NA,960,NA,NA,3,0.666666667,1.00 or less
3458105764-61029-013_3458105764-61029-014,Apartment,2.5,USA,NA,NA,NA,NA,NA,NA,NA,NA,NA,,,USA,NA,NA,NA,NA,NA,NA,NA,NA,NA,NA,NA,Head,NA,NA,NA,NA,NA,NA,NA,NA,NA,NA,NA,37,NA,NA,NA,NA,NA,NA,NA,NA,NA,NA,NA,1,White,0,0,NA,NA,840,4940,840,17.00404858,17.00404858,2.5,0.4,1.00 or less
3458106011-61028-001_3458106011-61028-002,Apartment,2.5,Cuba,Spain,NA,NA,NA,NA,NA,NA,NA,NA,,,Caribbean,Europe,NA,NA,NA,NA,NA,NA,NA,NA,NA,NA,NA,Mother,NA,NA,NA,NA,NA,NA,NA,NA,NA,NA,36,58,NA,NA,NA,NA,NA,NA,NA,NA,NA,NA,2,NA,0,0,3,5,900,3556.8,960,25.30364372,26.99055331,2.5,0.8,1.00 or less
3458106011-61028-003_3458106011-61028-004,Apartment,4,Spain,Spain,USA,NA,NA,NA,NA,NA,NA,NA,,,Europe,Europe,USA,NA,NA,NA,NA,NA,NA,NA,NA,NA,Head,Wife,Son,NA,NA,NA,NA,NA,NA,NA,NA,NA,54,51,21,NA,NA,NA,NA,NA,NA,NA,NA,NA,3,Puerto Rican,1,3,NA,NA,208,6000,400,3.466666667,6.666666667,4,0.75,1.00 or less
3458106011-61028-005_3458106011-61028-006,Apartment,2.5,USA,USA,USA,NA,NA,NA,NA,NA,NA,NA,,,USA,USA,USA,NA,NA,NA,NA,NA,NA,NA,NA,NA,H,Wife,Son,NA,NA,NA,NA,NA,NA,NA,NA,NA,28,24,1,NA,NA,NA,NA,NA,NA,NA,NA,NA,3,White,0,0,1,5,780,NA,780,NA,NA,2.5,1.2,1.01 to 1.50
3458106011-61028-007_3458106011-61028-008,Apartment,3,Phillipines,NA,NA,NA,NA,NA,NA,NA,NA,NA,,,Asia,NA,NA,NA,NA,NA,NA,NA,NA,NA,NA,NA,H,NA,NA,NA,NA,NA,NA,NA,NA,NA,NA,NA,45,NA,NA,NA,NA,NA,NA,NA,NA,NA,NA,NA,1,Oriental,0,0,2,24,900,3380,996,26.62721893,29.46745562,3,0.333333333,1.00 or less
3458106011-61028-009_3458106011-61028-010,Apartment,2.5,PR,PR,PR,NA,NA,NA,NA,NA,NA,NA,,,PR,PR,PR,NA,NA,NA,NA,NA,NA,NA,NA,NA,H,Wife,Son,NA,NA,NA,NA,NA,NA,NA,NA,NA,50,41,25,NA,NA,NA,NA,NA,NA,NA,NA,NA,3,Puerto Rican,1,3,NA,NA,900,7644,960,11.77394035,12.5588697,2.5,1.2,1.01 to 1.50
3458106011-61028-011_3458106011-61028-012,Apartment,2.5,USA,NA,NA,NA,NA,NA,NA,NA,NA,NA,,,USA,NA,NA,NA,NA,NA,NA,NA,NA,NA,NA,NA,NA,NA,NA,NA,NA,NA,NA,NA,NA,NA,NA,NA,31,NA,NA,NA,NA,NA,NA,NA,NA,NA,NA,NA,1,White,0,0,0.08,30,780,NA,828,NA,NA,2.5,0.4,1.00 or less
3458106011-61028-013_3458106011-61028-014,Apartment,2.5,USA,NA,NA,NA,NA,NA,NA,NA,NA,NA,,,USA,NA,NA,NA,NA,NA,NA,NA,NA,NA,NA,NA,NA,NA,NA,NA,NA,NA,NA,NA,NA,NA,NA,NA,27,NA,NA,NA,NA,NA,NA,NA,NA,NA,NA,NA,1,White,0,0,1,2,900,3900,900,23.07692308,23.07692308,2.5,0.4,1.00 or less
3458106011-61028-015_3458106011-61028-016,Apartment,2.5,USA,NA,NA,NA,NA,NA,NA,NA,NA,NA,,,USA,NA,NA,NA,NA,NA,NA,NA,NA,NA,NA,NA,Head,NA,NA,NA,NA,NA,NA,NA,NA,NA,NA,NA,24,NA,NA,NA,NA,NA,NA,NA,NA,NA,NA,NA,1,Negro,0,0,2,4.5,780,3172,912,24.59016393,28.75157629,2.5,0.4,1.00 or less
3458106474-61027-001_3458106474-61027-002,Apartment,2.5,USA,NA,NA,NA,NA,NA,NA,NA,NA,NA,,,USA,NA,NA,NA,NA,NA,NA,NA,NA,NA,NA,NA,Head,NA,NA,NA,NA,NA,NA,NA,NA,NA,NA,NA,59,NA,NA,NA,NA,NA,NA,NA,NA,NA,NA,NA,1,White,0,0,NA,NA,780,3380,864,23.07692308,25.56213018,2.5,0.4,1.00 or less
3458106474-61027-003_3458106474-61027-004,Apartment,2.5,USA,NA,NA,NA,NA,NA,NA,NA,NA,NA,,,USA,NA,NA,NA,NA,NA,NA,NA,NA,NA,NA,NA,H,NA,NA,NA,NA,NA,NA,NA,NA,NA,NA,NA,NA,NA,NA,NA,NA,NA,NA,NA,NA,NA,NA,NA,1,NA,0,0,7,7,780,5000,780,15.6,15.6,2.5,0.4,1.00 or less
3458106474-61027-005_3458106474-61027-006,Apartment,3,USA,USA,NA,NA,NA,NA,NA,NA,NA,NA,,,USA,USA,NA,NA,NA,NA,NA,NA,NA,NA,NA,NA,H,Wife,NA,NA,NA,NA,NA,NA,NA,NA,NA,NA,25,20,NA,NA,NA,NA,NA,NA,NA,NA,NA,NA,2,NA,0,0,2,2,900,4100,996,21.95121951,24.29268293,3,0.666666667,1.00 or less
3458106474-61027-007_3458106474-61027-008,Apartment,2.5,Morocco,Germany,NA,NA,NA,NA,NA,NA,NA,NA,,,NA,Europe,NA,NA,NA,NA,NA,NA,NA,NA,NA,NA,Head,Wife,Daughter,Grand Daughter,NA,NA,NA,NA,NA,NA,NA,NA,58,57,28,NA,NA,NA,NA,NA,NA,NA,NA,NA,4,White,0,0,2,5,900,3600,1140,25,31.66666667,2.5,1.6,1.51 or more
3458106474-61027-009_3458106474-61027-010,Apartment,2.5,USA,Spain,USA,NA,NA,NA,NA,NA,NA,NA,,,USA,Europe,USA,NA,NA,NA,NA,NA,NA,NA,NA,NA,Head,Wife,Son,NA,NA,NA,NA,NA,NA,NA,NA,NA,25,31,4,NA,NA,NA,NA,NA,NA,NA,NA,NA,3,White,0,0,NA,NA,900,1872,1014,48.07692308,54.16666667,2.5,1.2,1.01 to 1.50
3458106474-61027-011_3458106474-61027-012,NA,2.5,USA,NA,NA,NA,NA,NA,NA,NA,NA,NA,,,USA,NA,NA,NA,NA,NA,NA,NA,NA,NA,NA,NA,Head,NA,NA,NA,NA,NA,NA,NA,NA,NA,NA,NA,46,NA,NA,NA,NA,NA,NA,NA,NA,NA,NA,NA,1,White,0,0,2.5,28,780,2704,948,28.84615385,35.0591716,2.5,0.4,1.00 or less
3458106474-61027-013_3458106474-61027-014,NA,3,Mexico,USA,NA,NA,NA,NA,NA,NA,NA,NA,,,Nrth. Am.,USA,NA,NA,NA,NA,NA,NA,NA,NA,NA,NA,Head,Wife,NA,NA,NA,NA,NA,NA,NA,NA,NA,NA,36,32,NA,NA,NA,NA,NA,NA,NA,NA,NA,NA,2,other,0,0,2,7,840,3120,960,26.92307692,30.76923077,3,0.666666667,1.00 or less
3458106474-61027-015_3458106474-61027-016,Apartment,2.5,PR,PR,PR,PR,PR,NA,NA,NA,NA,NA,,,PR,PR,PR,PR,PR,NA,NA,NA,NA,NA,NA,NA,H,Daughter,Daughter,Son,Son,NA,NA,NA,NA,NA,NA,NA,26,13,10,8,6,NA,NA,NA,NA,NA,NA,NA,5,Puerto Rican,1,5,0.58,1,NA,NA,NA,NA,NA,2.5,2,1.51 or more
3458106689-61026-001_3458106689-61026-002,Apartment,3,USA,Bali,NA,NA,NA,NA,NA,NA,NA,NA,,,USA,Asia,NA,NA,NA,NA,NA,NA,NA,NA,NA,NA,Head,Companion,NA,NA,NA,NA,NA,NA,NA,NA,NA,NA,45,35,NA,NA,NA,NA,NA,NA,NA,NA,NA,NA,2,White,0,0,1.5,23,600,NA,864,NA,NA,3,0.666666667,1.00 or less
3458107279-61024-001_3458107279-61024-002,Rooming,1,NA,NA,NA,NA,NA,NA,NA,NA,NA,NA,,,NA,NA,NA,NA,NA,NA,NA,NA,NA,NA,NA,NA,H,NA,NA,NA,NA,NA,NA,NA,NA,NA,NA,NA,45,NA,NA,NA,NA,NA,NA,NA,NA,NA,NA,NA,1,NA,0,0,NA,NA,468,NA,468,NA,NA,1,1,1.00 or less
3458107279-61024-003_3458107279-61024-004,Rooming,2,USA,USA,NA,NA,NA,NA,NA,NA,NA,NA,,,USA,USA,NA,NA,NA,NA,NA,NA,NA,NA,NA,NA,H,Wife,NA,NA,NA,NA,NA,NA,NA,NA,NA,NA,22,18,NA,NA,NA,NA,NA,NA,NA,NA,NA,NA,2,White,0,0,NA,NA,1014,NA,1014,NA,NA,2,1,1.00 or less
3458107279-61024-005_3458107279-61024-006,Rooming,1,NA,NA,NA,NA,NA,NA,NA,NA,NA,NA,,,NA,NA,NA,NA,NA,NA,NA,NA,NA,NA,NA,NA,H,NA,NA,NA,NA,NA,NA,NA,NA,NA,NA,NA,47,NA,NA,NA,NA,NA,NA,NA,NA,NA,NA,NA,1,NA,0,0,12,NA,364,NA,364,NA,NA,1,1,1.00 or less
3458107279-61024-007_3458107279-61024-008,Rooming,NA,NA,NA,NA,NA,NA,NA,NA,NA,NA,NA,,,NA,NA,NA,NA,NA,NA,NA,NA,NA,NA,NA,NA,H,NA,NA,NA,NA,NA,NA,NA,NA,NA,NA,NA,54,NA,NA,NA,NA,NA,NA,NA,NA,NA,NA,NA,1,NA,0,0,NA,NA,754,NA,754,NA,NA,NA,NA,NA
3458107279-61024-009_3458107279-61024-010,Rooming,1,USA,Canada,NA,NA,NA,NA,NA,NA,NA,NA,,,USA,Nrth. Am.,NA,NA,NA,NA,NA,NA,NA,NA,NA,NA,NA,NA,NA,NA,NA,NA,NA,NA,NA,NA,NA,NA,26,25,NA,NA,NA,NA,NA,NA,NA,NA,NA,NA,2,NA,0,0,0.416666667,8,936,NA,936,NA,NA,1,2,1.51 or more
3458107279-61024-011_3458107279-61024-012,Rooming,NA,NA,NA,NA,NA,NA,NA,NA,NA,NA,NA,,,NA,NA,NA,NA,NA,NA,NA,NA,NA,NA,NA,NA,H,NA,NA,NA,NA,NA,NA,NA,NA,NA,NA,NA,NA,NA,NA,NA,NA,NA,NA,NA,NA,NA,NA,NA,1,NA,0,0,NA,NA,572,NA,572,NA,NA,NA,NA,NA
3458107279-61024-013_3458107279-61024-014,Rooming,NA,NA,NA,NA,NA,NA,NA,NA,NA,NA,NA,,,NA,NA,NA,NA,NA,NA,NA,NA,NA,NA,NA,NA,NA,NA,NA,NA,NA,NA,NA,NA,NA,NA,NA,NA,65,65,NA,NA,NA,NA,NA,NA,NA,NA,NA,NA,2,NA,0,0,NA,NA,NA,NA,NA,NA,NA,NA,NA,NA
3458107279-61024-015_3458107279-61024-016,Rooming,1,NA,NA,NA,NA,NA,NA,NA,NA,NA,NA,,,NA,NA,NA,NA,NA,NA,NA,NA,NA,NA,NA,NA,H,NA,NA,NA,NA,NA,NA,NA,NA,NA,NA,NA,NA,NA,NA,NA,NA,NA,NA,NA,NA,NA,NA,NA,1,NA,0,0,NA,NA,468,NA,468,NA,NA,1,1,1.00 or less
3458107279-61024-017_3458107279-61024-018,Rooming,1,NA,NA,NA,NA,NA,NA,NA,NA,NA,NA,,,NA,NA,NA,NA,NA,NA,NA,NA,NA,NA,NA,NA,H,NA,NA,NA,NA,NA,NA,NA,NA,NA,NA,NA,NA,NA,NA,NA,NA,NA,NA,NA,NA,NA,NA,NA,1,White,0,0,NA,NA,572,NA,572,NA,NA,1,1,1.00 or less
3458107279-61024-019_3458107279-61024-020,Rooming,NA,NA,NA,NA,NA,NA,NA,NA,NA,NA,NA,,,NA,NA,NA,NA,NA,NA,NA,NA,NA,NA,NA,NA,H,NA,NA,NA,NA,NA,NA,NA,NA,NA,NA,NA,NA,NA,NA,NA,NA,NA,NA,NA,NA,NA,NA,NA,1,NA,0,0,NA,NA,572,NA,572,NA,NA,NA,NA,NA
3458107279-61024-021_3458107279-61024-022,Rooming,NA,NA,NA,NA,NA,NA,NA,NA,NA,NA,NA,,,NA,NA,NA,NA,NA,NA,NA,NA,NA,NA,NA,NA,H,NA,NA,NA,NA,NA,NA,NA,NA,NA,NA,NA,NA,NA,NA,NA,NA,NA,NA,NA,NA,NA,NA,NA,1,NA,0,0,NA,NA,468,NA,468,NA,NA,NA,NA,NA
3458107279-61024-023_3458107279-61024-024,Rooming,1,NA,NA,NA,NA,NA,NA,NA,NA,NA,NA,,,NA,NA,NA,NA,NA,NA,NA,NA,NA,NA,NA,NA,NA,NA,NA,NA,NA,NA,NA,NA,NA,NA,NA,NA,NA,NA,NA,NA,NA,NA,NA,NA,NA,NA,NA,NA,NA,NA,0,NA,NA,NA,884,NA,884,NA,NA,NA,NA,NA
3458107279-61024-025_3458107279-61024-026,Rooming,NA,NA,NA,NA,NA,NA,NA,NA,NA,NA,NA,,,NA,NA,NA,NA,NA,NA,NA,NA,NA,NA,NA,NA,H,NA,NA,NA,NA,NA,NA,NA,NA,NA,NA,NA,NA,NA,NA,NA,NA,NA,NA,NA,NA,NA,NA,NA,1,NA,0,0,NA,NA,780,NA,780,NA,NA,NA,NA,NA
3458107279-61024-027_3458107279-61024-028,Rooming,1,NA,NA,NA,NA,NA,NA,NA,NA,NA,NA,,,NA,NA,NA,NA,NA,NA,NA,NA,NA,NA,NA,NA,H,NA,NA,NA,NA,NA,NA,NA,NA,NA,NA,NA,NA,NA,NA,NA,NA,NA,NA,NA,NA,NA,NA,NA,1,NA,0,0,NA,NA,468,NA,468,NA,NA,1,1,1.00 or less
3458107279-61024-029_3458107279-61024-030,Rooming,1,NA,NA,NA,NA,NA,NA,NA,NA,NA,NA,,,NA,NA,NA,NA,NA,NA,NA,NA,NA,NA,NA,NA,H,NA,NA,NA,NA,NA,NA,NA,NA,NA,NA,NA,NA,NA,NA,NA,NA,NA,NA,NA,NA,NA,NA,NA,1,NA,0,0,NA,NA,432,NA,432,NA,NA,1,1,1.00 or less
3458107841-61025-001_3458107841-61025-002,Rooming,1,NA,NA,NA,NA,NA,NA,NA,NA,NA,NA,,,NA,NA,NA,NA,NA,NA,NA,NA,NA,NA,NA,NA,H,NA,NA,NA,NA,NA,NA,NA,NA,NA,NA,NA,NA,NA,NA,NA,NA,NA,NA,NA,NA,NA,NA,NA,1,NA,0,0,NA,NA,416,NA,416,NA,NA,1,1,1.00 or less
3458107841-61025-003_3458107841-61025-004,Rooming,1,NA,NA,NA,NA,NA,NA,NA,NA,NA,NA,,,NA,NA,NA,NA,NA,NA,NA,NA,NA,NA,NA,NA,H,NA,NA,NA,NA,NA,NA,NA,NA,NA,NA,NA,NA,NA,NA,NA,NA,NA,NA,NA,NA,NA,NA,NA,1,NA,0,0,NA,NA,468,NA,468,NA,NA,1,1,1.00 or less
3458107841-61025-005_3458107841-61025-006,Rooming,NA,NA,NA,NA,NA,NA,NA,NA,NA,NA,NA,,,NA,NA,NA,NA,NA,NA,NA,NA,NA,NA,NA,NA,H,NA,NA,NA,NA,NA,NA,NA,NA,NA,NA,NA,NA,NA,NA,NA,NA,NA,NA,NA,NA,NA,NA,NA,1,NA,0,0,NA,NA,520,NA,520,NA,NA,NA,NA,NA
3458107841-61025-007_3458107841-61025-008,Rooming,NA,NA,NA,NA,NA,NA,NA,NA,NA,NA,NA,,,NA,NA,NA,NA,NA,NA,NA,NA,NA,NA,NA,NA,H,NA,NA,NA,NA,NA,NA,NA,NA,NA,NA,NA,NA,NA,NA,NA,NA,NA,NA,NA,NA,NA,NA,NA,1,NA,0,0,NA,NA,936,NA,936,NA,NA,NA,NA,NA
3458107841-61025-009_3458107841-61025-010,Rooming,1,NA,NA,NA,NA,NA,NA,NA,NA,NA,NA,,,NA,NA,NA,NA,NA,NA,NA,NA,NA,NA,NA,NA,H,NA,NA,NA,NA,NA,NA,NA,NA,NA,NA,NA,NA,NA,NA,NA,NA,NA,NA,NA,NA,NA,NA,NA,1,NA,0,0,NA,NA,468,NA,468,NA,NA,1,1,1.00 or less
3458107841-61025-011_3458107841-61025-012,Rooming,1,NA,NA,NA,NA,NA,NA,NA,NA,NA,NA,,,NA,NA,NA,NA,NA,NA,NA,NA,NA,NA,NA,NA,H,NA,NA,NA,NA,NA,NA,NA,NA,NA,NA,NA,NA,NA,NA,NA,NA,NA,NA,NA,NA,NA,NA,NA,1,NA,0,0,NA,NA,572,NA,572,NA,NA,1,1,1.00 or less
3458107841-61025-013_3458107841-61025-014,Rooming,1,NA,NA,NA,NA,NA,NA,NA,NA,NA,NA,,,NA,NA,NA,NA,NA,NA,NA,NA,NA,NA,NA,NA,H,NA,NA,NA,NA,NA,NA,NA,NA,NA,NA,NA,NA,NA,NA,NA,NA,NA,NA,NA,NA,NA,NA,NA,1,NA,0,0,NA,NA,520,NA,520,NA,NA,1,1,1.00 or less
3458107841-61025-015_3458107841-61025-016,Rooming,NA,NA,NA,NA,NA,NA,NA,NA,NA,NA,NA,,,NA,NA,NA,NA,NA,NA,NA,NA,NA,NA,NA,NA,H,NA,NA,NA,NA,NA,NA,NA,NA,NA,NA,NA,NA,NA,NA,NA,NA,NA,NA,NA,NA,NA,NA,NA,1,NA,0,0,NA,NA,936,NA,936,NA,NA,NA,NA,NA
3458107841-61025-017_3458107841-61025-018,Rooming,1,NA,NA,NA,NA,NA,NA,NA,NA,NA,NA,,,NA,NA,NA,NA,NA,NA,NA,NA,NA,NA,NA,NA,H,NA,NA,NA,NA,NA,NA,NA,NA,NA,NA,NA,NA,NA,NA,NA,NA,NA,NA,NA,NA,NA,NA,NA,1,NA,0,0,NA,NA,572,NA,572,NA,NA,1,1,1.00 or less
3458107841-61025-019_3458107841-61025-020,Rooming,1,NA,NA,NA,NA,NA,NA,NA,NA,NA,NA,,,NA,NA,NA,NA,NA,NA,NA,NA,NA,NA,NA,NA,H,Wife,NA,NA,NA,NA,NA,NA,NA,NA,NA,NA,49,26,NA,NA,NA,NA,NA,NA,NA,NA,NA,NA,2,NA,0,0,0.75,5,884,NA,884,NA,NA,1,2,1.51 or more
3458107841-61025-021_3458107841-61025-022,Rooming,2,Greece,USA,NA,NA,NA,NA,NA,NA,NA,NA,,,Europe,USA,NA,NA,NA,NA,NA,NA,NA,NA,NA,NA,H,Son,NA,NA,NA,NA,NA,NA,NA,NA,NA,NA,58,12,NA,NA,NA,NA,NA,NA,NA,NA,NA,NA,2,NA,0,0,0.666666667,NA,936,NA,936,NA,NA,2,1,1.00 or less
3458107841-61025-023_3458107841-61025-024,Rooming,1,NA,NA,NA,NA,NA,NA,NA,NA,NA,NA,,,NA,NA,NA,NA,NA,NA,NA,NA,NA,NA,NA,NA,H,NA,NA,NA,NA,NA,NA,NA,NA,NA,NA,NA,NA,NA,NA,NA,NA,NA,NA,NA,NA,NA,NA,NA,1,NA,0,0,7,NA,689,NA,689,NA,NA,1,1,1.00 or less
3458107841-61025-025_3458107841-61025-026,Rooming,1,USA,USA,NA,NA,NA,NA,NA,NA,NA,NA,,,USA,USA,NA,NA,NA,NA,NA,NA,NA,NA,NA,NA,H,Wife,NA,NA,NA,NA,NA,NA,NA,NA,NA,NA,67,62,NA,NA,NA,NA,NA,NA,NA,NA,NA,NA,2,NA,0,0,5,66,780,2808,780,27.77777778,27.77777778,1,2,1.51 or more
3458107841-61025-027_3458107841-61025-028,Rooming,1.5,NA,NA,NA,NA,NA,NA,NA,NA,NA,NA,,,NA,NA,NA,NA,NA,NA,NA,NA,NA,NA,NA,NA,H,Wife,NA,NA,NA,NA,NA,NA,NA,NA,NA,NA,55,56,NA,NA,NA,NA,NA,NA,NA,NA,NA,NA,2,NA,0,0,18,55,884,NA,884,NA,NA,1.5,1.333333333,1.01 to 1.50
3458107841-61025-029_3458107841-61025-030,Rooming,1,NA,NA,NA,NA,NA,NA,NA,NA,NA,NA,,,NA,NA,NA,NA,NA,NA,NA,NA,NA,NA,NA,NA,H,NA,NA,NA,NA,NA,NA,NA,NA,NA,NA,NA,NA,NA,NA,NA,NA,NA,NA,NA,NA,NA,NA,NA,1,NA,0,0,3,NA,468,NA,468,NA,NA,1,1,1.00 or less
3458107841-61025-031_3458107841-61025-032,Rooming,1,PR,NA,NA,NA,NA,NA,NA,NA,NA,NA,,,PR,NA,NA,NA,NA,NA,NA,NA,NA,NA,NA,NA,Wife,NA,Min l.,NA,NA,NA,NA,NA,NA,NA,NA,NA,25,NA,NA,NA,NA,NA,NA,NA,NA,NA,NA,NA,3,NA,1,3,1.5,12,572,3172,572,18.03278689,18.03278689,1,3,1.51 or more
3458108834-61044-001_3458108834-61044-002,Rooming,2,NA,NA,NA,NA,NA,NA,NA,NA,NA,NA,,,NA,NA,NA,NA,NA,NA,NA,NA,NA,NA,NA,NA,H,Wife,Son,NA,NA,NA,NA,NA,NA,NA,NA,NA,NA,NA,NA,NA,NA,NA,NA,NA,NA,NA,NA,NA,3,NA,0,0,NA,NA,728,NA,728,NA,NA,2,1.5,1.01 to 1.50
3458108834-61044-003_3458108834-61044-004,Rooming,2,USA,USA,USA,USA,NA,NA,NA,NA,NA,NA,,,USA,USA,USA,USA,NA,NA,NA,NA,NA,NA,NA,NA,H,Wife,Son,Daughter,NA,NA,NA,NA,NA,NA,NA,NA,26,NA,3,1,NA,NA,NA,NA,NA,NA,NA,NA,4,NA,0,0,NA,NA,780,5720,780,13.63636364,13.63636364,2,2,1.51 or more
3458108834-61044-005_3458108834-61044-006,Rooming,1.5,USA,USA,USA,NA,NA,NA,NA,NA,NA,NA,,,USA,USA,USA,NA,NA,NA,NA,NA,NA,NA,NA,NA,Head,Daughter,Son,Son,NA,NA,NA,NA,NA,NA,NA,NA,28,6,4,0,NA,NA,NA,NA,NA,NA,NA,NA,4,NA,0,0,2,4,576,NA,576,NA,NA,1.5,2.666666667,1.51 or more
3458108834-61044-007_3458108834-61044-008,NA,1,NA,NA,NA,NA,NA,NA,NA,NA,NA,NA,,,NA,NA,NA,NA,NA,NA,NA,NA,NA,NA,NA,NA,NA,NA,NA,NA,NA,NA,NA,NA,NA,NA,NA,NA,NA,NA,NA,NA,NA,NA,NA,NA,NA,NA,NA,NA,NA,NA,0,NA,NA,NA,312,NA,312,NA,NA,NA,NA,NA
3458108834-61044-009_3458108834-61044-010,Rooming,2,NA,NA,NA,NA,NA,NA,NA,NA,NA,NA,,,NA,NA,NA,NA,NA,NA,NA,NA,NA,NA,NA,NA,H,Wife,NA,NA,NA,NA,NA,NA,NA,NA,NA,NA,NA,NA,NA,NA,NA,NA,NA,NA,NA,NA,NA,NA,2,NA,0,0,NA,NA,728,NA,728,NA,NA,2,1,1.00 or less
3458108834-61044-011_3458108834-61044-012,Rooming,1,NA,NA,NA,NA,NA,NA,NA,NA,NA,NA,,,NA,NA,NA,NA,NA,NA,NA,NA,NA,NA,NA,NA,NA,NA,NA,NA,NA,NA,NA,NA,NA,NA,NA,NA,NA,NA,NA,NA,NA,NA,NA,NA,NA,NA,NA,NA,NA,NA,0,NA,NA,NA,260,NA,260,NA,NA,NA,NA,NA
3458108834-61044-013_3458108834-61044-014,Rooming,4,NA,NA,NA,NA,NA,NA,NA,NA,NA,NA,,,NA,NA,NA,NA,NA,NA,NA,NA,NA,NA,NA,NA,H,Wife,NA,NA,NA,NA,NA,NA,NA,NA,NA,NA,NA,NA,NA,NA,NA,NA,NA,NA,NA,NA,NA,NA,2,NA,0,0,NA,NA,936,NA,936,NA,NA,4,0.5,1.00 or less
3458108834-61044-015_3458108834-61044-016,Rooming,2,NA,NA,NA,NA,NA,NA,NA,NA,NA,NA,,,NA,NA,NA,NA,NA,NA,NA,NA,NA,NA,NA,NA,NA,NA,NA,NA,NA,NA,NA,NA,NA,NA,NA,NA,NA,NA,NA,NA,NA,NA,NA,NA,NA,NA,NA,NA,NA,NA,0,NA,NA,NA,780,NA,780,NA,NA,NA,NA,NA
3458108834-61044-017_3458108834-61044-018,Rooming,1,WestInd,England,England,England,NA,NA,NA,NA,NA,NA,,,Caribbean,Europe,Europe,Europe,NA,NA,NA,NA,NA,NA,NA,NA,H,Wife,Daughter,Son,NA,NA,NA,NA,NA,NA,NA,NA,23,23,1,0,NA,NA,NA,NA,NA,NA,NA,NA,4,Negro,0,0,0.416666667,1,468,2600,468,18,18,1,4,1.51 or more
3458108834-61044-019_3458108834-61044-020,Rooming,2,SouthAfrica,SouthAfrica,NA,NA,NA,NA,NA,NA,NA,NA,,,Africa,Africa,NA,NA,NA,NA,NA,NA,NA,NA,NA,NA,Head,Friend,NA,NA,NA,NA,NA,NA,NA,NA,NA,NA,31,32,NA,NA,NA,NA,NA,NA,NA,NA,NA,NA,2,NA,0,0,1,NA,832,3524,832,23.60953462,23.60953462,2,1,1.00 or less
3458108834-61044-021_3458108834-61044-022,NA,1,NA,NA,NA,NA,NA,NA,NA,NA,NA,NA,,,NA,NA,NA,NA,NA,NA,NA,NA,NA,NA,NA,NA,Head,Friend,NA,NA,NA,NA,NA,NA,NA,NA,NA,NA,NA,NA,NA,NA,NA,NA,NA,NA,NA,NA,NA,NA,2,NA,0,0,5,20,676,3500,676,19.31428571,19.31428571,1,2,1.51 or more
3458109121-61045-001_3458109121-61045-002,NA,3,NA,NA,NA,NA,NA,NA,NA,NA,NA,NA,,,NA,NA,NA,NA,NA,NA,NA,NA,NA,NA,NA,NA,Head,Son,NA,NA,NA,NA,NA,NA,NA,NA,NA,NA,NA,NA,NA,NA,NA,NA,NA,NA,NA,NA,NA,NA,2,NA,0,0,NA,NA,728,NA,728,NA,NA,3,0.666666667,1.00 or less
3458109121-61045-003_3458109121-61045-004,NA,2,Trinidad,Trinidad,NA,NA,NA,NA,NA,NA,NA,NA,,,Caribbean,Caribbean,NA,NA,NA,NA,NA,NA,NA,NA,NA,NA,H,Wife,NA,NA,NA,NA,NA,NA,NA,NA,NA,NA,27,25,NA,NA,NA,NA,NA,NA,NA,NA,NA,NA,2,NA,0,0,NA,NA,NA,4680,NA,NA,NA,2,1,1.00 or less
3458109121-61045-005_3458109121-61045-006,Apartment,1.5,India,India,NA,NA,NA,NA,NA,NA,NA,NA,,,Asia,Asia,NA,NA,NA,NA,NA,NA,NA,NA,NA,NA,NA,NA,NA,NA,NA,NA,NA,NA,NA,NA,NA,NA,32,22,NA,NA,NA,NA,NA,NA,NA,NA,NA,NA,2,NA,0,0,1,1,520,2080,520,25,25,1.5,1.333333333,1.01 to 1.50
3458109121-61045-007_3458109121-61045-008,Rooming,1.5,NA,NA,NA,NA,NA,NA,NA,NA,NA,NA,,,NA,NA,NA,NA,NA,NA,NA,NA,NA,NA,NA,NA,NA,NA,NA,NA,NA,NA,NA,NA,NA,NA,NA,NA,NA,NA,NA,NA,NA,NA,NA,NA,NA,NA,NA,NA,NA,NA,0,NA,NA,NA,780,NA,780,NA,NA,NA,NA,NA
3458109121-61045-009_3458109121-61045-010,NA,3,USA,USA,USA,USA,USA,NA,NA,NA,NA,NA,,,USA,USA,USA,USA,USA,NA,NA,NA,NA,NA,NA,NA,NA,NA,NA,NA,NA,NA,NA,NA,NA,NA,NA,NA,36,6,5,3,2,NA,NA,NA,NA,NA,NA,NA,5,White,0,0,NA,18,728,NA,728,NA,NA,3,1.666666667,1.51 or more
3458109121-61045-011_3458109121-61045-012,NA,2,PR,PR,USA,NA,NA,NA,NA,NA,NA,NA,,,PR,PR,USA,NA,NA,NA,NA,NA,NA,NA,NA,NA,H,Wife,Son,NA,NA,NA,NA,NA,NA,NA,NA,NA,44,28,6,NA,NA,NA,NA,NA,NA,NA,NA,NA,3,Puerto Rican,1,3,2.5,7,1040,2912,1040,35.71428571,35.71428571,2,1.5,1.01 to 1.50
3458109121-61045-013_3458109121-61045-014,NA,1,NA,NA,NA,NA,NA,NA,NA,NA,NA,NA,,,NA,NA,NA,NA,NA,NA,NA,NA,NA,NA,NA,NA,NA,NA,NA,NA,NA,NA,NA,NA,NA,NA,NA,NA,27,25,NA,NA,NA,NA,NA,NA,NA,NA,NA,NA,2,NA,0,0,2,5,520,NA,520,NA,NA,1,2,1.51 or more
3458109121-61045-015_3458109121-61045-016,Rooming,3,NA,NA,NA,NA,NA,NA,NA,NA,NA,NA,,,NA,NA,NA,NA,NA,NA,NA,NA,NA,NA,NA,NA,H,NA,NA,NA,NA,NA,NA,NA,NA,NA,NA,NA,NA,NA,NA,NA,NA,NA,NA,NA,NA,NA,NA,NA,1,NA,0,0,NA,NA,468,NA,468,NA,NA,3,0.333333333,1.00 or less
3458109121-61045-017_3458109121-61045-018,Rooming,1,NA,NA,NA,NA,NA,NA,NA,NA,NA,NA,,,NA,NA,NA,NA,NA,NA,NA,NA,NA,NA,NA,NA,NA,NA,NA,NA,NA,NA,NA,NA,NA,NA,NA,NA,NA,NA,NA,NA,NA,NA,NA,NA,NA,NA,NA,NA,NA,NA,0,NA,NA,NA,312,NA,312,NA,NA,NA,NA,NA
3458109121-61045-019_3458109121-61045-020,NA,1,NA,NA,NA,NA,NA,NA,NA,NA,NA,NA,,,NA,NA,NA,NA,NA,NA,NA,NA,NA,NA,NA,NA,NA,NA,NA,NA,NA,NA,NA,NA,NA,NA,NA,NA,NA,NA,NA,NA,NA,NA,NA,NA,NA,NA,NA,NA,NA,NA,0,NA,NA,NA,NA,NA,NA,NA,NA,NA,NA,NA
3458109121-61045-021_3458109121-61045-022,Rooming,3,USA,USA,USA,USA,USA,NA,NA,NA,NA,NA,,,USA,USA,USA,USA,USA,NA,NA,NA,NA,NA,NA,NA,H,Daughter,Son,Son,Daughter,NA,NA,NA,NA,NA,NA,NA,39,11,9,6,5,NA,NA,NA,NA,NA,NA,NA,5,NA,0,0,3.5,12,276,NA,276,NA,NA,3,1.666666667,1.51 or more
3458109121-61045-023_3458109121-61045-024,NA,2.5,USA,NA,NA,NA,NA,NA,NA,NA,NA,NA,,,USA,NA,NA,NA,NA,NA,NA,NA,NA,NA,NA,NA,Wife,H,NA,NA,NA,NA,NA,NA,NA,NA,NA,NA,36,54,NA,NA,NA,NA,NA,NA,NA,NA,NA,NA,2,NA,0,0,10,36,572,NA,572,NA,NA,2.5,0.8,1.00 or less
3458109563-61046-001_3458109563-61046-002,Rooming,1.5,PR,USA,USA,NA,NA,NA,NA,NA,NA,NA,,,PR,USA,USA,NA,NA,NA,NA,NA,NA,NA,NA,NA,H,Daughter,Son,NA,NA,NA,NA,NA,NA,NA,NA,NA,21,4,2,NA,NA,NA,NA,NA,NA,NA,NA,NA,3,Puerto Rican,1,3,0.5,5,821.6,NA,821.6,NA,NA,1.5,2,1.51 or more
3458109563-61046-003_3458109563-61046-004,Rooming,3,PR,PR,PR,NA,NA,NA,NA,NA,NA,NA,,,PR,PR,PR,NA,NA,NA,NA,NA,NA,NA,NA,NA,Head,Wife,Son,NA,NA,NA,NA,NA,NA,NA,NA,NA,35,30,14,NA,NA,NA,NA,NA,NA,NA,NA,NA,3,Puerto Rican,1,3,NA,8,910,2548,910,35.71428571,35.71428571,3,1,1.00 or less
3458109563-61046-005_3458109563-61046-006,NA,2,PR,PR,PR,PR,NA,NA,NA,NA,NA,NA,,,PR,PR,PR,PR,NA,NA,NA,NA,NA,NA,NA,NA,Head,Wife,Son,Daughter,NA,NA,NA,NA,NA,NA,NA,NA,NA,NA,NA,NA,NA,NA,NA,NA,NA,NA,NA,NA,4,Puerto Rican,1,4,1,4,1080,NA,1080,NA,NA,2,2,1.51 or more
3458109563-61046-007_3458109563-61046-008,NA,2,PR,PR,USA,NA,NA,NA,NA,NA,NA,NA,,,PR,PR,USA,NA,NA,NA,NA,NA,NA,NA,NA,NA,Head,Wife,Daughter,NA,NA,NA,NA,NA,NA,NA,NA,NA,21,19,4,NA,NA,NA,NA,NA,NA,NA,NA,NA,3,Puerto Rican,1,3,0.25,2,936,NA,936,NA,NA,2,1.5,1.01 to 1.50
3458109563-61046-009_3458109563-61046-010,NA,2,PR,PR,USA,USA,NA,NA,NA,NA,NA,NA,,,PR,PR,USA,USA,NA,NA,NA,NA,NA,NA,NA,NA,Head,Wife,Daughter,Daughter,NA,NA,NA,NA,NA,NA,NA,NA,25,20,4,3,NA,NA,NA,NA,NA,NA,NA,NA,4,Puerto Rican,1,4,0.5,5,252,2080,252,12.11538462,12.11538462,2,2,1.51 or more
3458109563-61046-011_3458109563-61046-012,NA,2,PR,NA,NA,NA,NA,NA,NA,NA,NA,NA,,,PR,NA,NA,NA,NA,NA,NA,NA,NA,NA,NA,NA,Head,Wife,Daughter,NA,NA,NA,NA,NA,NA,NA,NA,NA,40,38,7,NA,NA,NA,NA,NA,NA,NA,NA,NA,3,Puerto Rican,1,3,0.583333333,5,792,NA,792,NA,NA,2,1.5,1.01 to 1.50
3458109563-61046-013_3458109563-61046-014,NA,2,PR,PR,PR,USA,NA,NA,NA,NA,NA,NA,,,PR,PR,PR,USA,NA,NA,NA,NA,NA,NA,NA,NA,Head,Wife,Son,Daughter,NA,NA,NA,NA,NA,NA,NA,NA,33,20,9,2,NA,NA,NA,NA,NA,NA,NA,NA,4,Puerto Rican,1,4,0.25,1,910,3900,910,23.33333333,23.33333333,2,2,1.51 or more
3458109563-61046-015_3458109563-61046-016,NA,1.5,PR,USA,NA,NA,NA,NA,NA,NA,NA,NA,,,PR,USA,NA,NA,NA,NA,NA,NA,NA,NA,NA,NA,Head,Daughter,NA,NA,NA,NA,NA,NA,NA,NA,NA,NA,40,1,NA,NA,NA,NA,NA,NA,NA,NA,NA,NA,2,Puerto Rican,1,2,0.333333333,20,714,NA,714,NA,NA,1.5,1.333333333,1.01 to 1.50
3458109563-61046-017_3458109563-61046-018,Rooming,2,PR,NA,NA,NA,NA,NA,NA,NA,NA,NA,,,PR,NA,NA,NA,NA,NA,NA,NA,NA,NA,NA,NA,H,NA,NA,NA,NA,NA,NA,NA,NA,NA,NA,NA,36,NA,NA,NA,NA,NA,NA,NA,NA,NA,NA,NA,1,NA,1,1,8,8,364,NA,364,NA,NA,2,0.5,1.00 or less
3458109563-61046-019_3458109563-61046-020,NA,2,PR,PR,PR,USA,USA,NA,NA,NA,NA,NA,,,PR,PR,PR,USA,USA,NA,NA,NA,NA,NA,NA,NA,Head,Wife,Son,Son,Daughter,NA,NA,NA,NA,NA,NA,NA,36,30,5,3,1,NA,NA,NA,NA,NA,NA,NA,5,Puerto Rican,1,5,5.5,11,858,2548,858,33.67346939,33.67346939,2,2.5,1.51 or more
3458109563-61046-021_3458109563-61046-022,NA,NA,NA,NA,NA,NA,NA,NA,NA,NA,NA,NA,,,NA,NA,NA,NA,NA,NA,NA,NA,NA,NA,NA,NA,NA,NA,NA,NA,NA,NA,NA,NA,NA,NA,NA,NA,NA,NA,NA,NA,NA,NA,NA,NA,NA,NA,NA,NA,NA,NA,0,NA,NA,NA,NA,NA,NA,NA,NA,NA,NA,NA
3458109563-61046-023_3458109563-61046-024,Rooming,1.5,NA,NA,NA,NA,NA,NA,NA,NA,NA,NA,,,NA,NA,NA,NA,NA,NA,NA,NA,NA,NA,NA,NA,NA,NA,NA,NA,NA,NA,NA,NA,NA,NA,NA,NA,NA,NA,NA,NA,NA,NA,NA,NA,NA,NA,NA,NA,NA,NA,0,NA,NA,NA,NA,NA,NA,NA,NA,NA,NA,NA
3458109563-61046-025_3458109563-61046-026,Rooming,2,NA,NA,NA,NA,NA,NA,NA,NA,NA,NA,,,NA,NA,NA,NA,NA,NA,NA,NA,NA,NA,NA,NA,H,NA,NA,NA,NA,NA,NA,NA,NA,NA,NA,NA,NA,NA,NA,NA,NA,NA,NA,NA,NA,NA,NA,NA,1,NA,0,0,NA,NA,NA,NA,NA,NA,NA,2,0.5,1.00 or less
3458109563-61046-027_3458109563-61046-028,Rooming,1,NA,NA,NA,NA,NA,NA,NA,NA,NA,NA,,,NA,NA,NA,NA,NA,NA,NA,NA,NA,NA,NA,NA,NA,NA,NA,NA,NA,NA,NA,NA,NA,NA,NA,NA,NA,NA,NA,NA,NA,NA,NA,NA,NA,NA,NA,NA,NA,NA,0,NA,NA,NA,NA,NA,NA,NA,NA,NA,NA,NA
3458109563-61046-029_3458109563-61046-030,NA,NA,NA,NA,NA,NA,NA,NA,NA,NA,NA,NA,,,NA,NA,NA,NA,NA,NA,NA,NA,NA,NA,NA,NA,NA,NA,NA,NA,NA,NA,NA,NA,NA,NA,NA,NA,NA,NA,NA,NA,NA,NA,NA,NA,NA,NA,NA,NA,NA,NA,0,NA,NA,NA,NA,NA,NA,NA,NA,NA,NA,NA
3458109952-61047-001_3458109952-61047-002,Rooming,1.5,NA,NA,NA,NA,NA,NA,NA,NA,NA,NA,,,NA,NA,NA,NA,NA,NA,NA,NA,NA,NA,NA,NA,H,Wife,NA,NA,NA,NA,NA,NA,NA,NA,NA,NA,28,NA,NA,NA,NA,NA,NA,NA,NA,NA,NA,NA,2,NA,0,0,NA,NA,806,NA,806,NA,NA,1.5,1.333333333,1.01 to 1.50
3458109952-61047-003_3458109952-61047-004,NA,3,PR,PR,USA,USA,USA,USA,NA,NA,NA,NA,,,PR,PR,USA,USA,USA,USA,NA,NA,NA,NA,NA,NA,Head,Wife,Daughter,Son,Son,Son,NA,NA,NA,NA,NA,NA,24,22,5,3,2,1,NA,NA,NA,NA,NA,NA,6,NA,1,6,NA,6,988,2600,988,38,38,3,2,1.51 or more
3458109952-61047-005_3458109952-61047-006,Rooming,2,PR,PR,USA,NA,NA,NA,NA,NA,NA,NA,,,PR,PR,USA,NA,NA,NA,NA,NA,NA,NA,NA,NA,H,Son,Son,NA,NA,NA,NA,NA,NA,NA,NA,NA,26,10,9,NA,NA,NA,NA,NA,NA,NA,NA,NA,3,Puerto Rican,1,3,0.583333333,11,960,NA,960,NA,NA,2,1.5,1.01 to 1.50
3458109952-61047-007_3458109952-61047-008,Rooming,2,PR,NA,NA,NA,NA,NA,NA,NA,NA,NA,,,PR,NA,NA,NA,NA,NA,NA,NA,NA,NA,NA,NA,H,Son,NA,NA,NA,NA,NA,NA,NA,NA,NA,NA,36,7,NA,NA,NA,NA,NA,NA,NA,NA,NA,NA,2,NA,1,2,NA,NA,780,NA,780,NA,NA,2,1,1.00 or less
3458109952-61047-009_3458109952-61047-010,Rooming,NA,NA,NA,NA,NA,NA,NA,NA,NA,NA,NA,,,NA,NA,NA,NA,NA,NA,NA,NA,NA,NA,NA,NA,NA,NA,NA,NA,NA,NA,NA,NA,NA,NA,NA,NA,NA,NA,NA,NA,NA,NA,NA,NA,NA,NA,NA,NA,NA,NA,0,NA,NA,NA,NA,NA,NA,NA,NA,NA,NA,NA
3458109952-61047-011_3458109952-61047-012,Rooming,NA,USA,NA,NA,NA,NA,NA,NA,NA,NA,NA,,,USA,NA,NA,NA,NA,NA,NA,NA,NA,NA,NA,NA,Head,NA,NA,NA,NA,NA,NA,NA,NA,NA,NA,NA,47,NA,NA,NA,NA,NA,NA,NA,NA,NA,NA,NA,1,NA,0,0,NA,NA,312,NA,312,NA,NA,NA,NA,NA
3458109952-61047-013_3458109952-61047-014,NA,2,PR,PR,USA,PR,NA,NA,NA,NA,NA,NA,,,PR,PR,USA,PR,NA,NA,NA,NA,NA,NA,NA,NA,Head,Wife,Daughter,Daughter,NA,NA,NA,NA,NA,NA,NA,NA,28,26,1,9,NA,NA,NA,NA,NA,NA,NA,NA,4,Puerto Rican,1,4,NA,7,NA,1560,NA,NA,NA,2,2,1.51 or more
3458109952-61047-015_3458109952-61047-016,NA,4,PR,PR,USA,PR,NA,NA,NA,NA,NA,NA,,,PR,PR,USA,PR,NA,NA,NA,NA,NA,NA,NA,NA,Head,Wife,Daughter,Daughter,NA,NA,NA,NA,NA,NA,NA,NA,28,26,1,9,NA,NA,NA,NA,NA,NA,NA,NA,4,NA,1,4,NA,NA,414,NA,414,NA,NA,4,1,1.00 or less
3458109952-61047-017_3458109952-61047-018,Rooming,1,PR,PR,USA,USA,USA,USA,NA,NA,NA,NA,,,PR,PR,USA,USA,USA,USA,NA,NA,NA,NA,NA,NA,Head,Wife,Daughter,Daughter,Son,Son,NA,NA,NA,NA,NA,NA,34,31,6,5,3,2,NA,NA,NA,NA,NA,NA,6,Puerto Rican,1,6,0.583333333,6,676,2548,676,26.53061224,26.53061224,1,6,1.51 or more
3458109952-61047-019_3458109952-61047-020,NA,2,PR,PR,USA,USA,USA,NA,NA,NA,NA,NA,,,PR,PR,USA,USA,USA,NA,NA,NA,NA,NA,NA,NA,Head,Wife,Son,Daughter,Son,NA,NA,NA,NA,NA,NA,NA,NA,32,6,4,2,NA,NA,NA,NA,NA,NA,NA,5,Puerto Rican,1,5,NA,1,988,2496,988,39.58333333,39.58333333,2,2.5,1.51 or more
3458109952-61047-021_3458109952-61047-022,Rooming,2.5,PR,USA,USA,USA,NA,NA,NA,NA,NA,NA,,,PR,USA,USA,USA,NA,NA,NA,NA,NA,NA,NA,NA,H,Son,Daughter,Daughter,NA,NA,NA,NA,NA,NA,NA,NA,31,4,2,1,NA,NA,NA,NA,NA,NA,NA,NA,4,Puerto Rican,1,4,0.416666667,5,1039.92,NA,1039.92,NA,NA,2.5,1.6,1.51 or more
3458109952-61047-023_3458109952-61047-024,Rooming,1.5,PR,PR,NA,NA,NA,NA,NA,NA,NA,NA,,,PR,PR,NA,NA,NA,NA,NA,NA,NA,NA,NA,NA,Head,Son,NA,NA,NA,NA,NA,NA,NA,NA,NA,NA,NA,19,NA,NA,NA,NA,NA,NA,NA,NA,NA,NA,2,NA,1,2,NA,NA,728,1768,728,41.17647059,41.17647059,1.5,1.333333333,1.01 to 1.50
3458109952-61047-025_3458109952-61047-026,NA,NA,PR,PR,NA,NA,NA,NA,NA,NA,NA,NA,,,PR,PR,NA,NA,NA,NA,NA,NA,NA,NA,NA,NA,Head,Daughter,NA,NA,NA,NA,NA,NA,NA,NA,NA,NA,54,12,NA,NA,NA,NA,NA,NA,NA,NA,NA,NA,2,NA,1,2,1,12,1040,NA,1040,NA,NA,NA,NA,NA
3458109952-61047-027_3458109952-61047-028,Rooming,1,NA,NA,NA,NA,NA,NA,NA,NA,NA,NA,,,NA,NA,NA,NA,NA,NA,NA,NA,NA,NA,NA,NA,NA,NA,NA,NA,NA,NA,NA,NA,NA,NA,NA,NA,NA,NA,NA,NA,NA,NA,NA,NA,NA,NA,NA,NA,NA,NA,0,NA,NA,NA,NA,NA,NA,NA,NA,NA,NA,NA
3458109952-61047-029_3458109952-61047-030,Rooming,NA,NA,NA,NA,NA,NA,NA,NA,NA,NA,NA,,,NA,NA,NA,NA,NA,NA,NA,NA,NA,NA,NA,NA,NA,NA,NA,NA,NA,NA,NA,NA,NA,NA,NA,NA,NA,NA,NA,NA,NA,NA,NA,NA,NA,NA,NA,NA,NA,NA,0,NA,NA,NA,NA,NA,NA,NA,NA,NA,NA,NA
3458109952-61047-031_3458109952-61047-032,Rooming,1,NA,NA,NA,NA,NA,NA,NA,NA,NA,NA,,,NA,NA,NA,NA,NA,NA,NA,NA,NA,NA,NA,NA,NA,NA,NA,NA,NA,NA,NA,NA,NA,NA,NA,NA,NA,NA,NA,NA,NA,NA,NA,NA,NA,NA,NA,NA,NA,NA,0,NA,NA,NA,NA,NA,NA,NA,NA,NA,NA,NA
3458109952-61047-033_3458109952-61047-034,Rooming,1,NA,NA,NA,NA,NA,NA,NA,NA,NA,NA,,,NA,NA,NA,NA,NA,NA,NA,NA,NA,NA,NA,NA,NA,NA,NA,NA,NA,NA,NA,NA,NA,NA,NA,NA,NA,NA,NA,NA,NA,NA,NA,NA,NA,NA,NA,NA,NA,NA,0,NA,NA,NA,NA,NA,NA,NA,NA,NA,NA,NA
3458110245-61048-001_3458110245-61048-002,Apartment,1.5,USA,NA,NA,NA,NA,NA,NA,NA,NA,NA,,,USA,NA,NA,NA,NA,NA,NA,NA,NA,NA,NA,NA,H,NA,NA,NA,NA,NA,NA,NA,NA,NA,NA,NA,36,NA,NA,NA,NA,NA,NA,NA,NA,NA,NA,NA,1,Negro,0,0,5,5,900,10400,1020,8.653846154,9.807692308,1.5,0.666666667,1.00 or less
3458110245-61048-003_3458110245-61048-004,Apartment,2,USA,NA,NA,NA,NA,NA,NA,NA,NA,NA,,,USA,NA,NA,NA,NA,NA,NA,NA,NA,NA,NA,NA,Head,NA,NA,NA,NA,NA,NA,NA,NA,NA,NA,NA,70,NA,NA,NA,NA,NA,NA,NA,NA,NA,NA,NA,1,Negro,0,0,0.25,70,900,NA,960,NA,NA,2,0.5,1.00 or less
3458110245-61048-005_3458110245-61048-006,Apartment,2.5,USA,USA,USA,NA,NA,NA,NA,NA,NA,NA,,,USA,USA,USA,NA,NA,NA,NA,NA,NA,NA,NA,NA,Head,Wife,Son,NA,NA,NA,NA,NA,NA,NA,NA,NA,41,44,15,NA,NA,NA,NA,NA,NA,NA,NA,NA,3,Negro,0,0,2,22,1080,NA,1176,NA,NA,2.5,1.2,1.01 to 1.50
3458110245-61048-007_3458110245-61048-008,NA,1.5,USA,NA,NA,NA,NA,NA,NA,NA,NA,NA,,,USA,NA,NA,NA,NA,NA,NA,NA,NA,NA,NA,NA,Head,NA,NA,NA,NA,NA,NA,NA,NA,NA,NA,NA,32,NA,NA,NA,NA,NA,NA,NA,NA,NA,NA,NA,1,Negro,0,0,5,5,1080,3640,1224,29.67032967,33.62637363,1.5,0.666666667,1.00 or less
3458110245-61048-009_3458110245-61048-010,Apartment,1.5,USA,USA,NA,NA,NA,NA,NA,NA,NA,NA,,,USA,USA,NA,NA,NA,NA,NA,NA,NA,NA,NA,NA,Husband,Wife,NA,NA,NA,NA,NA,NA,NA,NA,NA,NA,40,NA,NA,NA,NA,NA,NA,NA,NA,NA,NA,NA,2,NA,0,0,NA,NA,960,3640,960,26.37362637,26.37362637,1.5,1.333333333,1.01 to 1.50
3458110245-61048-011_3458110245-61048-012,NA,2.5,PR,PR,NA,NA,NA,NA,NA,NA,NA,NA,,,PR,PR,NA,NA,NA,NA,NA,NA,NA,NA,NA,NA,Head,Grand Son,NA,NA,NA,NA,NA,NA,NA,NA,NA,NA,59,8,NA,NA,NA,NA,NA,NA,NA,NA,NA,NA,2,NA,1,2,NA,NA,408.48,NA,408.48,NA,NA,2.5,0.8,1.00 or less
3458110245-61048-013_3458110245-61048-014,Apartment,1.5,Pakistan,USA,NA,NA,NA,NA,NA,NA,NA,NA,,,Asia,USA,NA,NA,NA,NA,NA,NA,NA,NA,NA,NA,Head,Wife,NA,NA,NA,NA,NA,NA,NA,NA,NA,NA,29,30,NA,NA,NA,NA,NA,NA,NA,NA,NA,NA,2,Negro,0,0,0.166666667,29,840,9696,933.6,8.663366337,9.628712871,1.5,1.333333333,1.01 to 1.50
3458110245-61048-015_3458110245-61048-016,Apartment,1.5,USA,USA,NA,NA,NA,NA,NA,NA,NA,NA,,,USA,USA,NA,NA,NA,NA,NA,NA,NA,NA,NA,NA,H,Friend,NA,NA,NA,NA,NA,NA,NA,NA,NA,NA,26,26,NA,NA,NA,NA,NA,NA,NA,NA,NA,NA,2,Negro,0,0,1,3,960,6036,960,15.90457256,15.90457256,1.5,1.333333333,1.01 to 1.50
3458110245-61048-017_3458110245-61048-018,Apartment,1.5,USA,USA,NA,NA,NA,NA,NA,NA,NA,NA,,,USA,USA,NA,NA,NA,NA,NA,NA,NA,NA,NA,NA,NA,NA,NA,NA,NA,NA,NA,NA,NA,NA,NA,NA,43,32,NA,NA,NA,NA,NA,NA,NA,NA,NA,NA,2,Negro,0,0,0.5,13,1080,7592,1170,14.22550053,15.4109589,1.5,1.333333333,1.01 to 1.50
3458110245-61048-019_3458110245-61048-020,Apartment,2.5,USA,NA,NA,NA,NA,NA,NA,NA,NA,NA,,,USA,NA,NA,NA,NA,NA,NA,NA,NA,NA,NA,NA,H,NA,NA,NA,NA,NA,NA,NA,NA,NA,NA,NA,31,NA,NA,NA,NA,NA,NA,NA,NA,NA,NA,NA,1,Negro,0,0,0.666666667,5.5,1080,3640,1080,29.67032967,29.67032967,2.5,0.4,1.00 or less
3458110245-61048-021_3458110245-61048-022,Apartment,1.5,USA,USA,NA,NA,NA,NA,NA,NA,NA,NA,,,USA,USA,NA,NA,NA,NA,NA,NA,NA,NA,NA,NA,H,Wife,NA,NA,NA,NA,NA,NA,NA,NA,NA,NA,40,32,NA,NA,NA,NA,NA,NA,NA,NA,NA,NA,2,Negro,0,0,2,10,840,NA,936,NA,NA,1.5,1.333333333,1.01 to 1.50
3458110635-61049-001_3458110635-61049-002,Rooming,1,NA,NA,NA,NA,NA,NA,NA,NA,NA,NA,,,NA,NA,NA,NA,NA,NA,NA,NA,NA,NA,NA,NA,NA,NA,NA,NA,NA,NA,NA,NA,NA,NA,NA,NA,NA,NA,NA,NA,NA,NA,NA,NA,NA,NA,NA,NA,NA,NA,0,NA,NA,NA,NA,NA,NA,NA,NA,NA,NA,NA
3458110635-61049-003_3458110635-61049-004,Rooming,1,NA,NA,NA,NA,NA,NA,NA,NA,NA,NA,,,NA,NA,NA,NA,NA,NA,NA,NA,NA,NA,NA,NA,H,NA,NA,NA,NA,NA,NA,NA,NA,NA,NA,NA,NA,NA,NA,NA,NA,NA,NA,NA,NA,NA,NA,NA,1,NA,0,0,NA,NA,NA,NA,NA,NA,NA,1,1,1.00 or less
3458110635-61049-005_3458110635-61049-006,Rooming,NA,NA,NA,NA,NA,NA,NA,NA,NA,NA,NA,,,NA,NA,NA,NA,NA,NA,NA,NA,NA,NA,NA,NA,H,NA,NA,NA,NA,NA,NA,NA,NA,NA,NA,NA,NA,NA,NA,NA,NA,NA,NA,NA,NA,NA,NA,NA,1,NA,0,0,NA,NA,NA,NA,NA,NA,NA,NA,NA,NA
3458110635-61049-007_3458110635-61049-008,Rooming,1,NA,NA,NA,NA,NA,NA,NA,NA,NA,NA,,,NA,NA,NA,NA,NA,NA,NA,NA,NA,NA,NA,NA,H,NA,NA,NA,NA,NA,NA,NA,NA,NA,NA,NA,NA,NA,NA,NA,NA,NA,NA,NA,NA,NA,NA,NA,1,NA,0,0,NA,NA,NA,NA,NA,NA,NA,1,1,1.00 or less
3458110635-61049-009_3458110635-61049-010,Rooming,1,NA,NA,NA,NA,NA,NA,NA,NA,NA,NA,,,NA,NA,NA,NA,NA,NA,NA,NA,NA,NA,NA,NA,H,NA,NA,NA,NA,NA,NA,NA,NA,NA,NA,NA,NA,NA,NA,NA,NA,NA,NA,NA,NA,NA,NA,NA,1,NA,0,0,NA,NA,NA,NA,NA,NA,NA,1,1,1.00 or less
3458110635-61049-011_3458110635-61049-012,Rooming,1,NA,NA,NA,NA,NA,NA,NA,NA,NA,NA,,,NA,NA,NA,NA,NA,NA,NA,NA,NA,NA,NA,NA,NA,NA,NA,NA,NA,NA,NA,NA,NA,NA,NA,NA,NA,NA,NA,NA,NA,NA,NA,NA,NA,NA,NA,NA,NA,NA,0,NA,NA,NA,NA,NA,NA,NA,NA,NA,NA,NA
3458110635-61049-013_3458110635-61049-014,Rooming,1,NA,NA,NA,NA,NA,NA,NA,NA,NA,NA,,,NA,NA,NA,NA,NA,NA,NA,NA,NA,NA,NA,NA,H,NA,NA,NA,NA,NA,NA,NA,NA,NA,NA,NA,NA,NA,NA,NA,NA,NA,NA,NA,NA,NA,NA,NA,1,NA,0,0,NA,NA,NA,NA,NA,NA,NA,1,1,1.00 or less
3458110635-61049-015_3458110635-61049-016,Rooming,NA,NA,NA,NA,NA,NA,NA,NA,NA,NA,NA,,,NA,NA,NA,NA,NA,NA,NA,NA,NA,NA,NA,NA,H,NA,NA,NA,NA,NA,NA,NA,NA,NA,NA,NA,NA,NA,NA,NA,NA,NA,NA,NA,NA,NA,NA,NA,1,NA,0,0,NA,NA,NA,NA,NA,NA,NA,NA,NA,NA
3458110635-61049-017_3458110635-61049-018,Rooming,1,NA,NA,NA,NA,NA,NA,NA,NA,NA,NA,,,NA,NA,NA,NA,NA,NA,NA,NA,NA,NA,NA,NA,NA,NA,NA,NA,NA,NA,NA,NA,NA,NA,NA,NA,NA,NA,NA,NA,NA,NA,NA,NA,NA,NA,NA,NA,NA,NA,0,NA,NA,NA,NA,NA,NA,NA,NA,NA,NA,NA
3458110635-61049-019_3458110635-61049-020,Rooming,1,NA,NA,NA,NA,NA,NA,NA,NA,NA,NA,,,NA,NA,NA,NA,NA,NA,NA,NA,NA,NA,NA,NA,H,NA,NA,NA,NA,NA,NA,NA,NA,NA,NA,NA,NA,NA,NA,NA,NA,NA,NA,NA,NA,NA,NA,NA,1,NA,0,0,NA,NA,NA,NA,NA,NA,NA,1,1,1.00 or less
3458110635-61049-021_3458110635-61049-022,Rooming,1,NA,NA,NA,NA,NA,NA,NA,NA,NA,NA,,,NA,NA,NA,NA,NA,NA,NA,NA,NA,NA,NA,NA,NA,NA,NA,NA,NA,NA,NA,NA,NA,NA,NA,NA,NA,NA,NA,NA,NA,NA,NA,NA,NA,NA,NA,NA,NA,NA,0,NA,NA,NA,NA,NA,NA,NA,NA,NA,NA,NA
3458110635-61049-023_3458110635-61049-024,Rooming,1,NA,NA,NA,NA,NA,NA,NA,NA,NA,NA,,,NA,NA,NA,NA,NA,NA,NA,NA,NA,NA,NA,NA,H,NA,NA,NA,NA,NA,NA,NA,NA,NA,NA,NA,NA,NA,NA,NA,NA,NA,NA,NA,NA,NA,NA,NA,1,NA,0,0,NA,NA,NA,NA,NA,NA,NA,1,1,1.00 or less
3458110635-61049-025_3458110635-61049-026,Rooming,1,NA,NA,NA,NA,NA,NA,NA,NA,NA,NA,,,NA,NA,NA,NA,NA,NA,NA,NA,NA,NA,NA,NA,NA,NA,NA,NA,NA,NA,NA,NA,NA,NA,NA,NA,NA,NA,NA,NA,NA,NA,NA,NA,NA,NA,NA,NA,NA,NA,0,NA,NA,NA,NA,NA,NA,NA,NA,NA,NA,NA
3458110635-61049-027_3458110635-61049-028,Rooming,NA,NA,NA,NA,NA,NA,NA,NA,NA,NA,NA,,,NA,NA,NA,NA,NA,NA,NA,NA,NA,NA,NA,NA,H,NA,NA,NA,NA,NA,NA,NA,NA,NA,NA,NA,NA,NA,NA,NA,NA,NA,NA,NA,NA,NA,NA,NA,1,NA,0,0,NA,NA,NA,NA,NA,NA,NA,NA,NA,NA
3458110635-61049-029_3458110635-61049-030,Rooming,1,USA,NA,NA,NA,NA,NA,NA,NA,NA,NA,,,USA,NA,NA,NA,NA,NA,NA,NA,NA,NA,NA,NA,H,NA,NA,NA,NA,NA,NA,NA,NA,NA,NA,NA,21,NA,NA,NA,NA,NA,NA,NA,NA,NA,NA,NA,1,NA,0,0,NA,NA,NA,2860,NA,NA,NA,1,1,1.00 or less
3458110635-61049-031_3458110635-61049-032,Rooming,1,NA,NA,NA,NA,NA,NA,NA,NA,NA,NA,,,NA,NA,NA,NA,NA,NA,NA,NA,NA,NA,NA,NA,NA,NA,NA,NA,NA,NA,NA,NA,NA,NA,NA,NA,NA,NA,NA,NA,NA,NA,NA,NA,NA,NA,NA,NA,NA,NA,0,NA,NA,11,NA,NA,NA,NA,NA,NA,NA,NA
3458110635-61049-033_3458110635-61049-034,Rooming,1,USA,USA,USA,USA,USA,NA,NA,NA,NA,NA,,,USA,USA,USA,USA,USA,NA,NA,NA,NA,NA,NA,NA,H,Wife,Son,Daughter,Son,NA,NA,NA,NA,NA,NA,NA,33,25,7,6,0,NA,NA,NA,NA,NA,NA,NA,5,Negro,0,0,0.41,33,NA,3712.8,NA,NA,NA,1,5,1.51 or more
3458110635-61049-035_3458110635-61049-036,Rooming,1,NA,NA,NA,NA,NA,NA,NA,NA,NA,NA,,,NA,NA,NA,NA,NA,NA,NA,NA,NA,NA,NA,NA,NA,NA,NA,NA,NA,NA,NA,NA,NA,NA,NA,NA,NA,NA,NA,NA,NA,NA,NA,NA,NA,NA,NA,NA,NA,NA,0,NA,NA,NA,NA,NA,NA,NA,NA,NA,NA,NA
3458110635-61049-037_3458110635-61049-038,Rooming,NA,USA,USA,USA,NA,NA,NA,NA,NA,NA,NA,,,USA,USA,USA,NA,NA,NA,NA,NA,NA,NA,NA,NA,H,Son,Daughter,NA,NA,NA,NA,NA,NA,NA,NA,NA,26,3,1,NA,NA,NA,NA,NA,NA,NA,NA,NA,3,NA,0,0,2,2,NA,2340,NA,NA,NA,NA,NA,NA
3458110635-61049-039_3458110635-61049-040,Rooming,1,USA,USA,NA,NA,NA,NA,NA,NA,NA,NA,,,USA,USA,NA,NA,NA,NA,NA,NA,NA,NA,NA,NA,HF,Son,NA,NA,NA,NA,NA,NA,NA,NA,NA,NA,29,1,NA,NA,NA,NA,NA,NA,NA,NA,NA,NA,2,NA,0,0,4,13,936,2080,936,45,45,1,2,1.51 or more
3458110635-61049-041_3458110635-61049-042,Rooming,1,NA,NA,NA,NA,NA,NA,NA,NA,NA,NA,,,NA,NA,NA,NA,NA,NA,NA,NA,NA,NA,NA,NA,H,NA,NA,NA,NA,NA,NA,NA,NA,NA,NA,NA,NA,NA,NA,NA,NA,NA,NA,NA,NA,NA,NA,NA,1,NA,0,0,NA,NA,NA,NA,NA,NA,NA,1,1,1.00 or less
3458110635-61049-043_3458110635-61049-044,Apartment,NA,USA,USA,USA,NA,NA,NA,NA,NA,NA,NA,,,USA,USA,USA,NA,NA,NA,NA,NA,NA,NA,NA,NA,H,Wife,Mother,NA,NA,NA,NA,NA,NA,NA,NA,NA,47,47,63,NA,NA,NA,NA,NA,NA,NA,NA,NA,3,NA,0,0,2,20,780,2600,780,30,30,NA,NA,NA
3458110635-61049-045_3458110635-61049-046,Rooming,1,USA,USA,NA,NA,NA,NA,NA,NA,NA,NA,,,USA,USA,NA,NA,NA,NA,NA,NA,NA,NA,NA,NA,Head,Daughter,NA,NA,NA,NA,NA,NA,NA,NA,NA,NA,34,9,NA,NA,NA,NA,NA,NA,NA,NA,NA,NA,2,Negro,0,0,2,38,NA,NA,NA,NA,NA,1,2,1.51 or more
3458110635-61049-047_3458110635-61049-048,Rooming,1,USA,USA,NA,NA,NA,NA,NA,NA,NA,NA,,,USA,USA,NA,NA,NA,NA,NA,NA,NA,NA,NA,NA,H,Wife,NA,NA,NA,NA,NA,NA,NA,NA,NA,NA,27,23,NA,NA,NA,NA,NA,NA,NA,NA,NA,NA,2,Negro,0,0,NA,14,NA,4420,NA,NA,NA,1,2,1.51 or more
3458110635-61049-049_3458110635-61049-050,Rooming,1,NA,NA,NA,NA,NA,NA,NA,NA,NA,NA,,,NA,NA,NA,NA,NA,NA,NA,NA,NA,NA,NA,NA,H,NA,NA,NA,NA,NA,NA,NA,NA,NA,NA,NA,NA,NA,NA,NA,NA,NA,NA,NA,NA,NA,NA,NA,1,NA,0,0,NA,NA,NA,NA,NA,NA,NA,1,1,1.00 or less
3458110635-61049-051_3458110635-61049-052,Rooming,NA,NA,NA,NA,NA,NA,NA,NA,NA,NA,NA,,,NA,NA,NA,NA,NA,NA,NA,NA,NA,NA,NA,NA,NA,NA,NA,NA,NA,NA,NA,NA,NA,NA,NA,NA,NA,NA,NA,NA,NA,NA,NA,NA,NA,NA,NA,NA,NA,NA,0,NA,NA,NA,NA,NA,NA,NA,NA,NA,NA,NA
3458110635-61049-053_3458110635-61049-054,NA,1,NA,NA,NA,NA,NA,NA,NA,NA,NA,NA,,,NA,NA,NA,NA,NA,NA,NA,NA,NA,NA,NA,NA,H,Wife,NA,NA,NA,NA,NA,NA,NA,NA,NA,NA,NA,NA,NA,NA,NA,NA,NA,NA,NA,NA,NA,NA,2,NA,0,0,NA,NA,NA,NA,NA,NA,NA,1,2,1.51 or more
3458110635-61049-055_3458110635-61049-056,Rooming,3.5,USA,NA,NA,NA,NA,NA,NA,NA,NA,NA,,,USA,NA,NA,NA,NA,NA,NA,NA,NA,NA,NA,NA,Head,Sister,Sister,NA,NA,NA,NA,NA,NA,NA,NA,NA,25,NA,NA,NA,NA,NA,NA,NA,NA,NA,NA,NA,3,NA,0,0,NA,NA,NA,2600,NA,NA,NA,3.5,0.857142857,1.00 or less
3458110635-61049-057_3458110635-61049-058,Rooming,1,NA,NA,NA,NA,NA,NA,NA,NA,NA,NA,,,NA,NA,NA,NA,NA,NA,NA,NA,NA,NA,NA,NA,H,NA,NA,NA,NA,NA,NA,NA,NA,NA,NA,NA,NA,NA,NA,NA,NA,NA,NA,NA,NA,NA,NA,NA,1,NA,0,0,3,NA,780,NA,780,NA,NA,1,1,1.00 or less
3458110635-61049-059_3458110635-61049-060,Rooming,1,NA,NA,NA,NA,NA,NA,NA,NA,NA,NA,,,NA,NA,NA,NA,NA,NA,NA,NA,NA,NA,NA,NA,H,NA,NA,NA,NA,NA,NA,NA,NA,NA,NA,NA,NA,NA,NA,NA,NA,NA,NA,NA,NA,NA,NA,NA,1,NA,0,0,NA,NA,NA,NA,NA,NA,NA,1,1,1.00 or less
3458110635-61049-061_3458110635-61049-062,Rooming,1,NA,NA,NA,NA,NA,NA,NA,NA,NA,NA,,,NA,NA,NA,NA,NA,NA,NA,NA,NA,NA,NA,NA,H,NA,NA,NA,NA,NA,NA,NA,NA,NA,NA,NA,NA,NA,NA,NA,NA,NA,NA,NA,NA,NA,NA,NA,1,NA,0,0,1.5,3,NA,NA,NA,NA,NA,1,1,1.00 or less
3458110635-61049-063_3458110635-61049-064,Rooming,1,NA,NA,NA,NA,NA,NA,NA,NA,NA,NA,,,NA,NA,NA,NA,NA,NA,NA,NA,NA,NA,NA,NA,NA,NA,NA,NA,NA,NA,NA,NA,NA,NA,NA,NA,NA,NA,NA,NA,NA,NA,NA,NA,NA,NA,NA,NA,NA,NA,0,NA,NA,NA,NA,NA,NA,NA,NA,NA,NA,NA
3458110635-61049-065_3458110635-61049-066,Rooming,2,NA,USA,USA,USA,NA,NA,NA,NA,NA,NA,,,NA,USA,USA,USA,NA,NA,NA,NA,NA,NA,NA,NA,H,Wife,Daughter,Son,NA,NA,NA,NA,NA,NA,NA,NA,NA,18,3,1,NA,NA,NA,NA,NA,NA,NA,NA,4,NA,0,0,NA,NA,864,NA,864,NA,NA,2,2,1.51 or more
3458110635-61049-067_3458110635-61049-068,Rooming,1,USA,NA,NA,NA,NA,NA,NA,NA,NA,NA,,,USA,NA,NA,NA,NA,NA,NA,NA,NA,NA,NA,NA,H,Wife,NA,NA,NA,NA,NA,NA,NA,NA,NA,NA,48,46,NA,NA,NA,NA,NA,NA,NA,NA,NA,NA,2,NA,0,0,NA,NA,NA,NA,NA,NA,NA,1,2,1.51 or more
3458110635-61049-069_3458110635-61049-070,Rooming,1,NA,NA,NA,NA,NA,NA,NA,NA,NA,NA,,,NA,NA,NA,NA,NA,NA,NA,NA,NA,NA,NA,NA,H,Daughter,Son,Son,NA,NA,NA,NA,NA,NA,NA,NA,NA,NA,NA,NA,NA,NA,NA,NA,NA,NA,NA,NA,4,NA,0,0,NA,NA,1040,NA,1040,NA,NA,1,4,1.51 or more
3458110635-61049-071_3458110635-61049-072,Rooming,1,USA,USA,USA,USA,USA,NA,NA,NA,NA,NA,,,USA,USA,USA,USA,USA,NA,NA,NA,NA,NA,NA,NA,Head,Wife,Daughter,Son,Daughter,NA,NA,NA,NA,NA,NA,NA,35,27,5,3,1,NA,NA,NA,NA,NA,NA,NA,5,Negro,0,0,2,6,NA,2704,NA,NA,NA,1,5,1.51 or more
3458110635-61049-073_3458110635-61049-074,Rooming,2.5,NA,NA,NA,NA,NA,NA,NA,NA,NA,NA,,,NA,NA,NA,NA,NA,NA,NA,NA,NA,NA,NA,NA,H,Daughter,NA,NA,NA,NA,NA,NA,NA,NA,NA,NA,28,18,NA,NA,NA,NA,NA,NA,NA,NA,NA,NA,2,NA,0,0,NA,NA,NA,2600,NA,NA,NA,2.5,0.8,1.00 or less
3458110635-61049-075_3458110635-61049-076,Rooming,1,NA,NA,NA,NA,NA,NA,NA,NA,NA,NA,,,NA,NA,NA,NA,NA,NA,NA,NA,NA,NA,NA,NA,H,Wife,NA,NA,NA,NA,NA,NA,NA,NA,NA,NA,NA,NA,NA,NA,NA,NA,NA,NA,NA,NA,NA,NA,2,NA,0,0,NA,NA,NA,NA,NA,NA,NA,1,2,1.51 or more
3458110635-61049-077_3458110635-61049-078,Rooming,1,USA,USA,USA,USA,USA,USA,NA,NA,NA,NA,,,USA,USA,USA,USA,USA,USA,NA,NA,NA,NA,NA,NA,HF,Son,Daughter,Son,Son,Son,NA,NA,NA,NA,NA,NA,NA,23,16,17,14,18,NA,NA,NA,NA,NA,NA,6,Negro,0,0,1,23,NA,3840,NA,NA,NA,1,6,1.51 or more
3458110635-61049-079_3458110635-61049-080,Rooming,2,USA,USA,USA,USA,USA,USA,USA,USA,NA,NA,,,USA,USA,USA,USA,USA,USA,USA,USA,NA,NA,NA,NA,NA,Wife,Son,Son,Daughter,Daughter,Son,Son,NA,NA,NA,NA,44,35,13,11,9,8,2,2,NA,NA,NA,NA,8,NA,0,0,2,14,NA,NA,NA,NA,NA,2,4,1.51 or more
3458110635-61049-081_3458110635-61049-082,Rooming,2,USA,USA,USA,USA,USA,USA,USA,USA,NA,NA,,,USA,USA,USA,USA,USA,USA,USA,USA,NA,NA,NA,NA,H,Wife,Son,Son,Daughter,Daughter,Son,Son,NA,NA,NA,NA,44,35,13,11,9,8,2,1,NA,NA,NA,NA,8,Negro,0,0,2,14,NA,NA,NA,NA,NA,2,4,1.51 or more
3458110635-61049-083_3458110635-61049-084,Rooming,1,USA,USA,USA,NA,NA,NA,NA,NA,NA,NA,,,USA,USA,USA,NA,NA,NA,NA,NA,NA,NA,NA,NA,Head,Daughter,Daughter,NA,NA,NA,NA,NA,NA,NA,NA,NA,29,6,1,NA,NA,NA,NA,NA,NA,NA,NA,NA,3,Negro,0,0,1,NA,NA,NA,NA,NA,NA,1,3,1.51 or more
3458110635-61049-085_3458110635-61049-086,Rooming,1,USA,USA,NA,NA,NA,NA,NA,NA,NA,NA,,,USA,USA,NA,NA,NA,NA,NA,NA,NA,NA,NA,NA,H,Wife,NA,NA,NA,NA,NA,NA,NA,NA,NA,NA,36,24,NA,NA,NA,NA,NA,NA,NA,NA,NA,NA,2,Negro,0,0,0.83,18,1143.96,5824,1143.96,19.64217033,19.64217033,1,2,1.51 or more
3458110635-61049-087_3458110635-61049-088,Rooming,1,USA,USA,NA,NA,NA,NA,NA,NA,NA,NA,,,USA,USA,NA,NA,NA,NA,NA,NA,NA,NA,NA,NA,Head,Wife,NA,NA,NA,NA,NA,NA,NA,NA,NA,NA,44,45,NA,NA,NA,NA,NA,NA,NA,NA,NA,NA,2,Negro,0,0,3,7,NA,3328,NA,NA,NA,1,2,1.51 or more
3458110635-61049-089_3458110635-61049-090,Rooming,1,USA,USA,NA,NA,NA,NA,NA,NA,NA,NA,,,USA,USA,NA,NA,NA,NA,NA,NA,NA,NA,NA,NA,H,Father,NA,NA,NA,NA,NA,NA,NA,NA,NA,NA,39,4,NA,NA,NA,NA,NA,NA,NA,NA,NA,NA,2,NA,0,0,2.5,NA,NA,NA,NA,NA,NA,1,2,1.51 or more
3458110635-61049-091_3458110635-61049-092,Rooming,NA,USA,NA,NA,NA,NA,NA,NA,NA,NA,NA,,,USA,NA,NA,NA,NA,NA,NA,NA,NA,NA,NA,NA,Head,Friend,NA,NA,NA,NA,NA,NA,NA,NA,NA,NA,34,40,NA,NA,NA,NA,NA,NA,NA,NA,NA,NA,2,NA,0,0,NA,8,NA,5460,NA,NA,NA,NA,NA,NA
3458110635-61049-093_3458110635-61049-094,Rooming,1,USA,USA,NA,NA,NA,NA,NA,NA,NA,NA,,,USA,USA,NA,NA,NA,NA,NA,NA,NA,NA,NA,NA,Woman,Woman,NA,NA,NA,NA,NA,NA,NA,NA,NA,NA,49,34,NA,NA,NA,NA,NA,NA,NA,NA,NA,NA,2,Negro,0,0,0.33,NA,NA,1144,NA,NA,NA,1,2,1.51 or more
3458110635-61049-095_3458110635-61049-096,Rooming,1,USA,USA,NA,NA,NA,NA,NA,NA,NA,NA,,,USA,USA,NA,NA,NA,NA,NA,NA,NA,NA,NA,NA,H,Wife,NA,NA,NA,NA,NA,NA,NA,NA,NA,NA,24,23,NA,NA,NA,NA,NA,NA,NA,NA,NA,NA,2,Negro,0,0,NA,NA,NA,1144,NA,NA,NA,1,2,1.51 or more
3458110635-61049-097_3458110635-61049-098,Rooming,1,NA,NA,NA,NA,NA,NA,NA,NA,NA,NA,,,NA,NA,NA,NA,NA,NA,NA,NA,NA,NA,NA,NA,H,NA,NA,NA,NA,NA,NA,NA,NA,NA,NA,NA,NA,NA,NA,NA,NA,NA,NA,NA,NA,NA,NA,NA,1,NA,0,0,NA,NA,NA,NA,NA,NA,NA,1,1,1.00 or less
3458110635-61049-099_3458110635-61049-100,Rooming,NA,USA,USA,USA,USA,NA,NA,NA,NA,NA,NA,,,USA,USA,USA,USA,NA,NA,NA,NA,NA,NA,NA,NA,H,Wife,Son,Son,NA,NA,NA,NA,NA,NA,NA,NA,23,25,2,1,NA,NA,NA,NA,NA,NA,NA,NA,4,NA,0,0,2.5,2,NA,2600,NA,NA,NA,NA,NA,NA
3458110635-61049-101_3458110635-61049-102,Rooming,1,NA,NA,NA,NA,NA,NA,NA,NA,NA,NA,,,NA,NA,NA,NA,NA,NA,NA,NA,NA,NA,NA,NA,H,Son,Daughter,Son,NA,NA,NA,NA,NA,NA,NA,NA,NA,NA,NA,NA,NA,NA,NA,NA,NA,NA,NA,NA,4,NA,0,0,NA,NA,NA,NA,NA,NA,NA,1,4,1.51 or more
3458110635-61049-103_3458110635-61049-104,Rooming,1,NA,NA,NA,NA,NA,NA,NA,NA,NA,NA,,,NA,NA,NA,NA,NA,NA,NA,NA,NA,NA,NA,NA,H,Son,NA,NA,NA,NA,NA,NA,NA,NA,NA,NA,NA,8,NA,NA,NA,NA,NA,NA,NA,NA,NA,NA,2,NA,0,0,NA,NA,NA,NA,NA,NA,NA,1,2,1.51 or more
3458110635-61049-105_3458110635-61049-106,NA,NA,USA,USA,NA,NA,NA,NA,NA,NA,NA,NA,,,USA,USA,NA,NA,NA,NA,NA,NA,NA,NA,NA,NA,Head,Wife,NA,NA,NA,NA,NA,NA,NA,NA,NA,NA,48,48,NA,NA,NA,NA,NA,NA,NA,NA,NA,NA,2,NA,0,0,3.5,20,NA,2860,NA,NA,NA,NA,NA,NA
3458110635-61049-107_3458110635-61049-108,Rooming,1,NA,NA,NA,NA,NA,NA,NA,NA,NA,NA,,,NA,NA,NA,NA,NA,NA,NA,NA,NA,NA,NA,NA,NA,NA,NA,NA,NA,NA,NA,NA,NA,NA,NA,NA,NA,NA,NA,NA,NA,NA,NA,NA,NA,NA,NA,NA,NA,NA,0,NA,NA,NA,NA,NA,NA,NA,NA,NA,NA,NA
3458110635-61049-109_3458110635-61049-110,Rooming,1,NA,NA,NA,NA,NA,NA,NA,NA,NA,NA,,,NA,NA,NA,NA,NA,NA,NA,NA,NA,NA,NA,NA,H,NA,NA,NA,NA,NA,NA,NA,NA,NA,NA,NA,NA,NA,NA,NA,NA,NA,NA,NA,NA,NA,NA,NA,1,NA,0,0,NA,NA,NA,NA,NA,NA,NA,1,1,1.00 or less
3458110635-61049-111_3458110635-61049-112,Rooming,1,NA,NA,NA,NA,NA,NA,NA,NA,NA,NA,,,NA,NA,NA,NA,NA,NA,NA,NA,NA,NA,NA,NA,H,NA,NA,NA,NA,NA,NA,NA,NA,NA,NA,NA,NA,NA,NA,NA,NA,NA,NA,NA,NA,NA,NA,NA,1,NA,0,0,NA,NA,NA,NA,NA,NA,NA,1,1,1.00 or less
3458110635-61049-113_3458110635-61049-114,Rooming,1,USA,USA,NA,NA,NA,NA,NA,NA,NA,NA,,,USA,USA,NA,NA,NA,NA,NA,NA,NA,NA,NA,NA,H,Wife,NA,NA,NA,NA,NA,NA,NA,NA,NA,NA,44,39,NA,NA,NA,NA,NA,NA,NA,NA,NA,NA,2,Negro,0,0,5.5,11,NA,5356,NA,NA,NA,1,2,1.51 or more
3458110635-61049-115_3458110635-61049-116,Rooming,1,NA,NA,NA,NA,NA,NA,NA,NA,NA,NA,,,NA,NA,NA,NA,NA,NA,NA,NA,NA,NA,NA,NA,NA,NA,NA,NA,NA,NA,NA,NA,NA,NA,NA,NA,NA,NA,NA,NA,NA,NA,NA,NA,NA,NA,NA,NA,NA,NA,0,NA,NA,NA,NA,NA,NA,NA,NA,NA,NA,NA
3458110635-61049-117_3458110635-61049-118,Rooming,1,NA,NA,NA,NA,NA,NA,NA,NA,NA,NA,,,NA,NA,NA,NA,NA,NA,NA,NA,NA,NA,NA,NA,H,NA,NA,NA,NA,NA,NA,NA,NA,NA,NA,NA,NA,NA,NA,NA,NA,NA,NA,NA,NA,NA,NA,NA,1,NA,0,0,NA,NA,NA,NA,NA,NA,NA,1,1,1.00 or less
3458110635-61049-119_3458110635-61049-120,Rooming,1,USA,USA,USA,NA,NA,NA,NA,NA,NA,NA,,,USA,USA,USA,NA,NA,NA,NA,NA,NA,NA,NA,NA,H,Wife,Son,NA,NA,NA,NA,NA,NA,NA,NA,NA,28,24,1,NA,NA,NA,NA,NA,NA,NA,NA,NA,3,NA,0,0,1,5,NA,3380,NA,NA,NA,1,3,1.51 or more
3458110635-61049-121_3458110635-61049-122,Rooming,1,NA,NA,NA,NA,NA,NA,NA,NA,NA,NA,,,NA,NA,NA,NA,NA,NA,NA,NA,NA,NA,NA,NA,NA,NA,NA,NA,NA,NA,NA,NA,NA,NA,NA,NA,NA,NA,NA,NA,NA,NA,NA,NA,NA,NA,NA,NA,NA,NA,0,NA,NA,NA,NA,NA,NA,NA,NA,NA,NA,NA
3458110635-61049-123_3458110635-61049-124,Rooming,1,NA,NA,NA,NA,NA,NA,NA,NA,NA,NA,,,NA,NA,NA,NA,NA,NA,NA,NA,NA,NA,NA,NA,H,NA,NA,NA,NA,NA,NA,NA,NA,NA,NA,NA,NA,NA,NA,NA,NA,NA,NA,NA,NA,NA,NA,NA,1,NA,0,0,NA,NA,NA,NA,NA,NA,NA,1,1,1.00 or less
3458110635-61049-125_3458110635-61049-126,Rooming,1,NA,NA,NA,NA,NA,NA,NA,NA,NA,NA,,,NA,NA,NA,NA,NA,NA,NA,NA,NA,NA,NA,NA,H,NA,NA,NA,NA,NA,NA,NA,NA,NA,NA,NA,NA,NA,NA,NA,NA,NA,NA,NA,NA,NA,NA,NA,1,NA,0,0,NA,NA,NA,NA,NA,NA,NA,1,1,1.00 or less
3458110635-61049-127_3458110635-61049-128,Rooming,1,NA,NA,NA,NA,NA,NA,NA,NA,NA,NA,,,NA,NA,NA,NA,NA,NA,NA,NA,NA,NA,NA,NA,NA,NA,NA,NA,NA,NA,NA,NA,NA,NA,NA,NA,NA,NA,NA,NA,NA,NA,NA,NA,NA,NA,NA,NA,NA,NA,0,NA,NA,NA,NA,NA,NA,NA,NA,NA,NA,NA
3458110635-61049-129_3458110635-61049-130,Rooming,1,USA,USA,NA,NA,NA,NA,NA,NA,NA,NA,,,USA,USA,NA,NA,NA,NA,NA,NA,NA,NA,NA,NA,H,NA,NA,NA,NA,NA,NA,NA,NA,NA,NA,NA,24,20,NA,NA,NA,NA,NA,NA,NA,NA,NA,NA,2,NA,0,0,1.5,2.5,NA,6500,NA,NA,NA,1,2,1.51 or more
3458110635-61049-131_3458110635-61049-132,Rooming,1,USA,NA,NA,NA,NA,NA,NA,NA,NA,NA,,,USA,NA,NA,NA,NA,NA,NA,NA,NA,NA,NA,NA,Head,NA,NA,NA,NA,NA,NA,NA,NA,NA,NA,NA,20,NA,NA,NA,NA,NA,NA,NA,NA,NA,NA,NA,1,Negro,0,0,1,10,NA,NA,NA,NA,NA,1,1,1.00 or less
3458110635-61049-133_3458110635-61049-134,NA,NA,USA,USA,USA,NA,NA,NA,NA,NA,NA,NA,,,USA,USA,USA,NA,NA,NA,NA,NA,NA,NA,NA,NA,Head,Wife,Daughter,NA,NA,NA,NA,NA,NA,NA,NA,NA,33,20,13,NA,NA,NA,NA,NA,NA,NA,NA,NA,3,NA,0,0,1.5,29,1104,4680,1104,23.58974359,23.58974359,NA,NA,NA
3458129566-61050-001_3458129566-61050-002,NA,3,NA,NA,NA,NA,NA,NA,NA,NA,NA,NA,,,NA,NA,NA,NA,NA,NA,NA,NA,NA,NA,NA,NA,H,Wife,NA,NA,NA,NA,NA,NA,NA,NA,NA,NA,NA,NA,NA,NA,NA,NA,NA,NA,NA,NA,NA,NA,2,NA,0,0,NA,NA,NA,NA,NA,NA,NA,3,0.666666667,1.00 or less
3458129566-61050-003_3458129566-61050-004,NA,4,USA,USA,USA,NA,NA,NA,NA,NA,NA,NA,,,USA,USA,USA,NA,NA,NA,NA,NA,NA,NA,NA,NA,H,Son,Son,NA,NA,NA,NA,NA,NA,NA,NA,NA,48,15,10,NA,NA,NA,NA,NA,NA,NA,NA,NA,3,NA,0,0,NA,NA,NA,2600,NA,NA,NA,4,0.75,1.00 or less
3458129566-61050-005_3458129566-61050-006,Rooming,7.5,Spain,USA,USA,USA,NA,NA,NA,NA,NA,NA,,,Europe,USA,USA,USA,NA,NA,NA,NA,NA,NA,NA,NA,H,Wife,Son,Daughter,NA,NA,NA,NA,NA,NA,NA,NA,40,39,14,13,NA,NA,NA,NA,NA,NA,NA,NA,4,White,0,0,23,NA,666.6,6500,798.6,10.25538462,12.28615385,7.5,0.533333333,1.00 or less
3458129566-61050-007_3458129566-61050-008,Rooming,3,USA,USA,USA,USA,USA,USA,NA,NA,NA,NA,,,USA,USA,USA,USA,USA,USA,NA,NA,NA,NA,NA,NA,H,Wife,Daughter,Son,Daughter,Daughter,NA,NA,NA,NA,NA,NA,44,38,8,6,5,4,NA,NA,NA,NA,NA,NA,6,White,0,0,1,10,1584,NA,1584,NA,NA,3,2,1.51 or more
3458129566-61050-009_3458129566-61050-010,Rooming,2,PR,PR,PR,PR,PR,USA,NA,NA,NA,NA,,,PR,PR,PR,PR,PR,USA,NA,NA,NA,NA,NA,NA,H,Son,Son,Daughter,Daughter,Daughter,NA,NA,NA,NA,NA,NA,32,12,9,7,6,4,NA,NA,NA,NA,NA,NA,6,NA,1,6,5,NA,NA,NA,NA,NA,NA,2,3,1.51 or more
3458129566-61050-011_3458129566-61050-012,NA,2,PR,PR,PR,PR,PR,USA,NA,NA,NA,NA,,,PR,PR,PR,PR,PR,USA,NA,NA,NA,NA,NA,NA,H,Son,Son,Daughter,Daughter,Daughter,NA,NA,NA,NA,NA,NA,32,12,9,7,6,4,NA,NA,NA,NA,NA,NA,6,NA,1,6,5,NA,NA,NA,NA,NA,NA,2,3,1.51 or more
3458129566-61050-013_3458129566-61050-014,Rooming,3,USA,USA,USA,USA,USA,USA,USA,NA,NA,NA,,,USA,USA,USA,USA,USA,USA,USA,NA,NA,NA,NA,NA,H,Wife,Daughter,Daughter,Son,Son,Son,NA,NA,NA,NA,NA,51,34,8,7,5,4,3,NA,NA,NA,NA,NA,7,NA,0,0,1,25,NA,NA,NA,NA,NA,3,2.333333333,1.51 or more
3458129566-61050-015_3458129566-61050-016,Rooming,4,USA,USA,USA,USA,NA,NA,NA,NA,NA,NA,,,USA,USA,USA,USA,NA,NA,NA,NA,NA,NA,NA,NA,Mother,Daughter,Son,Son,NA,NA,NA,NA,NA,NA,NA,NA,39,16,15,14,NA,NA,NA,NA,NA,NA,NA,NA,4,Negro,0,0,2,3,NA,NA,NA,NA,NA,4,1,1.00 or less
3458129566-61050-017_3458129566-61050-018,Rooming,3,NA,NA,NA,NA,NA,NA,NA,NA,NA,NA,,,NA,NA,NA,NA,NA,NA,NA,NA,NA,NA,NA,NA,H,Wife,Daughter,Daughter,Son,Son,NA,NA,NA,NA,NA,NA,32,28,6,4,2,1,NA,NA,NA,NA,NA,NA,6,Negro,0,0,0.25,NA,NA,NA,NA,NA,NA,3,2,1.51 or more
3458129566-61050-019_3458129566-61050-020,Rooming,4,PR,PR,PR,PR,USA,USA,USA,NA,NA,NA,,,PR,PR,PR,PR,USA,USA,USA,NA,NA,NA,NA,NA,Mother,Daughter,Daughter,Daughter,Son,Daughter,Son,NA,NA,NA,NA,NA,35,18,15,12,9,7,5,NA,NA,NA,NA,NA,8,NA,1,8,2,12,NA,NA,NA,NA,NA,4,2,1.51 or more
3458129566-61050-021_3458129566-61050-022,Rooming,4,USA,USA,USA,USA,USA,NA,NA,NA,NA,NA,,,USA,USA,USA,USA,USA,NA,NA,NA,NA,NA,NA,NA,Mother,Daughter,Daughter,Cousin,Cousin,NA,NA,NA,NA,NA,NA,NA,NA,19,15,20,15,NA,NA,NA,NA,NA,NA,NA,5,Negro,0,0,1,NA,NA,2600,NA,NA,NA,4,1.25,1.01 to 1.50
3458129566-61050-023_3458129566-61050-024,NA,4,USA,USA,USA,USA,USA,NA,NA,NA,NA,NA,,,USA,USA,USA,USA,USA,NA,NA,NA,NA,NA,NA,NA,Head,Daughter,Daughter,Son,Son,NA,NA,NA,NA,NA,NA,NA,42,16,14,11,NA,NA,NA,NA,NA,NA,NA,NA,5,NA,0,0,NA,NA,NA,NA,NA,NA,NA,4,1.25,1.01 to 1.50
3458129566-61050-025_3458129566-61050-026,NA,89.32,PR,USA,USA,NA,NA,NA,NA,NA,NA,NA,,,PR,USA,USA,NA,NA,NA,NA,NA,NA,NA,NA,NA,NA,NA,NA,NA,NA,NA,NA,NA,NA,NA,NA,NA,51,11,4,14,NA,NA,NA,NA,NA,NA,NA,NA,4,NA,1,4,NA,NA,NA,NA,NA,NA,NA,89.32,0.044782803,1.00 or less
3458129566-61050-027_3458129566-61050-028,Rooming,NA,PR,USA,USA,USA,USA,USA,NA,NA,NA,NA,,,PR,USA,USA,USA,USA,USA,NA,NA,NA,NA,NA,NA,H,Daughter,Daughter,Grand Son,Grand Daughter,Grand Son,NA,NA,NA,NA,NA,NA,50,20,11,4,2,1,NA,NA,NA,NA,NA,NA,6,NA,1,6,1.5,23,NA,NA,NA,NA,NA,NA,NA,NA
3458129566-61050-029_3458129566-61050-030,Rooming,3,PR,PR,PR,PR,PR,NA,NA,NA,NA,NA,,,PR,PR,PR,PR,PR,NA,NA,NA,NA,NA,NA,NA,H,Wife,Daughter,Son,Son,NA,NA,NA,NA,NA,NA,NA,48,49,32,15,12,NA,NA,NA,NA,NA,NA,NA,5,Puerto Rican,1,5,2,3,NA,3120,NA,NA,NA,3,1.666666667,1.51 or more
3458129566-61050-031_3458129566-61050-032,NA,NA,PR,PR,NA,PR,PR,NA,NA,NA,NA,NA,,,PR,PR,NA,PR,PR,NA,NA,NA,NA,NA,NA,NA,Head,M,Father,Son,Son,NA,NA,NA,NA,NA,NA,NA,NA,NA,NA,13,14,NA,NA,NA,NA,NA,NA,NA,5,NA,1,5,NA,NA,NA,2600,NA,NA,NA,NA,NA,NA
3458129566-61050-033_3458129566-61050-034,Rooming,2,USA,USA,USA,USA,NA,NA,NA,NA,NA,NA,,,USA,USA,USA,USA,NA,NA,NA,NA,NA,NA,NA,NA,H,Wife,Daughter,Son,NA,NA,NA,NA,NA,NA,NA,NA,29,26,4,2,NA,NA,NA,NA,NA,NA,NA,NA,4,Negro,0,0,0.5,11,NA,5200,NA,NA,NA,2,2,1.51 or more
3458129566-61050-035_3458129566-61050-036,NA,3,USA,USA,NA,NA,NA,NA,NA,NA,NA,NA,,,USA,USA,NA,NA,NA,NA,NA,NA,NA,NA,NA,NA,Head,Wife,NA,NA,NA,NA,NA,NA,NA,NA,NA,NA,22,20,NA,NA,NA,NA,NA,NA,NA,NA,NA,NA,2,NA,0,0,2,5,NA,2808,NA,NA,NA,3,0.666666667,1.00 or less
3458129566-61050-037_3458129566-61050-038,Rooming,3,USA,USA,USA,USA,NA,NA,NA,NA,NA,NA,,,USA,USA,USA,USA,NA,NA,NA,NA,NA,NA,NA,NA,H,Wife,Aunt,Cousin,NA,NA,NA,NA,NA,NA,NA,NA,22,20,25,19,NA,NA,NA,NA,NA,NA,NA,NA,4,Negro,0,0,2,NA,NA,7488,NA,NA,NA,3,1.333333333,1.01 to 1.50
3458129566-61050-039_3458129566-61050-040,Rooming,4,USA,USA,NA,NA,NA,NA,NA,NA,NA,NA,,,USA,USA,NA,NA,NA,NA,NA,NA,NA,NA,NA,NA,H,M,NA,NA,NA,NA,NA,NA,NA,NA,NA,NA,NA,NA,NA,NA,NA,NA,NA,NA,NA,NA,NA,NA,2,NA,0,0,NA,NA,NA,2650,NA,NA,NA,4,0.5,1.00 or less
3458129566-61050-041_3458129566-61050-042,Rooming,3,USA,USA,NA,NA,NA,NA,NA,NA,NA,NA,,,USA,USA,NA,NA,NA,NA,NA,NA,NA,NA,NA,NA,Head,Wife,NA,NA,NA,NA,NA,NA,NA,NA,NA,NA,41,38,NA,NA,NA,NA,NA,NA,NA,NA,NA,NA,2,NA,0,0,1,1,NA,1500,NA,NA,NA,3,0.666666667,1.00 or less
3458129566-61050-043_3458129566-61050-044,Rooming,2,USA,USA,NA,NA,NA,NA,NA,NA,NA,NA,,,USA,USA,NA,NA,NA,NA,NA,NA,NA,NA,NA,NA,Head,Daughter,NA,NA,NA,NA,NA,NA,NA,NA,NA,NA,24,1,NA,NA,NA,NA,NA,NA,NA,NA,NA,NA,2,NA,0,0,NA,NA,720,2288,720,31.46853147,31.46853147,2,1,1.00 or less
3458129566-61050-045_3458129566-61050-046,Rooming,4,USA,USA,USA,USA,USA,USA,USA,USA,NA,NA,,,USA,USA,USA,USA,USA,USA,USA,USA,NA,NA,NA,NA,Head Mother,Daughter,Daughter,Son,Daughter,Son,Mother,NA,NA,NA,NA,NA,34,16,6,3,1,14,24,4,NA,NA,NA,NA,8,Negro,0,0,2,14,NA,NA,NA,NA,NA,4,2,1.51 or more
3458129566-61050-047_3458129566-61050-048,Rooming,3,USA,USA,USA,USA,USA,NA,NA,NA,NA,NA,,,USA,USA,USA,USA,USA,NA,NA,NA,NA,NA,NA,NA,H,Wife,Daughter,Daughter,Daughter,NA,NA,NA,NA,NA,NA,NA,22,20,5,3,1,NA,NA,NA,NA,NA,NA,NA,5,Negro,0,0,1,3,NA,3536,NA,NA,NA,3,1.666666667,1.51 or more
3458129566-61050-049_3458129566-61050-050,Rooming,4,USA,NA,NA,NA,NA,NA,NA,NA,NA,NA,,,USA,NA,NA,NA,NA,NA,NA,NA,NA,NA,NA,NA,Head,Son of 1,Daughter of 1,Sister,NA,NA,NA,NA,NA,NA,NA,NA,22,4,2,17,NA,NA,NA,NA,NA,NA,NA,NA,4,Negro,0,0,3,NA,NA,2600,NA,NA,NA,4,1,1.00 or less
3458129566-61050-051_3458129566-61050-052,Rooming,2,NA,NA,NA,NA,NA,NA,NA,NA,NA,NA,,,NA,NA,NA,NA,NA,NA,NA,NA,NA,NA,NA,NA,Head,Daughter,NA,NA,NA,NA,NA,NA,NA,NA,NA,NA,NA,NA,NA,NA,NA,NA,NA,NA,NA,NA,NA,NA,2,NA,0,0,NA,NA,NA,NA,NA,NA,NA,2,1,1.00 or less
3458129566-61050-053_3458129566-61050-054,Rooming,4,USA,USA,USA,USA,USA,NA,NA,NA,NA,NA,,,USA,USA,USA,USA,USA,NA,NA,NA,NA,NA,NA,NA,Mother,Son,Daughter,Son,Daughter,NA,NA,NA,NA,NA,NA,NA,31,15,14,10,7,NA,NA,NA,NA,NA,NA,NA,5,NA,0,0,0.42,NA,NA,NA,NA,NA,NA,4,1.25,1.01 to 1.50
3458129566-61050-055_3458129566-61050-056,Rooming,4,NA,NA,NA,NA,NA,NA,NA,NA,NA,NA,,,NA,NA,NA,NA,NA,NA,NA,NA,NA,NA,NA,NA,Mother,Daughter,Daughter,Daughter of 3,Son of 3,Husband of 3,Grand Daughter,NA,NA,NA,NA,NA,NA,NA,NA,NA,NA,NA,NA,NA,NA,NA,NA,NA,7,Negro,0,0,0.25,NA,NA,5200,NA,NA,NA,4,1.75,1.51 or more
3458129566-61050-057_3458129566-61050-058,Rooming,4,USA,USA,USA,USA,USA,USA,NA,NA,NA,NA,,,USA,USA,USA,USA,USA,USA,NA,NA,NA,NA,NA,NA,H,Sub Ten.,Daughter of 2,Daughter of 2,Daughter of 2,Sister,NA,NA,NA,NA,NA,NA,38,28,8,6,4,50,NA,NA,NA,NA,NA,NA,6,Negro,0,0,1,2,NA,2132,NA,NA,NA,4,1.5,1.01 to 1.50
3458129566-61050-059_3458129566-61050-060,Rooming,3,USA,USA,USA,USA,USA,USA,NA,NA,NA,NA,,,USA,USA,USA,USA,USA,USA,NA,NA,NA,NA,NA,NA,H,Son,Son,Son,Daughter,Daughter,NA,NA,NA,NA,NA,NA,30,14,10,3,2,1,NA,NA,NA,NA,NA,NA,6,Multi,0,0,0.67,29,NA,NA,NA,NA,NA,3,2,1.51 or more
3458129566-61050-061_3458129566-61050-062,Rooming,3,USA,USA,NA,NA,NA,NA,NA,NA,NA,NA,,,USA,USA,NA,NA,NA,NA,NA,NA,NA,NA,NA,NA,H,Wife,NA,NA,NA,NA,NA,NA,NA,NA,NA,NA,26,24,NA,NA,NA,NA,NA,NA,NA,NA,NA,NA,2,Negro,0,0,2,NA,NA,2340,NA,NA,NA,3,0.666666667,1.00 or less
3568895288-61053-001_3568895288-61053-002,Rooming,2,Martinique,NA,NA,NA,NA,NA,NA,NA,NA,NA,,,Caribbean,NA,NA,NA,NA,NA,NA,NA,NA,NA,NA,NA,H,NA,NA,NA,NA,NA,NA,NA,NA,NA,NA,NA,65,NA,NA,NA,NA,NA,NA,NA,NA,NA,NA,NA,1,NA,0,0,2,8,NA,NA,NA,NA,NA,2,0.5,1.00 or less
3568895288-61053-003_3568895288-61053-004,Rooming,2,PR,PR,PR,PR,PR,PR,USA,NA,NA,NA,,,PR,PR,PR,PR,PR,PR,USA,NA,NA,NA,NA,NA,H,Wife,Daughter,Son,Son,NA,NA,NA,NA,NA,NA,NA,36,33,15,14,13,11,3,NA,NA,NA,NA,NA,7,NA,1,7,3.5,3.5,253.92,2860,253.92,8.878321678,8.878321678,2,3.5,1.51 or more
3568895288-61053-005_3568895288-61053-006,Rooming,1,PR,PR,USA,NA,NA,NA,NA,NA,NA,NA,,,PR,PR,USA,NA,NA,NA,NA,NA,NA,NA,NA,NA,H,Wife,Son,NA,NA,NA,NA,NA,NA,NA,NA,NA,26,31,6,NA,NA,NA,NA,NA,NA,NA,NA,NA,3,Puerto Rican,1,3,0.75,5,NA,4680,NA,NA,NA,1,3,1.51 or more
3568895288-61053-007_3568895288-61053-008,Rooming,2,PR,PR,PR,PR,NA,NA,NA,NA,NA,NA,,,PR,PR,PR,PR,NA,NA,NA,NA,NA,NA,NA,NA,H,Wife,Daughter,Son,NA,NA,NA,NA,NA,NA,NA,NA,46,NA,16,8,NA,NA,NA,NA,NA,NA,NA,NA,4,NA,1,4,2,2,NA,NA,NA,NA,NA,2,2,1.51 or more
3568895288-61053-009_3568895288-61053-010,Rooming,1,PR,PR,PR,USA,NA,NA,NA,NA,NA,NA,,,PR,PR,PR,USA,NA,NA,NA,NA,NA,NA,NA,NA,H,Wife,Son,Son,NA,NA,NA,NA,NA,NA,NA,NA,25,25,5,1,NA,NA,NA,NA,NA,NA,NA,NA,4,Puerto Rican,1,4,0.5,1,NA,2236,NA,NA,NA,1,4,1.51 or more
3568895288-61053-011_3568895288-61053-012,Rooming,1,PR,PR,PR,USA,NA,NA,NA,NA,NA,NA,,,PR,PR,PR,USA,NA,NA,NA,NA,NA,NA,NA,NA,H,Wife,Son,Daughter,NA,NA,NA,NA,NA,NA,NA,NA,30,30,3,1,NA,NA,NA,NA,NA,NA,NA,NA,4,Puerto Rican,1,4,1.5,1.5,NA,2704,NA,NA,NA,1,4,1.51 or more
3568895288-61053-013_3568895288-61053-014,Apartment,1,PR,PR,PR,USA,NA,NA,NA,NA,NA,NA,,,PR,PR,PR,USA,NA,NA,NA,NA,NA,NA,NA,NA,Head,Daughter,Son,Son,NA,NA,NA,NA,NA,NA,NA,NA,34,17,10,7,NA,NA,NA,NA,NA,NA,NA,NA,4,Puerto Rican,1,4,7,11,528,1872,528,28.20512821,28.20512821,1,4,1.51 or more
3568895288-61053-015_3568895288-61053-016,Rooming,1.5,PR,PR,PR,NA,NA,NA,NA,NA,NA,NA,,,PR,PR,PR,NA,NA,NA,NA,NA,NA,NA,NA,NA,H,Wife,Daughter,NA,NA,NA,NA,NA,NA,NA,NA,NA,26,27,1,NA,NA,NA,NA,NA,NA,NA,NA,NA,3,Puerto Rican,1,3,0.5,7,NA,NA,NA,NA,NA,1.5,2,1.51 or more
3568895288-61053-017_3568895288-61053-018,Rooming,2,PR,PR,NA,NA,NA,NA,NA,NA,NA,NA,,,PR,PR,NA,NA,NA,NA,NA,NA,NA,NA,NA,NA,Sister,Brother,Sister,NA,NA,NA,NA,NA,NA,NA,NA,NA,35,36,2,NA,NA,NA,NA,NA,NA,NA,NA,NA,3,NA,1,3,0.5,7,NA,2704,NA,NA,NA,2,1.5,1.01 to 1.50
3568895288-61053-019_3568895288-61053-020,Rooming,2,PR,PR,NA,NA,NA,NA,NA,NA,NA,NA,,,PR,PR,NA,NA,NA,NA,NA,NA,NA,NA,NA,NA,H,Wife,NA,NA,NA,NA,NA,NA,NA,NA,NA,NA,38,42,NA,NA,NA,NA,NA,NA,NA,NA,NA,NA,2,NA,1,2,0.33,10,NA,1352,NA,NA,NA,2,1,1.00 or less
3568895288-61053-021_3568895288-61053-022,Rooming,1,NA,NA,NA,NA,NA,NA,NA,NA,NA,NA,,,NA,NA,NA,NA,NA,NA,NA,NA,NA,NA,NA,NA,H,NA,NA,NA,NA,NA,NA,NA,NA,NA,NA,NA,NA,NA,NA,NA,NA,NA,NA,NA,NA,NA,NA,NA,1,NA,0,0,NA,NA,NA,NA,NA,NA,NA,1,1,1.00 or less
3568895288-61053-023_3568895288-61053-024,Rooming,2,PR,PR,NA,NA,NA,NA,NA,NA,NA,NA,,,PR,PR,NA,NA,NA,NA,NA,NA,NA,NA,NA,NA,H,Wife,Daughter,Daughter,Son,Son,Daughter,NA,NA,NA,NA,NA,33,4,8,6,5,3,2,NA,NA,NA,NA,NA,7,Puerto Rican,1,7,2,4,NA,NA,NA,NA,NA,2,3.5,1.51 or more
3568895288-61053-025_3568895288-61053-026,Rooming,2,PR,PR,NA,USA,USA,USA,USA,USA,USA,NA,,,PR,PR,NA,USA,USA,USA,USA,USA,USA,NA,NA,NA,NA,NA,NA,NA,NA,NA,NA,NA,NA,NA,NA,NA,NA,NA,NA,NA,NA,NA,NA,NA,NA,NA,NA,NA,9,Puerto Rican,1,9,2,11,NA,2600,NA,NA,NA,2,4.5,1.51 or more
3568895288-61053-027_3568895288-61053-028,NA,1,NA,NA,NA,NA,NA,NA,NA,NA,NA,NA,,,NA,NA,NA,NA,NA,NA,NA,NA,NA,NA,NA,NA,NA,NA,NA,NA,NA,NA,NA,NA,NA,NA,NA,NA,NA,NA,NA,NA,NA,NA,NA,NA,NA,NA,NA,NA,NA,NA,0,NA,NA,NA,NA,NA,NA,NA,NA,NA,NA,NA
3568895288-61053-029_3568895288-61053-030,NA,NA,NA,NA,NA,NA,NA,NA,NA,NA,NA,NA,,,NA,NA,NA,NA,NA,NA,NA,NA,NA,NA,NA,NA,NA,NA,NA,NA,NA,NA,NA,NA,NA,NA,NA,NA,NA,NA,NA,NA,NA,NA,NA,NA,NA,NA,NA,NA,NA,NA,0,NA,NA,NA,NA,NA,NA,NA,NA,NA,NA,NA
3568895288-61053-031_3568895288-61053-032,Rooming,1,NA,NA,NA,NA,NA,NA,NA,NA,NA,NA,,,NA,NA,NA,NA,NA,NA,NA,NA,NA,NA,NA,NA,H,NA,NA,NA,NA,NA,NA,NA,NA,NA,NA,NA,NA,NA,NA,NA,NA,NA,NA,NA,NA,NA,NA,NA,1,NA,0,0,NA,NA,NA,NA,NA,NA,NA,1,1,1.00 or less
3568895288-61053-033_3568895288-61053-034,NA,1,NA,NA,NA,NA,NA,NA,NA,NA,NA,NA,,,NA,NA,NA,NA,NA,NA,NA,NA,NA,NA,NA,NA,NA,NA,NA,NA,NA,NA,NA,NA,NA,NA,NA,NA,NA,NA,NA,NA,NA,NA,NA,NA,NA,NA,NA,NA,NA,NA,0,NA,NA,NA,NA,NA,NA,NA,NA,NA,NA,NA
3568895288-61053-035_3568895288-61053-036,NA,1,NA,NA,NA,NA,NA,NA,NA,NA,NA,NA,,,NA,NA,NA,NA,NA,NA,NA,NA,NA,NA,NA,NA,NA,NA,NA,NA,NA,NA,NA,NA,NA,NA,NA,NA,NA,NA,NA,NA,NA,NA,NA,NA,NA,NA,NA,NA,NA,NA,0,NA,NA,NA,NA,NA,NA,NA,NA,NA,NA,NA
3568895561-61054-001_3568895561-61054-002,NA,4,PR,PR,PR,PR,PR,USA,NA,NA,NA,NA,,,PR,PR,PR,PR,PR,USA,NA,NA,NA,NA,NA,NA,Head,Wife,Son,Son,Daughter,Son,NA,NA,NA,NA,NA,NA,38,36,14,12,0,1,NA,NA,NA,NA,NA,NA,6,Puerto Rican,1,6,NA,NA,567,NA,687,NA,NA,4,1.5,1.01 to 1.50
3568895561-61054-003_3568895561-61054-004,Apartment,4,Greece,Greece,Greece,NA,NA,NA,NA,NA,NA,NA,,,Europe,Europe,Europe,NA,NA,NA,NA,NA,NA,NA,NA,NA,Head,Wife,Daughter,NA,NA,NA,NA,NA,NA,NA,NA,NA,48,41,21,NA,NA,NA,NA,NA,NA,NA,NA,NA,3,White,0,0,2,56,495,4800,615,10.3125,12.8125,4,0.75,1.00 or less
3568895561-61054-005_3568895561-61054-006,Apartment,4,USA,USA,USA,USA,NA,NA,NA,NA,NA,NA,,,USA,USA,USA,USA,NA,NA,NA,NA,NA,NA,NA,NA,Husband,Wife,Son,Son,NA,NA,NA,NA,NA,NA,NA,NA,32,31,5,4,NA,NA,NA,NA,NA,NA,NA,NA,4,White,0,0,5,30,600,5980,840,10.03344482,14.04682274,4,1,1.00 or less
3568895561-61054-007_3568895561-61054-008,Apartment,4,USA,USA,NA,NA,NA,NA,NA,NA,NA,NA,,,USA,USA,NA,NA,NA,NA,NA,NA,NA,NA,NA,NA,Head,Wife,NA,NA,NA,NA,NA,NA,NA,NA,NA,NA,70,47,NA,NA,NA,NA,NA,NA,NA,NA,NA,NA,2,White,0,0,23,70,414,3068,450,13.49413299,14.66753585,4,0.5,1.00 or less
3568895561-61054-009_3568895561-61054-010,NA,4,USA,USA,NA,NA,NA,NA,NA,NA,NA,NA,,,USA,USA,NA,NA,NA,NA,NA,NA,NA,NA,NA,NA,Head,Wife,NA,NA,NA,NA,NA,NA,NA,NA,NA,NA,49,55,NA,NA,NA,NA,NA,NA,NA,NA,NA,NA,2,White,0,0,18,49,414,2288,630,18.09440559,27.53496503,4,0.5,1.00 or less
3568895561-61054-011_3568895561-61054-012,Apartment,4,USA,USA,USA,USA,NA,NA,NA,NA,NA,NA,,,USA,USA,USA,USA,NA,NA,NA,NA,NA,NA,NA,NA,Husband,Wife,Daughter,Son,NA,NA,NA,NA,NA,NA,NA,NA,44,43,16,7,NA,NA,NA,NA,NA,NA,NA,NA,4,White,0,0,6.5,44,469.2,3900,541.2,12.03076923,13.87692308,4,1,1.00 or less
3568895561-61054-013_3568895561-61054-014,Apartment,4,USA,NA,NA,NA,NA,NA,NA,NA,NA,NA,,,USA,NA,NA,NA,NA,NA,NA,NA,NA,NA,NA,NA,Head,NA,NA,NA,NA,NA,NA,NA,NA,NA,NA,NA,40,NA,NA,NA,NA,NA,NA,NA,NA,NA,NA,NA,1,White,0,0,17,40,483,2756,615,17.52539913,22.3149492,4,0.25,1.00 or less
3568895561-61054-015_3568895561-61054-016,NA,4,Turkey,NA,NA,NA,NA,NA,NA,NA,NA,NA,,,Europe,NA,NA,NA,NA,NA,NA,NA,NA,NA,NA,NA,Head,NA,NA,NA,NA,NA,NA,NA,NA,NA,NA,NA,63,NA,NA,NA,NA,NA,NA,NA,NA,NA,NA,NA,1,White,0,0,18,18,520.8,2500,664.8,20.832,26.592,4,0.25,1.00 or less
3568895561-61054-017_3568895561-61054-018,Apartment,4,USA,USA,NA,NA,NA,NA,NA,NA,NA,NA,,,USA,USA,NA,NA,NA,NA,NA,NA,NA,NA,NA,NA,H,Wife,NA,NA,NA,NA,NA,NA,NA,NA,NA,NA,75,68,NA,NA,NA,NA,NA,NA,NA,NA,NA,NA,2,White,0,0,50,75,427.8,480,481.8,89.125,100.375,4,0.5,1.00 or less
3568895561-61054-019_3568895561-61054-020,Apartment,4,Ecuador,Ecuador,USA,NA,NA,NA,NA,NA,NA,NA,,,Lat. Am.,Lat. Am.,USA,NA,NA,NA,NA,NA,NA,NA,NA,NA,Head,Wife,Son,NA,NA,NA,NA,NA,NA,NA,NA,NA,39,40,9,NA,NA,NA,NA,NA,NA,NA,NA,NA,3,other,0,0,1.5,10,539.4,2600,611.4,20.74615385,23.51538462,4,0.75,1.00 or less
3568895561-61054-021_3568895561-61054-022,Apartment,4,USA,USA,USA,NA,NA,NA,NA,NA,NA,NA,,,USA,USA,USA,NA,NA,NA,NA,NA,NA,NA,NA,NA,Husband,Wife,Daughter,NA,NA,NA,NA,NA,NA,NA,NA,NA,53,36,30,NA,NA,NA,NA,NA,NA,NA,NA,NA,3,White,0,0,18,35,372.6,5772,492.6,6.455301455,8.534303534,4,0.75,1.00 or less
3568895561-61054-023_3568895561-61054-024,Apartment,4,USA,USA,USA,NA,NA,NA,NA,NA,NA,NA,,,USA,USA,USA,NA,NA,NA,NA,NA,NA,NA,NA,NA,H,Wife,Daughter,NA,NA,NA,NA,NA,NA,NA,NA,NA,38,38,8,NA,NA,NA,NA,NA,NA,NA,NA,NA,3,White,0,0,13,38,492,5928,492,8.299595142,8.299595142,4,0.75,1.00 or less
3568895561-61054-025_3568895561-61054-026,Apartment,4,USA,USA,USA,USA,USA,NA,NA,NA,NA,NA,,,USA,USA,USA,USA,USA,NA,NA,NA,NA,NA,NA,NA,Mother,Son,Daughter,Son,Sister,NA,NA,NA,NA,NA,NA,NA,47,21,13,8,51,NA,NA,NA,NA,NA,NA,NA,5,White,0,0,6,NA,384,2704,504,14.20118343,18.63905325,4,1.25,1.01 to 1.50
3568895561-61054-027_3568895561-61054-028,Apartment,4,USA,NA,NA,NA,NA,NA,NA,NA,NA,NA,,,USA,NA,NA,NA,NA,NA,NA,NA,NA,NA,NA,NA,Head,NA,NA,NA,NA,NA,NA,NA,NA,NA,NA,NA,58,NA,NA,NA,NA,NA,NA,NA,NA,NA,NA,NA,1,White,0,0,15,32,539.4,2340,611.4,23.05128205,26.12820513,4,0.25,1.00 or less
3568895561-61054-029_3568895561-61054-030,Apartment,4,Greece,USA,USA,NA,NA,NA,NA,NA,NA,NA,,,Europe,USA,USA,NA,NA,NA,NA,NA,NA,NA,NA,NA,Wife,Daughter,Son,NA,NA,NA,NA,NA,NA,NA,NA,NA,38,7,5,NA,NA,NA,NA,NA,NA,NA,NA,NA,3,White,0,0,0.416666667,8,480,1416,480,33.89830508,33.89830508,4,0.75,1.00 or less
3568895561-61054-031_3568895561-61054-032,Apartment,4,USA,USA,USA,NA,NA,NA,NA,NA,NA,NA,,,USA,USA,USA,NA,NA,NA,NA,NA,NA,NA,NA,NA,Head,Son,Son,NA,NA,NA,NA,NA,NA,NA,NA,NA,38,11,9,NA,NA,NA,NA,NA,NA,NA,NA,NA,3,White,0,0,12,38,386.4,2496,482.4,15.48076923,19.32692308,4,0.75,1.00 or less
3568896225-61055-001_3568896225-61055-002,Apartment,3,USA,USA,NA,NA,NA,NA,NA,NA,NA,NA,,,USA,USA,NA,NA,NA,NA,NA,NA,NA,NA,NA,NA,Head,Wife,NA,NA,NA,NA,NA,NA,NA,NA,NA,NA,45,40,NA,NA,NA,NA,NA,NA,NA,NA,NA,NA,2,White,0,0,NA,NA,468,2600,540,18,20.76923077,3,0.666666667,1.00 or less
3568896225-61055-003_3568896225-61055-004,Apartment,2,Greece,Greece,NA,NA,NA,NA,NA,NA,NA,NA,,,Europe,Europe,NA,NA,NA,NA,NA,NA,NA,NA,NA,NA,H,Wife,NA,NA,NA,NA,NA,NA,NA,NA,NA,NA,38,37,NA,NA,NA,NA,NA,NA,NA,NA,NA,NA,2,White,0,0,2.5,11,552,5200,594,10.61538462,11.42307692,2,1,1.00 or less
3568896225-61055-005_3568896225-61055-006,Apartment,4,Greece,USA,NA,NA,NA,NA,NA,NA,NA,NA,,,Europe,USA,NA,NA,NA,NA,NA,NA,NA,NA,NA,NA,NA,NA,NA,NA,NA,NA,NA,NA,NA,NA,NA,NA,48,8,NA,NA,NA,NA,NA,NA,NA,NA,NA,NA,2,NA,0,0,11,11,475.2,NA,475.2,NA,NA,4,0.5,1.00 or less
3568896225-61055-007_3568896225-61055-008,Apartment,3,PR,PR,USA,USA,USA,USA,USA,NA,NA,NA,,,PR,PR,USA,USA,USA,USA,USA,NA,NA,NA,NA,NA,Head,Wife,Son,Son,Son,Son,Son,NA,NA,NA,NA,NA,51,40,9,8,6,3,2,NA,NA,NA,NA,NA,7,NA,1,7,6,6,412.8,NA,412.8,NA,NA,3,2.333333333,1.51 or more
3568896225-61055-009_3568896225-61055-010,Apartment,4,Greece,Greece,NA,NA,NA,NA,NA,NA,NA,NA,,,Europe,Europe,NA,NA,NA,NA,NA,NA,NA,NA,NA,NA,H,Brother,NA,NA,NA,NA,NA,NA,NA,NA,NA,NA,62,61,NA,NA,NA,NA,NA,NA,NA,NA,NA,NA,2,White,0,0,30,41,390.6,3120,426.6,12.51923077,13.67307692,4,0.5,1.00 or less
3568896225-61055-011_3568896225-61055-012,Apartment,2,Greece,Greece,NA,NA,NA,NA,NA,NA,NA,NA,,,Europe,Europe,NA,NA,NA,NA,NA,NA,NA,NA,NA,NA,Head,Head,NA,NA,NA,NA,NA,NA,NA,NA,NA,NA,26,6,NA,NA,NA,NA,NA,NA,NA,NA,NA,NA,2,White,0,0,14,44,441.6,1889.16,513.6,23.37546846,27.18668615,2,1,1.00 or less
3568896225-61055-013_3568896225-61055-014,Apartment,3,Greece,Greece,NA,NA,NA,NA,NA,NA,NA,NA,,,Europe,Europe,NA,NA,NA,NA,NA,NA,NA,NA,NA,NA,Head,Wife,NA,NA,NA,NA,NA,NA,NA,NA,NA,NA,28,23,NA,NA,NA,NA,NA,NA,NA,NA,NA,NA,2,other,0,0,1.5,3,372,1560,372,23.84615385,23.84615385,3,0.666666667,1.00 or less
3568896225-61055-015_3568896225-61055-016,Apartment,4,USA,USA,USA,NA,NA,NA,NA,NA,NA,NA,,,USA,USA,USA,NA,NA,NA,NA,NA,NA,NA,NA,NA,Head,Wife,Son,NA,NA,NA,NA,NA,NA,NA,NA,NA,49,44,17,NA,NA,NA,NA,NA,NA,NA,NA,NA,3,White,0,0,12,NA,414.6,4680,486.6,8.858974359,10.3974359,4,0.75,1.00 or less
3568896225-61055-017_3568896225-61055-018,Apartment,4,PR,PR,USA,NA,NA,NA,NA,NA,NA,NA,,,PR,PR,USA,NA,NA,NA,NA,NA,NA,NA,NA,NA,Head,NA,NA,NA,NA,NA,NA,NA,NA,NA,NA,NA,40,34,9,NA,NA,NA,NA,NA,NA,NA,NA,NA,3,NA,1,3,3,15,441.6,NA,441.6,NA,NA,4,0.75,1.00 or less
3568896225-61055-019_3568896225-61055-020,Apartment,4,USA,USA,NA,NA,NA,NA,NA,NA,NA,NA,,,USA,USA,NA,NA,NA,NA,NA,NA,NA,NA,NA,NA,Head,Daughter,NA,NA,NA,NA,NA,NA,NA,NA,NA,NA,44,18,NA,NA,NA,NA,NA,NA,NA,NA,NA,NA,2,White,0,0,4,20,426.6,4316,498.6,9.884151993,11.5523633,4,0.5,1.00 or less
3568896225-61055-021_3568896225-61055-022,Apartment,3,USA,USA,USA,USA,NA,NA,NA,NA,NA,NA,,,USA,USA,USA,USA,NA,NA,NA,NA,NA,NA,NA,NA,Head,Wife,Son,Daughter,NA,NA,NA,NA,NA,NA,NA,NA,48,42,18,11,NA,NA,NA,NA,NA,NA,NA,NA,4,White,0,0,15.5,NA,381.6,3900,471.6,9.784615385,12.09230769,3,1.333333333,1.01 to 1.50
3568896225-61055-023_3568896225-61055-024,Apartment,3,Greece,Greece,NA,NA,NA,NA,NA,NA,NA,NA,,,Europe,Europe,NA,NA,NA,NA,NA,NA,NA,NA,NA,NA,Head,Wife,NA,NA,NA,NA,NA,NA,NA,NA,NA,NA,68,66,NA,NA,NA,NA,NA,NA,NA,NA,NA,NA,2,White,0,0,10,17,321.6,2340,393.6,13.74358974,16.82051282,3,0.666666667,1.00 or less
3568896225-61055-025_3568896225-61055-026,Apartment,4,USA,USA,USA,NA,NA,NA,NA,NA,NA,NA,,,USA,USA,USA,NA,NA,NA,NA,NA,NA,NA,NA,NA,Head,Wife,Son,NA,NA,NA,NA,NA,NA,NA,NA,NA,47,47,20,NA,NA,NA,NA,NA,NA,NA,NA,NA,3,White,0,0,20,NA,450.6,4000,552.6,11.265,13.815,4,0.75,1.00 or less
3568896225-61055-027_3568896225-61055-028,Apartment,4,USA,USA,NA,NA,NA,NA,NA,NA,NA,NA,,,USA,USA,NA,NA,NA,NA,NA,NA,NA,NA,NA,NA,H,Wife,NA,NA,NA,NA,NA,NA,NA,NA,NA,NA,64,60,NA,NA,NA,NA,NA,NA,NA,NA,NA,NA,2,White,0,0,22,31,376.8,3120,449.4,12.07692308,14.40384615,4,0.5,1.00 or less
3568896225-61055-029_3568896225-61055-030,Apartment,3,USA,NA,NA,NA,NA,NA,NA,NA,NA,NA,,,USA,NA,NA,NA,NA,NA,NA,NA,NA,NA,NA,NA,Head,NA,NA,NA,NA,NA,NA,NA,NA,NA,NA,NA,NA,NA,NA,NA,NA,NA,NA,NA,NA,NA,NA,NA,1,White,0,0,13,NA,321.6,NA,417.6,NA,NA,3,0.333333333,1.00 or less
3568896225-61055-031_3568896225-61055-032,Apartment,3,Ireland,NA,NA,NA,NA,NA,NA,NA,NA,NA,,,Europe,NA,NA,NA,NA,NA,NA,NA,NA,NA,NA,NA,Head,NA,NA,NA,NA,NA,NA,NA,NA,NA,NA,NA,68,NA,NA,NA,NA,NA,NA,NA,NA,NA,NA,NA,1,NA,0,0,2,4,403.2,1500,443.4,26.88,29.56,3,0.333333333,1.00 or less
3568896225-61055-033_3568896225-61055-034,Rooming,3,USA,NA,NA,NA,NA,NA,NA,NA,NA,NA,,,USA,NA,NA,NA,NA,NA,NA,NA,NA,NA,NA,NA,Head,NA,NA,NA,NA,NA,NA,NA,NA,NA,NA,NA,60,NA,NA,NA,NA,NA,NA,NA,NA,NA,NA,NA,1,White,0,0,NA,NA,321.6,2600,381.6,12.36923077,14.67692308,3,0.333333333,1.00 or less
3568896225-61055-035_3568896225-61055-036,Apartment,4,USA,USA,USA,USA,NA,NA,NA,NA,NA,NA,,,USA,USA,USA,USA,NA,NA,NA,NA,NA,NA,NA,NA,H,Wife,Daughter,Son,NA,NA,NA,NA,NA,NA,NA,NA,42,40,21,19,NA,NA,NA,NA,NA,NA,NA,NA,4,White,0,0,19,42,412.8,6660,526.2,6.198198198,7.900900901,4,1,1.00 or less
3568896225-61055-037_3568896225-61055-038,Apartment,4,USA,USA,USA,USA,USA,USA,USA,NA,NA,NA,,,USA,USA,USA,USA,USA,USA,USA,NA,NA,NA,NA,NA,H,Wife,Son,Daughter,Son,Daughter,Daughter,NA,NA,NA,NA,NA,46,36,14,12,11,5,1,NA,NA,NA,NA,NA,7,White,0,0,12,45,438,2922.4,525,14.98768136,17.96468656,4,1.75,1.51 or more
3568896225-61055-039_3568896225-61055-040,Apartment,3,France,France,NA,NA,NA,NA,NA,NA,NA,NA,,,Europe,Europe,NA,NA,NA,NA,NA,NA,NA,NA,NA,NA,H,Wife,NA,NA,NA,NA,NA,NA,NA,NA,NA,NA,58,58,NA,NA,NA,NA,NA,NA,NA,NA,NA,NA,2,White,0,0,19,28,357.6,5300,444.6,6.747169811,8.388679245,3,0.666666667,1.00 or less
3568897909-61056-001_3568897909-61056-002,Apartment,3,USA,USA,NA,NA,NA,NA,NA,NA,NA,NA,,,USA,USA,NA,NA,NA,NA,NA,NA,NA,NA,NA,NA,Brother,Brother,NA,NA,NA,NA,NA,NA,NA,NA,NA,NA,56,56,NA,NA,NA,NA,NA,NA,NA,NA,NA,NA,2,White,0,0,29,55,375.6,4836,453.6,7.76674938,9.379652605,3,0.666666667,1.00 or less
3568897909-61056-003_3568897909-61056-004,Apartment,3,USA,USA,NA,NA,NA,NA,NA,NA,NA,NA,,,USA,USA,NA,NA,NA,NA,NA,NA,NA,NA,NA,NA,H,Wife,NA,NA,NA,NA,NA,NA,NA,NA,NA,NA,43,43,NA,NA,NA,NA,NA,NA,NA,NA,NA,NA,2,Negro,0,0,10,25,NA,2400,NA,NA,NA,3,0.666666667,1.00 or less
3568897909-61056-005_3568897909-61056-006,Apartment,4,USA,USA,USA,NA,NA,NA,NA,NA,NA,NA,,,USA,USA,USA,NA,NA,NA,NA,NA,NA,NA,NA,NA,H,Wife,Grand Son,NA,NA,NA,NA,NA,NA,NA,NA,NA,51,52,13,NA,NA,NA,NA,NA,NA,NA,NA,NA,3,White,0,0,1.5,51,538.8,3120,631.8,17.26923077,20.25,4,0.75,1.00 or less
3568897909-61056-007_3568897909-61056-008,Apartment,4,Greece,Greece,Greece,NA,NA,NA,NA,NA,NA,NA,,,Europe,Europe,Europe,NA,NA,NA,NA,NA,NA,NA,NA,NA,Uncle,Uncle,Nephew,NA,NA,NA,NA,NA,NA,NA,NA,NA,63,46,25,NA,NA,NA,NA,NA,NA,NA,NA,NA,3,White,0,0,4,4,516,4524,558,11.40583554,12.33421751,4,0.75,1.00 or less
3568897909-61056-009_3568897909-61056-010,Apartment,3,France,France,NA,NA,NA,NA,NA,NA,NA,NA,,,Europe,Europe,NA,NA,NA,NA,NA,NA,NA,NA,NA,NA,Sister,Brother,NA,NA,NA,NA,NA,NA,NA,NA,NA,NA,27,33,NA,NA,NA,NA,NA,NA,NA,NA,NA,NA,2,NA,0,0,1,1.666666667,432,3120,479.4,13.84615385,15.36538462,3,0.666666667,1.00 or less
3568897909-61056-011_3568897909-61056-012,Apartment,4,USA,Ireland,USA,NA,NA,NA,NA,NA,NA,NA,,,USA,Europe,USA,NA,NA,NA,NA,NA,NA,NA,NA,NA,H,Wife,Son,NA,NA,NA,NA,NA,NA,NA,NA,NA,54,56,27,NA,NA,NA,NA,NA,NA,NA,NA,NA,3,White,0,0,25,53,468.6,2754.96,534,17.00932137,19.38322153,4,0.75,1.00 or less
3568897909-61056-013_3568897909-61056-014,Apartment,4,PR,PR,USA,USA,USA,USA,NA,NA,NA,NA,,,PR,PR,USA,USA,USA,USA,NA,NA,NA,NA,NA,NA,H,Wife,Daughter,Daughter,Daughter,Son,NA,NA,NA,NA,NA,NA,27,24,5,4,3,1,NA,NA,NA,NA,NA,NA,6,Puerto Rican,1,6,0.25,5,525,3380,558,15.53254438,16.50887574,4,1.5,1.01 to 1.50
3568897909-61056-015_3568897909-61056-016,Apartment,3,PR,PR,PR,NA,NA,NA,NA,NA,NA,NA,,,PR,PR,PR,NA,NA,NA,NA,NA,NA,NA,NA,NA,H,Wife,Daughter,NA,NA,NA,NA,NA,NA,NA,NA,NA,40,32,16,NA,NA,NA,NA,NA,NA,NA,NA,NA,3,Puerto Rican,1,3,8,24,399.6,3120,484.2,12.80769231,15.51923077,3,1,1.00 or less
3568897909-61056-017_3568897909-61056-018,Apartment,3,USA,NA,NA,NA,NA,NA,NA,NA,NA,NA,,,USA,NA,NA,NA,NA,NA,NA,NA,NA,NA,NA,NA,H,NA,NA,NA,NA,NA,NA,NA,NA,NA,NA,NA,69,NA,NA,NA,NA,NA,NA,NA,NA,NA,NA,NA,1,White,0,0,25,68,351.6,500,351.6,70.32,70.32,3,0.333333333,1.00 or less
3568897909-61056-019_3568897909-61056-020,Apartment,3,Greece,Greece,NA,NA,NA,NA,NA,NA,NA,NA,,,Europe,Europe,NA,NA,NA,NA,NA,NA,NA,NA,NA,NA,Head,Friend,NA,NA,NA,NA,NA,NA,NA,NA,NA,NA,58,66,NA,NA,NA,NA,NA,NA,NA,NA,NA,NA,2,White,0,0,29,32,375.6,2910.8,424.2,12.90366909,14.57331318,3,0.666666667,1.00 or less
3568897909-61056-021_3568897909-61056-022,Apartment,3,USA,USA,NA,NA,NA,NA,NA,NA,NA,NA,,,USA,USA,NA,NA,NA,NA,NA,NA,NA,NA,NA,NA,Head,Nephew,NA,NA,NA,NA,NA,NA,NA,NA,NA,NA,79,55,NA,NA,NA,NA,NA,NA,NA,NA,NA,NA,2,White,0,0,40,79,351.6,3900,426,9.015384615,10.92307692,3,0.666666667,1.00 or less
3568897909-61056-023_3568897909-61056-024,Apartment,4,Ireland,USA,USA,NA,NA,NA,NA,NA,NA,NA,,,Europe,USA,USA,NA,NA,NA,NA,NA,NA,NA,NA,NA,Mother,son in law,Son,NA,NA,NA,NA,NA,NA,NA,NA,NA,67,38,34,NA,NA,NA,NA,NA,NA,NA,NA,NA,3,White,0,0,15,NA,480.6,2392,480.6,20.09197324,20.09197324,4,0.75,1.00 or less
3568897909-61056-025_3568897909-61056-026,Apartment,4,USA,USA,NA,NA,NA,NA,NA,NA,NA,NA,,,USA,USA,NA,NA,NA,NA,NA,NA,NA,NA,NA,NA,H,Wife,NA,NA,NA,NA,NA,NA,NA,NA,NA,NA,66,65,NA,NA,NA,NA,NA,NA,NA,NA,NA,NA,2,White,0,0,16,65,406.8,1329.6,482.4,30.59566787,36.28158845,4,0.5,1.00 or less
3568897909-61056-027_3568897909-61056-028,Apartment,4,USA,USA,USA,USA,NA,NA,NA,NA,NA,NA,,,USA,USA,USA,USA,NA,NA,NA,NA,NA,NA,NA,NA,H,Wife,Daughter,Son,NA,NA,NA,NA,NA,NA,NA,NA,29,22,4,2,NA,NA,NA,NA,NA,NA,NA,NA,4,White,0,0,3,28,511.2,3380,601.2,15.12426036,17.78698225,4,1,1.00 or less
3568897909-61056-029_3568897909-61056-030,Apartment,4,France,France,France,France,NA,NA,NA,NA,NA,NA,,,Europe,Europe,Europe,Europe,NA,NA,NA,NA,NA,NA,NA,NA,H,Wife,Daughter,Daughter,NA,NA,NA,NA,NA,NA,NA,NA,46,44,18,18,NA,NA,NA,NA,NA,NA,NA,NA,4,White,0,0,5,5,486,5720,574.8,8.496503497,10.04895105,4,1,1.00 or less
3568897909-61056-031_3568897909-61056-032,Apartment,3,Canada,NA,NA,NA,NA,NA,NA,NA,NA,NA,,,Nrth. Am.,NA,NA,NA,NA,NA,NA,NA,NA,NA,NA,NA,Head,NA,NA,NA,NA,NA,NA,NA,NA,NA,NA,NA,53,NA,NA,NA,NA,NA,NA,NA,NA,NA,NA,NA,1,White,0,0,9,35,432,2600,480,16.61538462,18.46153846,3,0.333333333,1.00 or less
3568897909-61056-033_3568897909-61056-034,Apartment,3,PR,PR,PR,PR,PR,PR,PR,PR,PR,PR,,,PR,PR,PR,PR,PR,PR,PR,PR,PR,PR,NA,NA,Husband,Wife,Son,Son,Daughter,Son,Son,Daughter,Daughter,Son,NA,NA,36,31,13,11,10,9,7,6,4,3,NA,NA,10,NA,1,10,NA,NA,456.24,NA,456.24,NA,NA,3,3.333333333,1.51 or more
3568897909-61056-035_3568897909-61056-036,Apartment,3,NA,NA,NA,NA,NA,NA,NA,NA,NA,NA,,,NA,NA,NA,NA,NA,NA,NA,NA,NA,NA,NA,NA,NA,NA,NA,NA,NA,NA,NA,NA,NA,NA,NA,NA,NA,NA,NA,NA,NA,NA,NA,NA,NA,NA,NA,NA,NA,NA,0,NA,NA,NA,432,NA,432,NA,NA,NA,NA,NA
3568900074-61057-001_3568900074-61057-002,Apartment,6,Ireland,USA,USA,USA,USA,NA,NA,NA,NA,NA,,,Europe,USA,USA,USA,USA,NA,NA,NA,NA,NA,NA,NA,Mother,Son,Son,Grand Son,Son,NA,NA,NA,NA,NA,NA,NA,51,22,17,6,20,NA,NA,NA,NA,NA,NA,NA,5,White,0,0,14,31,441.6,3900,623.4,11.32307692,15.98461538,6,0.833333333,1.00 or less
3568900074-61057-003_3568900074-61057-004,Apartment,6,PR,PR,PR,USA,USA,PR,PR,USA,NA,NA,,,PR,PR,PR,USA,USA,PR,PR,USA,NA,NA,NA,NA,Head,Husband,Daughter,NA,Niece,NA,NA,NA,NA,NA,NA,NA,26,40,4,20,1,41,17,5,NA,NA,NA,NA,8,Puerto Rican,1,8,3,6,621,3900,789,15.92307692,20.23076923,6,1.333333333,1.01 to 1.50
3568900074-61057-005_3568900074-61057-006,Apartment,6,Italy,USA,USA,USA,NA,NA,NA,NA,NA,NA,,,Europe,USA,USA,USA,NA,NA,NA,NA,NA,NA,NA,NA,Mother,Daughter,Daughter,Son,NA,NA,NA,NA,NA,NA,NA,NA,68,47,32,23,NA,NA,NA,NA,NA,NA,NA,NA,4,White,0,0,21,55,414,5746,414,7.205012182,7.205012182,6,0.666666667,1.00 or less
3568900074-61057-007_3568900074-61057-008,Apartment,6,PR,PR,PR,PR,NA,NA,NA,NA,NA,NA,,,PR,PR,PR,PR,NA,NA,NA,NA,NA,NA,NA,NA,H,Wife,Son,Daughter,NA,NA,NA,NA,NA,NA,NA,NA,60,52,28,18,NA,NA,NA,NA,NA,NA,NA,NA,4,Puerto Rican,1,4,5,9,414,NA,471.6,NA,NA,6,0.666666667,1.00 or less
3568900074-61057-009_3568900074-61057-010,Apartment,6,USA,Columbia,USA,USA,Columbia,NA,NA,NA,NA,NA,,,USA,Lat. Am.,USA,USA,Lat. Am.,NA,NA,NA,NA,NA,NA,NA,H,Wife,Son,Daughter,Roomer,NA,NA,NA,NA,NA,NA,NA,34,25,3,2,NA,NA,NA,NA,NA,NA,NA,NA,5,Puerto Rican mix,1,5,3,15,414,3536,540,11.7081448,15.27149321,6,0.833333333,1.00 or less
3568900074-61057-011_3568900074-61057-012,Apartment,6,PR,USA,USA,USA,PR,NA,NA,NA,NA,NA,,,PR,USA,USA,USA,PR,NA,NA,NA,NA,NA,NA,NA,H,Wife,Son,Son,Aunt,NA,NA,NA,NA,NA,NA,NA,29,25,4,1,71,NA,NA,NA,NA,NA,NA,NA,5,Puerto Rican,1,5,3,24,457.8,2600,568.8,17.60769231,21.87692308,6,0.833333333,1.00 or less
3568900074-61057-013_3568900074-61057-014,Apartment,6,PR,PR,PR,USA,USA,NA,NA,NA,NA,NA,,,PR,PR,PR,USA,USA,NA,NA,NA,NA,NA,NA,NA,Head,Wife,Son,Son,Daughter,NA,NA,NA,NA,NA,NA,NA,33,33,14,10,9,NA,NA,NA,NA,NA,NA,NA,5,Puerto Rican,1,5,2,11,509.04,2912,629.04,17.48076923,21.60164835,6,0.833333333,1.00 or less
3568900074-61057-015_3568900074-61057-016,Apartment,6,PR,PR,PR,NA,NA,NA,NA,NA,NA,NA,,,PR,PR,PR,NA,NA,NA,NA,NA,NA,NA,NA,NA,Head,Wife,Daughter,NA,NA,NA,NA,NA,NA,NA,NA,NA,56,59,19,NA,NA,NA,NA,NA,NA,NA,NA,NA,3,Puerto Rican,1,3,8,8,427.8,6604,547.8,6.477892187,8.294972744,6,0.5,1.00 or less
3568901018-61058-001_3568901018-61058-002,Apartment,4,PR,PR,PR,NA,NA,NA,NA,NA,NA,NA,,,PR,PR,PR,NA,NA,NA,NA,NA,NA,NA,NA,NA,Head,Son,Son,NA,NA,NA,NA,NA,NA,NA,NA,NA,47,18,16,NA,NA,NA,NA,NA,NA,NA,NA,NA,3,Puerto Rican,1,3,0.25,13,483,NA,614.88,NA,NA,4,0.75,1.00 or less
3568901018-61058-003_3568901018-61058-004,Apartment,4,PR,PR,PR,NA,NA,NA,NA,NA,NA,NA,,,PR,PR,PR,NA,NA,NA,NA,NA,NA,NA,NA,NA,Head,Wife,Son,NA,NA,NA,NA,NA,NA,NA,NA,NA,42,42,19,NA,NA,NA,NA,NA,NA,NA,NA,NA,3,Puerto Rican,1,3,NA,5,458.28,9036,675.48,5.071713147,7.475431607,4,0.75,1.00 or less
3568901018-61058-005_3568901018-61058-006,Apartment,4,USA,NA,NA,NA,NA,NA,NA,NA,NA,NA,,,USA,NA,NA,NA,NA,NA,NA,NA,NA,NA,NA,NA,H,NA,NA,NA,NA,NA,NA,NA,NA,NA,NA,NA,67,NA,NA,NA,NA,NA,NA,NA,NA,NA,NA,NA,1,White,0,0,20,67,405.6,NA,405.6,NA,NA,4,0.25,1.00 or less
3568901018-61058-007_3568901018-61058-008,Apartment,4,USA,USA,USA,NA,NA,NA,NA,NA,NA,NA,,,USA,USA,USA,NA,NA,NA,NA,NA,NA,NA,NA,NA,H,Daughter,Son,NA,NA,NA,NA,NA,NA,NA,NA,NA,38,38,12,NA,NA,NA,NA,NA,NA,NA,NA,NA,3,Negro,0,0,1,30,706.32,1820,850.32,38.80879121,46.72087912,4,0.75,1.00 or less
3568901018-61058-009_3568901018-61058-010,Apartment,4,PR,PR,PR,PR,PR,USA,USA,USA,NA,NA,,,PR,PR,PR,PR,PR,USA,USA,USA,NA,NA,NA,NA,Head,Wife,Daughter,Daughter,Daughter,Daughter,Daughter,Son,NA,NA,NA,NA,33,24,11,8,6,4,3,1,NA,NA,NA,NA,8,Puerto Rican,1,8,NA,7,474.6,2600,558.6,18.25384615,21.48461538,4,2,1.51 or more
3568901018-61058-011_3568901018-61058-012,NA,4,PR,PR,PR,USA,USA,NA,NA,NA,NA,NA,,,PR,PR,PR,USA,USA,NA,NA,NA,NA,NA,NA,NA,H,Wife,Son,Son,Daughter,NA,NA,NA,NA,NA,NA,NA,32,28,7,6,1,NA,NA,NA,NA,NA,NA,NA,5,NA,1,5,NA,NA,329.4,2704,329.4,12.18195266,12.18195266,4,1.25,1.01 to 1.50
3568901018-61058-013_3568901018-61058-014,NA,4,USA,USA,NA,NA,NA,NA,NA,NA,NA,NA,,,USA,USA,NA,NA,NA,NA,NA,NA,NA,NA,NA,NA,Head,Wife,NA,NA,NA,NA,NA,NA,NA,NA,NA,NA,69,66,NA,NA,NA,NA,NA,NA,NA,NA,NA,NA,2,White,0,0,26,69,405.6,6000,525.6,6.76,8.76,4,0.5,1.00 or less
3568901018-61058-015_3568901018-61058-016,NA,4,USA,USA,USA,USA,USA,USA,USA,NA,NA,NA,,,USA,USA,USA,USA,USA,USA,USA,NA,NA,NA,NA,NA,Head,Daughter,Daughter,Daughter,Son,Daughter,Son,NA,NA,NA,NA,NA,45,18,17,15,13,11,6,NA,NA,NA,NA,NA,7,White,0,0,4,45,616.44,702,796.44,87.81196581,113.4529915,4,1.75,1.51 or more
3568901018-61058-017_3568901018-61058-018,Apartment,4,PR,USA,USA,NA,NA,NA,NA,NA,NA,NA,,,PR,USA,USA,NA,NA,NA,NA,NA,NA,NA,NA,NA,H,Son,Son,NA,NA,NA,NA,NA,NA,NA,NA,NA,25,4,2,NA,NA,NA,NA,NA,NA,NA,NA,NA,3,Puerto Rican,1,3,NA,4,499.92,1500,559.92,33.328,37.328,4,0.75,1.00 or less
3568901018-61058-019_3568901018-61058-020,Apartment,4,Ireland,USA,NA,NA,NA,NA,NA,NA,NA,NA,,,Europe,USA,NA,NA,NA,NA,NA,NA,NA,NA,NA,NA,Mother,Son,NA,NA,NA,NA,NA,NA,NA,NA,NA,NA,63,31,NA,NA,NA,NA,NA,NA,NA,NA,NA,NA,2,White,0,0,12,40,405.6,5824,465.6,6.964285714,7.994505495,4,0.5,1.00 or less
3568901018-61058-021_3568901018-61058-022,Apartment,4,PR,PR,PR,PR,PR,USA,USA,NA,NA,NA,,,PR,PR,PR,PR,PR,USA,USA,NA,NA,NA,NA,NA,Husband,Wife,Son,Son,Son,Son,Daughter,NA,NA,NA,NA,NA,45,34,15,13,11,5,2,NA,NA,NA,NA,NA,7,Puerto Rican,1,7,5,6,612.72,3796,792.72,16.14120126,20.88303477,4,1.75,1.51 or more
3568901018-61058-023_3568901018-61058-024,Apartment,4,PR,NA,NA,NA,NA,NA,NA,NA,NA,NA,,,PR,NA,NA,NA,NA,NA,NA,NA,NA,NA,NA,NA,Head,NA,NA,NA,NA,NA,NA,NA,NA,NA,NA,NA,45,NA,NA,NA,NA,NA,NA,NA,NA,NA,NA,NA,1,Puerto Rican,1,1,3,12,518.16,2184,518.16,23.72527473,23.72527473,4,0.25,1.00 or less
3568901018-61058-025_3568901018-61058-026,Apartment,4,PR,PR,NA,NA,NA,NA,NA,NA,NA,NA,,,PR,PR,NA,NA,NA,NA,NA,NA,NA,NA,NA,NA,Husband,Wife,NA,NA,NA,NA,NA,NA,NA,NA,NA,NA,31,NA,NA,NA,NA,NA,NA,NA,NA,NA,NA,NA,2,NA,1,2,1,8,539.4,6136,671.4,8.790743155,10.94198175,4,0.5,1.00 or less
3568901018-61058-027_3568901018-61058-028,Apartment,4,USA,PR,USA,USA,USA,NA,NA,NA,NA,NA,,,USA,PR,USA,USA,USA,NA,NA,NA,NA,NA,NA,NA,H,Wife,Son,Son,Daughter,NA,NA,NA,NA,NA,NA,NA,31,26,8,7,1,NA,NA,NA,NA,NA,NA,NA,5,White,1,5,10,30,480,2340,564,20.51282051,24.1025641,4,1.25,1.01 to 1.50
3568901018-61058-029_3568901018-61058-031,Apartment,4,PR,PR,PR,PR,NA,NA,NA,NA,NA,NA,,,PR,PR,PR,PR,NA,NA,NA,NA,NA,NA,NA,NA,H,Wife,Son,Daughter,NA,NA,NA,NA,NA,NA,NA,NA,27,26,6,5,NA,NA,NA,NA,NA,NA,NA,NA,4,Puerto Rican,1,4,4,4,528.48,5460,618.48,9.679120879,11.32747253,4,1,1.00 or less
3568901018-61058-032_3568901018-61058-033,Apartment,4,PR,PR,NA,NA,NA,NA,NA,NA,NA,NA,,,PR,PR,NA,NA,NA,NA,NA,NA,NA,NA,NA,NA,Husband,Wife,Son,NA,NA,NA,NA,NA,NA,NA,NA,NA,36,38,12,NA,NA,NA,NA,NA,NA,NA,NA,NA,3,Puerto Rican,1,3,1,11,458.76,2912,687.48,15.75412088,23.60851648,4,0.75,1.00 or less
3568901018-61058-034_3568901018-61058-035,Apartment,4,PR,PR,USA,USA,USA,NA,NA,NA,NA,NA,,,PR,PR,USA,USA,USA,NA,NA,NA,NA,NA,NA,NA,Husband,Wife,Son,Daughter,Son,NA,NA,NA,NA,NA,NA,NA,30,26,4,3,1,NA,NA,NA,NA,NA,NA,NA,5,Puerto Rican,1,5,2,7,496.8,2860,664.8,17.37062937,23.24475524,4,1.25,1.01 to 1.50
3568902147-61059-001_3568902147-61059-002,Apartment,1,PR,PR,USA,NA,NA,NA,NA,NA,NA,NA,,,PR,PR,USA,NA,NA,NA,NA,NA,NA,NA,NA,NA,Head,Wife,Son,NA,NA,NA,NA,NA,NA,NA,NA,NA,22,21,1,NA,NA,NA,NA,NA,NA,NA,NA,NA,3,Puerto Rican,1,3,4,4,300,2444,300,12.27495908,12.27495908,1,3,1.51 or more
3568902147-61059-003_3568902147-61059-004,Apartment,3,USA,Cuba,NA,NA,NA,NA,NA,NA,NA,NA,,,USA,Caribbean,NA,NA,NA,NA,NA,NA,NA,NA,NA,NA,NA,NA,NA,NA,NA,NA,NA,NA,NA,NA,NA,NA,27,NA,2,NA,NA,NA,NA,NA,NA,NA,NA,NA,3,White,0,0,4,NA,465,4160,465,11.17788462,11.17788462,3,1,1.00 or less
3568902147-61059-005_3568902147-61059-006,Apartment,3,Italy,NA,NA,NA,NA,NA,NA,NA,NA,NA,,,Europe,NA,NA,NA,NA,NA,NA,NA,NA,NA,NA,NA,NA,NA,NA,NA,NA,NA,NA,NA,NA,NA,NA,NA,53,NA,NA,NA,NA,NA,NA,NA,NA,NA,NA,NA,1,NA,0,0,17,27,298.8,4000,298.8,7.47,7.47,3,0.333333333,1.00 or less
3568902147-61059-007_3568902147-61059-008,Apartment,4,USA,USA,USA,NA,NA,NA,NA,NA,NA,NA,,,USA,USA,USA,NA,NA,NA,NA,NA,NA,NA,NA,NA,NA,NA,NA,NA,NA,NA,NA,NA,NA,NA,NA,NA,44,36,10,NA,NA,NA,NA,NA,NA,NA,NA,NA,3,Negro,0,0,3,15,420,2644,420,15.88502269,15.88502269,4,0.75,1.00 or less
3568902147-61059-009_3568902147-61059-010,Apartment,4,PR,PR,PR,PR,PR,NA,NA,NA,NA,NA,,,PR,PR,PR,PR,PR,NA,NA,NA,NA,NA,NA,NA,Husband,Wife,Daughter,Son,Daughter,NA,NA,NA,NA,NA,NA,NA,48,37,19,17,15,NA,NA,NA,NA,NA,NA,NA,5,Puerto Rican,1,5,3,7,519,2750,663,18.87272727,24.10909091,4,1.25,1.01 to 1.50
3568902147-61059-011_3568902147-61059-012,Apartment,4,Austria,USA,USA,USA,USA,NA,NA,NA,NA,NA,,,Europe,USA,USA,USA,USA,NA,NA,NA,NA,NA,NA,NA,H,Wife,Daughter,Son,Son,NA,NA,NA,NA,NA,NA,NA,45,46,40,11,10,NA,NA,NA,NA,NA,NA,NA,5,White,0,0,8,23,402,16676,510,2.410650036,3.058287359,4,1.25,1.01 to 1.50
3568902147-61059-013_3568902147-61059-014,Apartment,3,USA,NA,NA,NA,NA,NA,NA,NA,NA,NA,,,USA,NA,NA,NA,NA,NA,NA,NA,NA,NA,NA,NA,H,NA,NA,NA,NA,NA,NA,NA,NA,NA,NA,NA,86,NA,NA,NA,NA,NA,NA,NA,NA,NA,NA,NA,1,White,0,0,46,75,298.8,NA,328.8,NA,NA,3,0.333333333,1.00 or less
3568902147-61059-015_3568902147-61059-016,Apartment,4,USA,USA,NA,NA,NA,NA,NA,NA,NA,NA,,,USA,USA,NA,NA,NA,NA,NA,NA,NA,NA,NA,NA,H,Brother,NA,NA,NA,NA,NA,NA,NA,NA,NA,NA,51,49,NA,NA,NA,NA,NA,NA,NA,NA,NA,NA,2,White,0,0,12,51,429,3800,429,11.28947368,11.28947368,4,0.5,1.00 or less
3568902147-61059-017_3568902147-61059-018,Apartment,3,England,NA,NA,NA,NA,NA,NA,NA,NA,NA,,,Europe,NA,NA,NA,NA,NA,NA,NA,NA,NA,NA,NA,Head,NA,NA,NA,NA,NA,NA,NA,NA,NA,NA,NA,68,NA,NA,NA,NA,NA,NA,NA,NA,NA,NA,NA,1,NA,0,0,20,40,298.8,657.6,333.6,45.4379562,50.72992701,3,0.333333333,1.00 or less
3568902147-61059-019_3568902147-61059-020,Apartment,NA,PR,USA,USA,USA,USA,NA,NA,NA,NA,NA,,,PR,USA,USA,USA,USA,NA,NA,NA,NA,NA,NA,NA,M,Daughter,Daughter,Son,Daughter,NA,NA,NA,NA,NA,NA,NA,28,5,5,4,3,NA,NA,NA,NA,NA,NA,NA,6,NA,1,6,0.75,6,600,NA,600,NA,NA,NA,NA,NA
3568902147-61059-021_3568902147-61059-022,Apartment,3,PR,PR,NA,NA,NA,NA,NA,NA,NA,NA,,,PR,PR,NA,NA,NA,NA,NA,NA,NA,NA,NA,NA,Head,Wife,NA,NA,NA,NA,NA,NA,NA,NA,NA,NA,23,26,NA,NA,NA,NA,NA,NA,NA,NA,NA,NA,2,Puerto Rican,1,2,7,10,436.68,2080,436.68,20.99423077,20.99423077,3,0.666666667,1.00 or less
3568902147-61059-023_3568902147-61059-024,Apartment,4,PR,PR,PR,USA,NA,NA,NA,NA,NA,NA,,,PR,PR,PR,USA,NA,NA,NA,NA,NA,NA,NA,NA,H,Wife,Daughter,Daughter,NA,NA,NA,NA,NA,NA,NA,NA,31,33,7,3,NA,NA,NA,NA,NA,NA,NA,NA,4,Puerto Rican,1,4,5,9,405.24,6240,480.84,6.494230769,7.705769231,4,1,1.00 or less
3568902147-61059-025_3568902147-61059-026,Apartment,4,Ireland,England,NA,NA,NA,NA,NA,NA,NA,NA,,,Europe,Europe,NA,NA,NA,NA,NA,NA,NA,NA,NA,NA,Father,Daughter,NA,NA,NA,NA,NA,NA,NA,NA,NA,NA,68,18,NA,NA,NA,NA,NA,NA,NA,NA,NA,NA,2,White,0,0,12,38,364.2,5928,448.2,6.143724696,7.560728745,4,0.5,1.00 or less
3568902147-61059-027_3568902147-61059-028,Apartment,3,PR,PR,PR,PR,PR,PR,NA,NA,NA,NA,,,PR,PR,PR,PR,PR,PR,NA,NA,NA,NA,NA,NA,Head,Daughter,Daughter,Daughter,Daughter,Son,NA,NA,NA,NA,NA,NA,32,17,15,11,10,3,NA,NA,NA,NA,NA,NA,6,Puerto Rican,1,6,NA,2,449.88,NA,665.88,NA,NA,3,2,1.51 or more
3568902147-61059-029_3568902147-61059-030,Apartment,3,PR,PR,PR,PR,PR,PR,NA,NA,NA,NA,,,PR,PR,PR,PR,PR,PR,NA,NA,NA,NA,NA,NA,Mother,Daughter,Daughter,Daughter,Daughter,Son,NA,NA,NA,NA,NA,NA,32,16,14,12,11,3,NA,NA,NA,NA,NA,NA,6,Puerto Rican,1,6,1,2,NA,NA,NA,NA,NA,3,2,1.51 or more
3568902147-61059-031_3568902147-61059-032,Apartment,4,PR,PR,USA,NA,NA,NA,NA,NA,NA,NA,,,PR,PR,USA,NA,NA,NA,NA,NA,NA,NA,NA,NA,H,Wife,Daughter,NA,NA,NA,NA,NA,NA,NA,NA,NA,34,46,8,NA,NA,NA,NA,NA,NA,NA,NA,NA,3,Puerto Rican,1,3,1.5,5,459,NA,459,NA,NA,4,0.75,1.00 or less
3568902147-61059-033_3568902147-61059-034,Apartment,4,USA,USA,NA,NA,NA,NA,NA,NA,NA,NA,,,USA,USA,NA,NA,NA,NA,NA,NA,NA,NA,NA,NA,H,Wife,NA,NA,NA,NA,NA,NA,NA,NA,NA,NA,40,40,NA,NA,NA,NA,NA,NA,NA,NA,NA,NA,2,NA,0,0,4.5,40,465,1080,465,43.05555556,43.05555556,4,0.5,1.00 or less
3568902147-61059-035_3568902147-61059-036,Apartment,4,PR,PR,NA,NA,NA,NA,NA,NA,NA,NA,,,PR,PR,NA,NA,NA,NA,NA,NA,NA,NA,NA,NA,Daughter,M,NA,NA,NA,NA,NA,NA,NA,NA,NA,NA,30,62,NA,NA,NA,NA,NA,NA,NA,NA,NA,NA,2,Puerto Rican,1,2,14,15,378,2436.2,498,15.51596749,20.44167146,4,0.5,1.00 or less
3568902147-61059-037_3568902147-61059-038,Apartment,4,PR,PR,PR,NA,NA,NA,NA,NA,NA,NA,,,PR,PR,PR,NA,NA,NA,NA,NA,NA,NA,NA,NA,Mother,Daughter,Grand Daughter,NA,NA,NA,NA,NA,NA,NA,NA,NA,62,30,51,NA,NA,NA,NA,NA,NA,NA,NA,NA,3,Puerto Rican,1,3,12,12,378,2592,502.8,14.58333333,19.39814815,4,0.75,1.00 or less
3568902147-61059-039_3568902147-61059-040,Apartment,3,PR,PR,PR,PR,NA,NA,NA,NA,NA,NA,,,PR,PR,PR,PR,NA,NA,NA,NA,NA,NA,NA,NA,Wife,Son,Daughter,Daughter,NA,NA,NA,NA,NA,NA,NA,NA,25,8,5,1,NA,NA,NA,NA,NA,NA,NA,NA,4,Puerto Rican,1,4,5,5,372.6,NA,372.6,NA,NA,3,1.333333333,1.01 to 1.50
3568902147-61059-041_3568902147-61059-042,Apartment,4,PR,PR,PR,PR,PR,PR,PR,NA,NA,NA,,,PR,PR,PR,PR,PR,PR,PR,NA,NA,NA,NA,NA,H,Wife,Son,Son,Daughter,Son,Son,NA,NA,NA,NA,NA,38,41,13,11,9,7,4,NA,NA,NA,NA,NA,7,Puerto Rican,1,7,2,6,448.44,3460,538.44,12.96069364,15.56184971,4,1.75,1.51 or more
3568902741-61060-001_3568902741-61060-002,Apartment,3,CostaRica,PR,USA,PR,USA,NA,NA,NA,NA,NA,,,Lat. Am.,PR,USA,PR,USA,NA,NA,NA,NA,NA,NA,NA,H,Wife,Grand Son,H,Wife,NA,NA,NA,NA,NA,NA,NA,66,8,14,28,30,NA,NA,NA,NA,NA,NA,NA,5,White,1,5,23,41,396,3936.4,526.2,10.05995326,13.36754395,3,1.666666667,1.51 or more
3568902741-61060-003_3568902741-61060-004,Apartment,3,PR,PR,PR,NA,NA,NA,NA,NA,NA,NA,,,PR,PR,PR,NA,NA,NA,NA,NA,NA,NA,NA,NA,M,Nephew,Niece,NA,NA,NA,NA,NA,NA,NA,NA,NA,56,20,24,NA,NA,NA,NA,NA,NA,NA,NA,NA,3,Puerto Rican,1,3,7,12,387.12,1612,459.12,24.01488834,28.48138958,3,1,1.00 or less
3568902741-61060-005_3568902741-61060-006,Apartment,3,PR,PR,USA,USA,NA,NA,NA,NA,NA,NA,,,PR,PR,USA,USA,NA,NA,NA,NA,NA,NA,NA,NA,Head,Husband,Daughter,Daughter,NA,NA,NA,NA,NA,NA,NA,NA,29,24,3,1,NA,NA,NA,NA,NA,NA,NA,NA,4,Puerto Rican,1,4,4,4,430.68,2600,514.68,16.56461538,19.79538462,3,1.333333333,1.01 to 1.50
3568902741-61060-007_3568902741-61060-008,Apartment,4,PR,PR,PR,PR,PR,PR,NA,NA,NA,NA,,,PR,PR,PR,PR,PR,PR,NA,NA,NA,NA,NA,NA,Head,Son,Daughter,Son,Son,Daughter,NA,NA,NA,NA,NA,NA,43,18,15,13,10,9,NA,NA,NA,NA,NA,NA,6,Puerto Rican,1,6,5,5,458.76,2500,458.76,18.3504,18.3504,4,1.5,1.01 to 1.50
3568902741-61060-009_3568902741-61060-010,Apartment,4,PR,PR,PR,PR,PR,PR,NA,NA,NA,NA,,,PR,PR,PR,PR,PR,PR,NA,NA,NA,NA,NA,NA,Father,Son,Daughter,Son,Son,Daughter,NA,NA,NA,NA,NA,NA,42,21,16,14,12,11,NA,NA,NA,NA,NA,NA,6,NA,1,6,6,5,458.76,2700,544.56,16.99111111,20.16888889,4,1.5,1.01 to 1.50
3568902741-61060-011_3568902741-61060-012,Apartment,3,PR,PR,NA,NA,NA,NA,NA,NA,NA,NA,,,PR,PR,NA,NA,NA,NA,NA,NA,NA,NA,NA,NA,H,Wife,NA,NA,NA,NA,NA,NA,NA,NA,NA,NA,71,51,NA,NA,NA,NA,NA,NA,NA,NA,NA,NA,2,Puerto Rican,1,2,9,9,394.2,1200,394.2,32.85,32.85,3,0.666666667,1.00 or less
3568902741-61060-013_3568902741-61060-014,Apartment,3,USA,NA,NA,NA,NA,NA,NA,NA,NA,NA,,,USA,NA,NA,NA,NA,NA,NA,NA,NA,NA,NA,NA,Head,NA,NA,NA,NA,NA,NA,NA,NA,NA,NA,NA,74,NA,NA,NA,NA,NA,NA,NA,NA,NA,NA,NA,1,White,0,0,51,73,285,18000,327.6,1.583333333,1.82,3,0.333333333,1.00 or less
3568902741-61060-015_3568902741-61060-016,Apartment,3,PR,PR,DR,USA,USA,NA,NA,NA,NA,NA,,,PR,PR,Caribbean,USA,USA,NA,NA,NA,NA,NA,NA,NA,Head,Cousin of 1,Wife of 2,Daughter,Daughter,NA,NA,NA,NA,NA,NA,NA,NA,42,46,4,5,NA,NA,NA,NA,NA,NA,NA,5,Puerto Rican,1,5,12,NA,372,6240,516,5.961538462,8.269230769,3,1.666666667,1.51 or more
3568902741-61060-017_3568902741-61060-018,Apartment,3,PR,USA,NA,NA,NA,NA,NA,NA,NA,NA,,,PR,USA,NA,NA,NA,NA,NA,NA,NA,NA,NA,NA,Head,Grand Son,NA,NA,NA,NA,NA,NA,NA,NA,NA,NA,32,4,NA,NA,NA,NA,NA,NA,NA,NA,NA,NA,2,Puerto Rican,1,2,6,7,597.24,NA,675.24,NA,NA,3,0.666666667,1.00 or less
3568902741-61060-019_3568902741-61060-020,Apartment,4,I,I,NA,NA,NA,NA,NA,NA,NA,NA,,,NA,NA,NA,NA,NA,NA,NA,NA,NA,NA,NA,NA,NA,NA,NA,NA,NA,NA,NA,NA,NA,NA,NA,NA,75,NA,NA,NA,NA,NA,NA,NA,NA,NA,NA,NA,2,White,0,0,23,33,350.4,7072,350.4,4.954751131,4.954751131,4,0.5,1.00 or less
3568902741-61060-021_3568902741-61060-022,Apartment,4,Ireland,Ireland,Ireland,NA,NA,NA,NA,NA,NA,NA,,,Europe,Europe,Europe,NA,NA,NA,NA,NA,NA,NA,NA,NA,Sister,Sister,NA,NA,NA,NA,NA,NA,NA,NA,NA,NA,75,85,NA,NA,NA,NA,NA,NA,NA,NA,NA,NA,2,White,0,0,23,32,350.4,5512,409.2,6.357039187,7.423802612,4,0.5,1.00 or less
3568902741-61060-023_3568902741-61060-024,Apartment,4,PR,PR,PR,Virgin Islands,PR,PR,NA,NA,NA,NA,,,PR,PR,PR,Caribbean,PR,PR,NA,NA,NA,NA,NA,NA,Mother,Son,Daughter,Son,Daughter,Daughter,NA,NA,NA,NA,NA,NA,41,21,15,13,12,7,NA,NA,NA,NA,NA,NA,6,Puerto Rican,1,6,0.58,0.58,586.2,2340,685.2,25.05128205,29.28205128,4,1.5,1.01 to 1.50
3568902741-61060-025_3568902741-61060-026,Apartment,4,PR,PR,PR,PR,PR,NA,NA,NA,NA,NA,,,PR,PR,PR,PR,PR,NA,NA,NA,NA,NA,NA,NA,Head,Wife,Grand Son,Grand Daughter,Grand Son,NA,NA,NA,NA,NA,NA,NA,76,58,6,4,2,NA,NA,NA,NA,NA,NA,NA,5,Puerto Rican,1,5,1,3,336.6,NA,480.6,NA,NA,4,1.25,1.01 to 1.50
3568902741-61060-027_3568902741-61060-028,Apartment,4,PR,PR,PR,PR,PR,NA,NA,NA,NA,NA,,,PR,PR,PR,PR,PR,NA,NA,NA,NA,NA,NA,NA,H,Wife,Grand Son,Grand Daughter,Grand Son,NA,NA,NA,NA,NA,NA,NA,66,55,5,4,2,NA,NA,NA,NA,NA,NA,NA,5,Puerto Rican,1,5,1.5,2.5,336.6,NA,336.6,NA,NA,4,1.25,1.01 to 1.50
3568902741-61060-029_3568902741-61060-030,Apartment,3.5,PR,PR,USA,USA,NA,NA,NA,NA,NA,NA,,,PR,PR,USA,USA,NA,NA,NA,NA,NA,NA,NA,NA,Head,Wife,Son,Daughter,NA,NA,NA,NA,NA,NA,NA,NA,24,26,2,2,NA,NA,NA,NA,NA,NA,NA,NA,4,Puerto Rican,1,4,3,10,627.96,4030,699.96,15.582134,17.36873449,3.5,1.142857143,1.01 to 1.50
3568902741-61060-031_3568902741-61060-032,Apartment,3,PR,PR,USA,USA,NA,NA,NA,NA,NA,NA,,,PR,PR,USA,USA,NA,NA,NA,NA,NA,NA,NA,NA,H,Wife,Daughter,Son,NA,NA,NA,NA,NA,NA,NA,NA,24,27,2,2,NA,NA,NA,NA,NA,NA,NA,NA,4,Puerto Rican,1,4,2,10,626.76,NA,695.76,NA,NA,3,1.333333333,1.01 to 1.50
3568902741-61060-033_3568902741-61060-034,Apartment,4,PR,PR,USA,USA,NA,NA,NA,NA,NA,NA,,,PR,PR,USA,USA,NA,NA,NA,NA,NA,NA,NA,NA,H,Wife,Son,Son,NA,NA,NA,NA,NA,NA,NA,NA,26,24,6,3,NA,NA,NA,NA,NA,NA,NA,NA,4,Puerto Rican,1,4,3,5,442.8,3068,504.6,14.43285528,16.44719687,4,1,1.00 or less
3568902741-61060-035_3568902741-61060-036,Apartment,3,Greece,NA,NA,NA,NA,NA,NA,NA,NA,NA,,,Europe,NA,NA,NA,NA,NA,NA,NA,NA,NA,NA,NA,Head,NA,NA,NA,NA,NA,NA,NA,NA,NA,NA,NA,71,NA,NA,NA,NA,NA,NA,NA,NA,NA,NA,NA,1,White,0,0,20,50,298.8,3978,386.4,7.511312217,9.713423831,3,0.333333333,1.00 or less
3568902741-61060-037_3568902741-61060-038,Apartment,4,PR,PR,USA,NA,NA,NA,NA,NA,NA,NA,,,PR,PR,USA,NA,NA,NA,NA,NA,NA,NA,NA,NA,Husband,Wife,Son,NA,NA,NA,NA,NA,NA,NA,NA,NA,32,30,7,NA,NA,NA,NA,NA,NA,NA,NA,NA,3,Puerto Rican,1,3,1,8,434.76,2600,434.76,16.72153846,16.72153846,4,0.75,1.00 or less
3568902741-61060-039_3568902741-61060-040,Apartment,4,PR,PR,USA,PR,NA,NA,NA,NA,NA,NA,,,PR,PR,USA,PR,NA,NA,NA,NA,NA,NA,NA,NA,H,Wife,Son,Brother in Law,NA,NA,NA,NA,NA,NA,NA,NA,36,29,6,28,NA,NA,NA,NA,NA,NA,NA,NA,4,Puerto Rican,1,4,1.5,7,437.88,2600,437.88,16.84153846,16.84153846,4,1,1.00 or less
3568902741-61060-041_3568902741-61060-042,Apartment,3.5,PR,PR,USA,NA,NA,NA,NA,NA,NA,NA,,,PR,PR,USA,NA,NA,NA,NA,NA,NA,NA,NA,NA,NA,NA,NA,NA,NA,NA,NA,NA,NA,NA,NA,NA,51,32,6,NA,NA,NA,NA,NA,NA,NA,NA,NA,3,Puerto Rican,1,3,5,14,420,NA,420,NA,NA,3.5,0.857142857,1.00 or less
3568902741-61060-043_3568902741-61060-044,Apartment,4,PR,PR,USA,NA,NA,NA,NA,NA,NA,NA,,,PR,PR,USA,NA,NA,NA,NA,NA,NA,NA,NA,NA,H,Wife,Son,NA,NA,NA,NA,NA,NA,NA,NA,NA,24,24,1,NA,NA,NA,NA,NA,NA,NA,NA,NA,3,NA,1,3,12,8,585.6,2288,658.2,25.59440559,28.76748252,4,0.75,1.00 or less
3568902741-61060-045_3568902741-61060-046,Apartment,4,PR,PR,USA,NA,NA,NA,NA,NA,NA,NA,,,PR,PR,USA,NA,NA,NA,NA,NA,NA,NA,NA,NA,H,Wife,Son,NA,NA,NA,NA,NA,NA,NA,NA,NA,24,24,1,NA,NA,NA,NA,NA,NA,NA,NA,NA,3,Puerto Rican,1,3,NA,NA,585.48,2200,585.48,26.61272727,26.61272727,4,0.75,1.00 or less
3568902741-61060-047_3568902741-61060-048,Apartment,4,PR,USA,PR,NA,NA,NA,NA,NA,NA,NA,,,PR,USA,PR,NA,NA,NA,NA,NA,NA,NA,NA,NA,M,Son,Son,NA,NA,NA,NA,NA,NA,NA,NA,NA,37,6,7,NA,NA,NA,NA,NA,NA,NA,NA,NA,3,NA,1,3,1.08,6,372,NA,372,NA,NA,4,0.75,1.00 or less
3568902741-61060-049_3568902741-61060-050,Apartment,4,PR,USA,PR,NA,NA,NA,NA,NA,NA,NA,,,PR,USA,PR,NA,NA,NA,NA,NA,NA,NA,NA,NA,Head,Son,Son,NA,NA,NA,NA,NA,NA,NA,NA,NA,37,6,7,NA,NA,NA,NA,NA,NA,NA,NA,NA,3,NA,1,3,NA,NA,NA,NA,NA,NA,NA,4,0.75,1.00 or less
3568902741-61060-051_3568902741-61060-052,Apartment,4,DR,DR,DR,NA,NA,NA,NA,NA,NA,NA,,,Caribbean,Caribbean,Caribbean,NA,NA,NA,NA,NA,NA,NA,NA,NA,Head,Sister,Niece,NA,NA,NA,NA,NA,NA,NA,NA,NA,53,41,25,NA,NA,NA,NA,NA,NA,NA,NA,NA,3,other,0,0,7,7,669.96,4264,729.96,15.7120075,17.11913696,4,0.75,1.00 or less
3568902741-61060-053_3568902741-61060-054,Apartment,4,NA,DR,NA,NA,NA,NA,NA,NA,NA,NA,,,NA,Caribbean,NA,NA,NA,NA,NA,NA,NA,NA,NA,NA,Sister,Sister,NA,NA,NA,NA,NA,NA,NA,NA,NA,NA,53,45,NA,NA,NA,NA,NA,NA,NA,NA,NA,NA,2,NA,0,0,6,7,666.6,NA,666.6,NA,NA,4,0.5,1.00 or less
3568903702-61061-001_3568903702-61061-002,Apartment,4,PR,PR,PR,PR,NA,NA,NA,NA,NA,NA,,,PR,PR,PR,PR,NA,NA,NA,NA,NA,NA,NA,NA,NA,NA,NA,NA,NA,NA,NA,NA,NA,NA,NA,NA,42,28,8,6,NA,NA,NA,NA,NA,NA,NA,NA,4,Puerto Rican,1,4,0.58,1,499.92,2340,499.92,21.36410256,21.36410256,4,1,1.00 or less
3568903702-61061-003_3568903702-61061-004,Apartment,4,PR,PR,PR,PR,NA,NA,NA,NA,NA,NA,,,PR,PR,PR,PR,NA,NA,NA,NA,NA,NA,NA,NA,H,Wife,Son,Son,NA,NA,NA,NA,NA,NA,NA,NA,43,28,9,6,NA,NA,NA,NA,NA,NA,NA,NA,4,NA,1,4,0.58,2,499.92,2340,542.52,21.36410256,23.18461538,4,1,1.00 or less
3568903702-61061-005_3568903702-61061-006,Apartment,3,Japan,USA,NA,NA,NA,NA,NA,NA,NA,NA,,,Asia,USA,NA,NA,NA,NA,NA,NA,NA,NA,NA,NA,H,Wife,NA,NA,NA,NA,NA,NA,NA,NA,NA,NA,66,46,NA,NA,NA,NA,NA,NA,NA,NA,NA,NA,2,Oriental,0,0,15,35,326.4,5000,392.4,6.528,7.848,3,0.666666667,1.00 or less
3568903702-61061-007_3568903702-61061-008,Apartment,4,PR,PR,USA,USA,USA,USA,USA,NA,NA,NA,,,PR,PR,USA,USA,USA,USA,USA,NA,NA,NA,NA,NA,H,Wife,Son,Son,Daughter,Daughter,Son,NA,NA,NA,NA,NA,33,28,10,9,6,5,3,NA,NA,NA,NA,NA,7,Puerto Rican,1,7,0.58,11,NA,2400,NA,NA,NA,4,1.75,1.51 or more
3568903702-61061-009_3568903702-61061-010,Apartment,3,Spain,Spain,NA,NA,NA,NA,NA,NA,NA,NA,,,Europe,Europe,NA,NA,NA,NA,NA,NA,NA,NA,NA,NA,H,Cousin,NA,NA,NA,NA,NA,NA,NA,NA,NA,NA,66,58,NA,NA,NA,NA,NA,NA,NA,NA,NA,NA,2,White,0,0,15,30,326.4,4940,356.4,6.607287449,7.214574899,3,0.666666667,1.00 or less
3568903702-61061-011_3568903702-61061-012,Apartment,3,Spain,NA,NA,NA,NA,NA,NA,NA,NA,NA,,,Europe,NA,NA,NA,NA,NA,NA,NA,NA,NA,NA,NA,Head,NA,NA,NA,NA,NA,NA,NA,NA,NA,NA,NA,59,NA,NA,NA,NA,NA,NA,NA,NA,NA,NA,NA,1,White,0,0,2,22,375.36,2808,423.96,13.36752137,15.0982906,3,0.333333333,1.00 or less
3568903702-61061-013_3568903702-61061-014,Apartment,3,USA,USA,NA,NA,NA,NA,NA,NA,NA,NA,,,USA,USA,NA,NA,NA,NA,NA,NA,NA,NA,NA,NA,H,Wife,NA,NA,NA,NA,NA,NA,NA,NA,NA,NA,62,56,NA,NA,NA,NA,NA,NA,NA,NA,NA,NA,2,NA,0,0,21,32,350.4,2925.52,350.4,11.97735787,11.97735787,3,0.666666667,1.00 or less
3568903702-61061-015_3568903702-61061-016,Apartment,4,Russia,Russia,NA,NA,NA,NA,NA,NA,NA,NA,,,Europe,Europe,NA,NA,NA,NA,NA,NA,NA,NA,NA,NA,H,Wife,NA,NA,NA,NA,NA,NA,NA,NA,NA,NA,64,64,NA,NA,NA,NA,NA,NA,NA,NA,NA,NA,2,White,0,0,19,41,378,1820,441,20.76923077,24.23076923,4,0.5,1.00 or less
3568903702-61061-017_3568903702-61061-018,Apartment,4,China,USA,NA,NA,NA,NA,NA,NA,NA,NA,,,Asia,USA,NA,NA,NA,NA,NA,NA,NA,NA,NA,NA,Head,Wife,NA,NA,NA,NA,NA,NA,NA,NA,NA,NA,58,31,NA,NA,NA,NA,NA,NA,NA,NA,NA,NA,2,Multi,0,0,20,31,378,NA,378,NA,NA,4,0.5,1.00 or less
3568903702-61061-019_3568903702-61061-020,Apartment,4,China,USA,NA,NA,NA,NA,NA,NA,NA,NA,,,Asia,USA,NA,NA,NA,NA,NA,NA,NA,NA,NA,NA,H,Wife,NA,NA,NA,NA,NA,NA,NA,NA,NA,NA,58,33,NA,NA,NA,NA,NA,NA,NA,NA,NA,NA,2,Oriental,0,0,16,35,378,2600,498,14.53846154,19.15384615,4,0.5,1.00 or less
3568903702-61061-021_3568903702-61061-022,Apartment,3,PR,USA,USA,NA,NA,NA,NA,NA,NA,NA,,,PR,USA,USA,NA,NA,NA,NA,NA,NA,NA,NA,NA,Mother,Daughter,Daughter,NA,NA,NA,NA,NA,NA,NA,NA,NA,35,14,5,NA,NA,NA,NA,NA,NA,NA,NA,NA,3,Puerto Rican,1,3,10,13,351.24,2496,351.24,14.07211538,14.07211538,3,1,1.00 or less
3568903702-61061-023_3568903702-61061-024,Apartment,4,Greece,France,USA,NA,NA,NA,NA,NA,NA,NA,,,Europe,Europe,USA,NA,NA,NA,NA,NA,NA,NA,NA,NA,H,Wife,Daughter,NA,NA,NA,NA,NA,NA,NA,NA,NA,58,69,19,NA,NA,NA,NA,NA,NA,NA,NA,NA,3,White,0,0,18,39,378,2340,463.2,16.15384615,19.79487179,4,0.75,1.00 or less
3568903702-61061-025_3568903702-61061-026,Apartment,4,USA,PR,NA,NA,NA,NA,NA,NA,NA,NA,,,USA,PR,NA,NA,NA,NA,NA,NA,NA,NA,NA,NA,H,Wife,NA,NA,NA,NA,NA,NA,NA,NA,NA,NA,32,22,NA,NA,NA,NA,NA,NA,NA,NA,NA,NA,2,White,1,2,NA,31,548.4,3383.12,548.4,16.2098891,16.2098891,4,0.5,1.00 or less
3568903702-61061-027_3568903702-61061-028,Apartment,3,PR,PR,USA,NA,NA,NA,NA,NA,NA,NA,,,PR,PR,USA,NA,NA,NA,NA,NA,NA,NA,NA,NA,Mother,Son,Son,NA,NA,NA,NA,NA,NA,NA,NA,NA,26,8,5,NA,NA,NA,NA,NA,NA,NA,NA,NA,3,Puerto Rican,1,3,0.67,5,705.96,NA,768.36,NA,NA,3,1,1.00 or less
3568903702-61061-029_3568903702-61061-030,Apartment,3,PR,PR,USA,NA,NA,NA,NA,NA,NA,NA,,,PR,PR,USA,NA,NA,NA,NA,NA,NA,NA,NA,NA,Head,Son,Son,NA,NA,NA,NA,NA,NA,NA,NA,NA,26,8,5,NA,NA,NA,NA,NA,NA,NA,NA,NA,3,Puerto Rican,1,3,14,6,705.96,1764,765.96,40.02040816,43.42176871,3,1,1.00 or less
3568903702-61061-031_3568903702-61061-032,Apartment,NA,PR,PR,PR,PR,USA,NA,NA,NA,NA,NA,,,PR,PR,PR,PR,USA,NA,NA,NA,NA,NA,NA,NA,H,Wife,Daughter,Daughter,Daughter,NA,NA,NA,NA,NA,NA,NA,48,35,14,7,2,NA,NA,NA,NA,NA,NA,NA,5,NA,1,5,1,3,444.96,NA,444.96,NA,NA,NA,NA,NA
3568903702-61061-033_3568903702-61061-034,Apartment,3,Nicaragua,Spain,NA,NA,NA,NA,NA,NA,NA,NA,,,Lat. Am.,Europe,NA,NA,NA,NA,NA,NA,NA,NA,NA,NA,Head,Husband,NA,NA,NA,NA,NA,NA,NA,NA,NA,NA,26,26,NA,NA,NA,NA,NA,NA,NA,NA,NA,NA,2,other,0,0,0.5,3,515.88,2600,539.88,19.84153846,20.76461538,3,0.666666667,1.00 or less
3568903702-61061-035_3568903702-61061-036,Apartment,4,Trinidad,Trinidad,NA,NA,NA,NA,NA,NA,NA,NA,,,Caribbean,Caribbean,NA,NA,NA,NA,NA,NA,NA,NA,NA,NA,H,Daughter,NA,NA,NA,NA,NA,NA,NA,NA,NA,NA,39,17,NA,NA,NA,NA,NA,NA,NA,NA,NA,NA,2,Multi,0,0,7,10,462,2600,534,17.76923077,20.53846154,4,0.5,1.00 or less
3568903702-61061-037_3568903702-61061-038,Apartment,3,USA,USA,NA,NA,NA,NA,NA,NA,NA,NA,,,USA,USA,NA,NA,NA,NA,NA,NA,NA,NA,NA,NA,Brother,Sister,NA,NA,NA,NA,NA,NA,NA,NA,NA,NA,73,67,NA,NA,NA,NA,NA,NA,NA,NA,NA,NA,2,White,0,0,14,NA,380.4,588,442.8,64.69387755,75.30612245,3,0.666666667,1.00 or less
3568903702-61061-039_3568903702-61061-040,Rooming,4,Panama,Panama,Panama,Panama,Panama,Panama,NA,NA,NA,NA,,,Lat. Am.,Lat. Am.,Lat. Am.,Lat. Am.,Lat. Am.,Lat. Am.,NA,NA,NA,NA,NA,NA,H,Wife,Son,Son,Daughter,Son,NA,NA,NA,NA,NA,NA,41,26,9,7,6,3,NA,NA,NA,NA,NA,NA,6,other,0,0,0.58,0.58,444.96,2580,444.96,17.24651163,17.24651163,4,1.5,1.01 to 1.50
3568903702-61061-041_3568903702-61061-042,Apartment,4,Ecuador,Panama,Panama,Panama,Panama,Panama,NA,NA,NA,NA,,,Lat. Am.,Lat. Am.,Lat. Am.,Lat. Am.,Lat. Am.,Lat. Am.,NA,NA,NA,NA,NA,NA,H,Wife,Son,Son,Daughter,Son,NA,NA,NA,NA,NA,NA,39,27,9,5,5,3,NA,NA,NA,NA,NA,NA,6,NA,0,0,0.5,0.5,444.96,1560,444.96,28.52307692,28.52307692,4,1.5,1.01 to 1.50
3568903702-61061-043_3568903702-61061-044,Apartment,3,PR,PR,PR,NA,NA,NA,NA,NA,NA,NA,,,PR,PR,PR,NA,NA,NA,NA,NA,NA,NA,NA,NA,H,Wife,Sister,NA,NA,NA,NA,NA,NA,NA,NA,NA,30,28,57,NA,NA,NA,NA,NA,NA,NA,NA,NA,3,Puerto Rican,1,3,NA,NA,414,2880,414,14.375,14.375,3,1,1.00 or less
3568904271-61062-001_3568904271-61062-002,Apartment,2,USA,NA,NA,NA,NA,NA,NA,NA,NA,NA,,,USA,NA,NA,NA,NA,NA,NA,NA,NA,NA,NA,NA,H,NA,NA,NA,NA,NA,NA,NA,NA,NA,NA,NA,59,NA,NA,NA,NA,NA,NA,NA,NA,NA,NA,NA,1,White,0,0,4,40,430.2,7000,682.2,6.145714286,9.745714286,2,0.5,1.00 or less
3568904271-61062-003_3568904271-61062-004,Apartment,NA,USA,NA,NA,NA,NA,NA,NA,NA,NA,NA,,,USA,NA,NA,NA,NA,NA,NA,NA,NA,NA,NA,NA,Head,NA,NA,NA,NA,NA,NA,NA,NA,NA,NA,NA,NA,NA,NA,NA,NA,NA,NA,NA,NA,NA,NA,NA,1,NA,0,0,NA,NA,NA,NA,NA,NA,NA,NA,NA,NA
3568904271-61062-005_3568904271-61062-006,Apartment,3,PR,PR,PR,PR,PR,USA,USA,NA,NA,NA,,,PR,PR,PR,PR,PR,USA,USA,NA,NA,NA,NA,NA,H,Wife,Daughter,Son,Son,Daughter,Son,NA,NA,NA,NA,NA,51,34,15,14,12,8,1,NA,NA,NA,NA,NA,7,Puerto Rican,1,7,7,9,317.4,3640,317.4,8.71978022,8.71978022,3,2.333333333,1.51 or more
3568904271-61062-007_3568904271-61062-008,Apartment,4,NA,NA,NA,NA,NA,NA,NA,NA,NA,NA,,,NA,NA,NA,NA,NA,NA,NA,NA,NA,NA,NA,NA,NA,NA,NA,NA,NA,NA,NA,NA,NA,NA,NA,NA,NA,NA,NA,NA,NA,NA,NA,NA,NA,NA,NA,NA,NA,NA,0,NA,NA,NA,316.8,NA,316.8,NA,NA,NA,NA,NA
3568904271-61062-009_3568904271-61062-010,Apartment,4,PR,PR,USA,NA,NA,NA,NA,NA,NA,NA,,,PR,PR,USA,NA,NA,NA,NA,NA,NA,NA,NA,NA,Head,Wife,Daughter,NA,NA,NA,NA,NA,NA,NA,NA,NA,37,29,8,NA,NA,NA,NA,NA,NA,NA,NA,NA,3,Puerto Rican,1,3,12,12,380.88,2600,500.88,14.64923077,19.26461538,4,0.75,1.00 or less
3568904271-61062-011_3568904271-61062-012,Apartment,2,USA,NA,NA,NA,NA,NA,NA,NA,NA,NA,,,USA,NA,NA,NA,NA,NA,NA,NA,NA,NA,NA,NA,NA,NA,NA,NA,NA,NA,NA,NA,NA,NA,NA,NA,21,NA,NA,NA,NA,NA,NA,NA,NA,NA,NA,NA,1,NA,0,0,NA,NA,897,NA,897,NA,NA,2,0.5,1.00 or less
3568904271-61062-013_3568904271-61062-014,Apartment,4,USA,China,USA,USA,NA,NA,NA,NA,NA,NA,,,USA,Asia,USA,USA,NA,NA,NA,NA,NA,NA,NA,NA,Head,Husband,Wife,Aunt,NA,NA,NA,NA,NA,NA,NA,NA,35,57,54,78,NA,NA,NA,NA,NA,NA,NA,NA,4,White,0,0,7,44,380.4,3414.84,500.4,11.13961415,14.65368802,4,1,1.00 or less
3568904271-61062-015_3568904271-61062-016,Rooming,1.5,PR,NA,NA,NA,NA,NA,NA,NA,NA,NA,,,PR,NA,NA,NA,NA,NA,NA,NA,NA,NA,NA,NA,Head,NA,NA,NA,NA,NA,NA,NA,NA,NA,NA,NA,46,NA,NA,NA,NA,NA,NA,NA,NA,NA,NA,NA,1,Puerto Rican,1,1,2,40,285.6,4472,333.6,6.386404293,7.459749553,1.5,0.666666667,1.00 or less
3568904271-61062-017_3568904271-61062-018,NA,4,PR,PR,NA,NA,NA,NA,NA,NA,NA,NA,,,PR,PR,NA,NA,NA,NA,NA,NA,NA,NA,NA,NA,Head,Wife,NA,NA,NA,NA,NA,NA,NA,NA,NA,NA,33,30,NA,NA,NA,NA,NA,NA,NA,NA,NA,NA,2,Puerto Rican,1,2,5,5,408.48,2704,600.48,15.10650888,22.20710059,4,0.5,1.00 or less
3568904271-61062-019_3568904271-61062-020,Apartment,1.5,NA,NA,NA,NA,NA,NA,NA,NA,NA,NA,,,NA,NA,NA,NA,NA,NA,NA,NA,NA,NA,NA,NA,NA,NA,NA,NA,NA,NA,NA,NA,NA,NA,NA,NA,NA,NA,NA,NA,NA,NA,NA,NA,NA,NA,NA,NA,NA,NA,0,NA,NA,NA,377.4,NA,377.4,NA,NA,NA,NA,NA
3568904271-61062-021_3568904271-61062-022,Apartment,2,Ireland,NA,NA,NA,NA,NA,NA,NA,NA,NA,,,Europe,NA,NA,NA,NA,NA,NA,NA,NA,NA,NA,NA,H,NA,NA,NA,NA,NA,NA,NA,NA,NA,NA,NA,62,NA,NA,NA,NA,NA,NA,NA,NA,NA,NA,NA,1,White,0,0,11,38,248.4,4056,296.4,6.124260355,7.307692308,2,0.5,1.00 or less
3568904271-61062-023_3568904271-61062-024,NA,4,Spain,Spain,USA,USA,NA,NA,NA,NA,NA,NA,,,Europe,Europe,USA,USA,NA,NA,NA,NA,NA,NA,NA,NA,Head,Wife,Son,NA,NA,NA,NA,NA,NA,NA,NA,NA,44,34,5,1,NA,NA,NA,NA,NA,NA,NA,NA,3,White,0,0,6,18,373.2,5000,685.2,7.464,13.704,4,0.75,1.00 or less
3568904271-61062-025_3568904271-61062-026,Apartment,3,USA,Italy,NA,NA,NA,NA,NA,NA,NA,NA,,,USA,Europe,NA,NA,NA,NA,NA,NA,NA,NA,NA,NA,Head,Wife,NA,NA,NA,NA,NA,NA,NA,NA,NA,NA,61,66,NA,NA,NA,NA,NA,NA,NA,NA,NA,NA,2,NA,0,0,9,50,303.6,5070,603.6,5.98816568,11.90532544,3,0.666666667,1.00 or less
3568904271-61062-027_3568904271-61062-028,Apartment,4,PR,PR,PR,USA,USA,NA,NA,NA,NA,NA,,,PR,PR,PR,USA,USA,NA,NA,NA,NA,NA,NA,NA,H,Wife,Daughter,Daughter,Daughter,NA,NA,NA,NA,NA,NA,NA,35,30,11,6,1,NA,NA,NA,NA,NA,NA,NA,5,Puerto Rican,1,5,6,11,317.4,3120,521.4,10.17307692,16.71153846,4,1.25,1.01 to 1.50
3568904271-61062-029_3568904271-61062-030,Apartment,2,PR,PR,NA,NA,NA,NA,NA,NA,NA,NA,,,PR,PR,NA,NA,NA,NA,NA,NA,NA,NA,NA,NA,Head,Son,NA,NA,NA,NA,NA,NA,NA,NA,NA,NA,38,14,NA,NA,NA,NA,NA,NA,NA,NA,NA,NA,2,Puerto Rican,1,2,2,2,294.6,2021.24,366.6,14.57521126,18.13738101,2,1,1.00 or less
3568904271-61062-031_3568904271-61062-032,NA,2,NA,NA,NA,NA,NA,NA,NA,NA,NA,NA,,,NA,NA,NA,NA,NA,NA,NA,NA,NA,NA,NA,NA,NA,NA,NA,NA,NA,NA,NA,NA,NA,NA,NA,NA,NA,NA,NA,NA,NA,NA,NA,NA,NA,NA,NA,NA,NA,NA,0,NA,NA,NA,329.4,NA,329.4,NA,NA,NA,NA,NA
3568904271-61062-033_3568904271-61062-034,Apartment,2,PR,PR,NA,NA,NA,NA,NA,NA,NA,NA,,,PR,PR,NA,NA,NA,NA,NA,NA,NA,NA,NA,NA,H,Wife,NA,NA,NA,NA,NA,NA,NA,NA,NA,NA,43,34,NA,NA,NA,NA,NA,NA,NA,NA,NA,NA,2,Puerto Rican,1,2,2,6,388.2,2080,478.2,18.66346154,22.99038462,2,1,1.00 or less
3568905752-61063-001_3568905752-61063-002,Apartment,3,Turkey,NA,NA,NA,NA,NA,NA,NA,NA,NA,,,Europe,NA,NA,NA,NA,NA,NA,NA,NA,NA,NA,NA,Head,NA,NA,NA,NA,NA,NA,NA,NA,NA,NA,NA,61,NA,NA,NA,NA,NA,NA,NA,NA,NA,NA,NA,1,White,0,0,16,31,483,3000,555,16.1,18.5,3,0.333333333,1.00 or less
3568905752-61063-003_3568905752-61063-004,NA,4,PR,PR,USA,NA,NA,NA,NA,NA,NA,NA,,,PR,PR,USA,NA,NA,NA,NA,NA,NA,NA,NA,NA,Head,Wife,Son,NA,NA,NA,NA,NA,NA,NA,NA,NA,23,23,1,NA,NA,NA,NA,NA,NA,NA,NA,NA,3,Puerto Rican,1,3,5,5,556.8,3380,724.8,16.47337278,21.44378698,4,0.75,1.00 or less
3568905752-61063-005_3568905752-61063-006,NA,2,PR,PR,USA,NA,NA,NA,NA,NA,NA,NA,,,PR,PR,USA,NA,NA,NA,NA,NA,NA,NA,NA,NA,H,Wife,Son,NA,NA,NA,NA,NA,NA,NA,NA,NA,50,20,0,NA,NA,NA,NA,NA,NA,NA,NA,NA,3,NA,1,3,NA,NA,531.6,2340,531.6,22.71794872,22.71794872,2,1.5,1.01 to 1.50
3568905752-61063-007_3568905752-61063-008,NA,3,PR,PR,PR,USA,NA,NA,NA,NA,NA,NA,,,PR,PR,PR,USA,NA,NA,NA,NA,NA,NA,NA,NA,H,Wife,Son,Daughter,NA,NA,NA,NA,NA,NA,NA,NA,43,43,15,5,NA,NA,NA,NA,NA,NA,NA,NA,4,NA,1,4,9,NA,NA,3120,NA,NA,NA,3,1.333333333,1.01 to 1.50
3568905752-61063-009_3568905752-61063-010,Apartment,3,PR,PR,USA,USA,NA,NA,NA,NA,NA,NA,,,PR,PR,USA,USA,NA,NA,NA,NA,NA,NA,NA,NA,H,Wife,Son,Daughter,NA,NA,NA,NA,NA,NA,NA,NA,24,20,3,2,NA,NA,NA,NA,NA,NA,NA,NA,4,Puerto Rican,1,4,0.416666667,4.5,641.88,NA,641.88,NA,NA,3,1.333333333,1.01 to 1.50
3568905752-61063-011_3568905752-61063-012,Apartment,4,PR,PR,USA,NA,NA,NA,NA,NA,NA,NA,,,PR,PR,USA,NA,NA,NA,NA,NA,NA,NA,NA,NA,Head,Wife,Daughter,NA,NA,NA,NA,NA,NA,NA,NA,NA,25,21,3,NA,NA,NA,NA,NA,NA,NA,NA,NA,3,Puerto Rican,1,3,2,3,622.56,3900,706.56,15.96307692,18.11692308,4,0.75,1.00 or less
3568905752-61063-013_3568905752-61063-014,Apartment,3,PR,PR,NA,NA,NA,NA,NA,NA,NA,NA,,,PR,PR,NA,NA,NA,NA,NA,NA,NA,NA,NA,NA,H,Wife,NA,NA,NA,NA,NA,NA,NA,NA,NA,NA,62,57,NA,NA,NA,NA,NA,NA,NA,NA,NA,NA,2,Puerto Rican,1,2,15,33,519,4480,604.2,11.58482143,13.48660714,3,0.666666667,1.00 or less
3568905752-61063-015_3568905752-61063-016,Apartment,2.5,USA,NA,NA,NA,NA,NA,NA,NA,NA,NA,,,USA,NA,NA,NA,NA,NA,NA,NA,NA,NA,NA,NA,Head,NA,NA,NA,NA,NA,NA,NA,NA,NA,NA,NA,39,NA,NA,NA,NA,NA,NA,NA,NA,NA,NA,NA,1,NA,0,0,18,20,480,2600,576,18.46153846,22.15384615,2.5,0.4,1.00 or less
3568905752-61063-017_3568905752-61063-018,NA,4,PR,PR,PR,PR,PR,NA,NA,NA,NA,NA,,,PR,PR,PR,PR,PR,NA,NA,NA,NA,NA,NA,NA,NA,NA,NA,NA,NA,NA,NA,NA,NA,NA,NA,NA,49,50,23,22,14,NA,NA,NA,NA,NA,NA,NA,5,Puerto Rican,1,5,2.5,8,786.12,NA,786.12,NA,NA,4,1.25,1.01 to 1.50
3568905752-61063-019_3568905752-61063-020,Apartment,2.5,PR,USA,NA,NA,NA,NA,NA,NA,NA,NA,,,PR,USA,NA,NA,NA,NA,NA,NA,NA,NA,NA,NA,NA,NA,NA,NA,NA,NA,NA,NA,NA,NA,NA,NA,30,31,NA,NA,NA,NA,NA,NA,NA,NA,NA,NA,2,Puerto Rican,1,2,10,12,584.28,5703.88,584.28,10.24355351,10.24355351,2.5,0.8,1.00 or less
3568905752-61063-021_3568905752-61063-022,NA,2,PR,PR,USA,USA,NA,NA,NA,NA,NA,NA,,,PR,PR,USA,USA,NA,NA,NA,NA,NA,NA,NA,NA,Husband,Wife,Son,Daughter,NA,NA,NA,NA,NA,NA,NA,NA,39,28,4,4,NA,NA,NA,NA,NA,NA,NA,NA,4,Puerto Rican,1,4,3,5,663.36,4368,663.36,15.18681319,15.18681319,2,2,1.51 or more
3568905752-61063-023_3568905752-61063-024,Apartment,3,NA,NA,NA,NA,NA,NA,NA,NA,NA,NA,,,NA,NA,NA,NA,NA,NA,NA,NA,NA,NA,NA,NA,NA,Son,Husband of 4,Daughter,Son of 3,NA,NA,NA,NA,NA,NA,NA,55,30,30,29,0,NA,NA,NA,NA,NA,NA,NA,5,Puerto Rican,1,5,3,5,651.36,5148,651.36,12.65268065,12.65268065,3,1.666666667,1.51 or more
3568905752-61063-025_3568905752-61063-026,NA,3,PR,PR,PR,NA,NA,NA,NA,NA,NA,NA,,,PR,PR,PR,NA,NA,NA,NA,NA,NA,NA,NA,NA,NA,NA,NA,NA,NA,NA,NA,NA,NA,NA,NA,NA,39,40,13,NA,NA,NA,NA,NA,NA,NA,NA,NA,3,Puerto Rican,1,3,2.5,7,606,4524,606,13.39522546,13.39522546,3,1,1.00 or less
3568905752-61063-027_3568905752-61063-028,Apartment,3,PR,PR,PR,PR,USA,PR,NA,NA,NA,NA,,,PR,PR,PR,PR,USA,PR,NA,NA,NA,NA,NA,NA,Head,Wife,Son,Son,Daughter,Son,NA,NA,NA,NA,NA,NA,43,31,9,14,1,8,NA,NA,NA,NA,NA,NA,6,Puerto Rican,1,6,NA,NA,513.36,NA,657.36,NA,NA,3,2,1.51 or more
3568905752-61063-029_3568905752-61063-030,Apartment,2.5,Ireland,NA,NA,NA,NA,NA,NA,NA,NA,NA,,,Europe,NA,NA,NA,NA,NA,NA,NA,NA,NA,NA,NA,H,NA,NA,NA,NA,NA,NA,NA,NA,NA,NA,NA,NA,NA,NA,NA,NA,NA,NA,NA,NA,NA,NA,NA,1,White,0,0,15,32,400.2,3300,478.2,12.12727273,14.49090909,2.5,0.4,1.00 or less
3568905752-61063-031_3568905752-61063-032,Apartment,3,PR,PR,USA,NA,NA,NA,NA,NA,NA,NA,,,PR,PR,USA,NA,NA,NA,NA,NA,NA,NA,NA,NA,H,Wife,Daughter,NA,NA,NA,NA,NA,NA,NA,NA,NA,30,24,1,NA,NA,NA,NA,NA,NA,NA,NA,NA,3,Puerto Rican,1,3,1,5,556.2,2496,556.2,22.28365385,22.28365385,3,1,1.00 or less
3568906814-61064-001_3568906814-61064-002,Apartment,3.5,PR,PR,PR,NA,NA,NA,NA,NA,NA,NA,,,PR,PR,PR,NA,NA,NA,NA,NA,NA,NA,NA,NA,H,Wife,Son,NA,NA,NA,NA,NA,NA,NA,NA,NA,23,26,0,NA,NA,NA,NA,NA,NA,NA,NA,NA,3,Puerto Rican,1,3,0.5,0.666666667,780,2184,780,35.71428571,35.71428571,3.5,0.857142857,1.00 or less
3568906814-61064-003_3568906814-61064-004,Apartment,3,USA,NA,NA,NA,NA,NA,NA,NA,NA,NA,,,USA,NA,NA,NA,NA,NA,NA,NA,NA,NA,NA,NA,Head,NA,NA,NA,NA,NA,NA,NA,NA,NA,NA,NA,33,NA,NA,NA,NA,NA,NA,NA,NA,NA,NA,NA,1,NA,0,0,1.5,32,690,5000,798,13.8,15.96,3,0.333333333,1.00 or less
3568906814-61064-005_3568906814-61064-006,NA,3,USA,PR,USA,USA,NA,NA,NA,NA,NA,NA,,,USA,PR,USA,USA,NA,NA,NA,NA,NA,NA,NA,NA,Head,Wife,Son,Son,NA,NA,NA,NA,NA,NA,NA,NA,21,22,2,1,NA,NA,NA,NA,NA,NA,NA,NA,4,Puerto Rican,1,4,1,21,780,2704,924,28.84615385,34.17159763,3,1.333333333,1.01 to 1.50
3568906814-61064-007_3568906814-61064-008,Apartment,4,PR,PR,USA,USA,NA,NA,NA,NA,NA,NA,,,PR,PR,USA,USA,NA,NA,NA,NA,NA,NA,NA,NA,Head,Wife,Son,Daughter,NA,NA,NA,NA,NA,NA,NA,NA,33,24,5,0,NA,NA,NA,NA,NA,NA,NA,NA,4,Puerto Rican,1,4,5,8,840,2340,924,35.8974359,39.48717949,4,1,1.00 or less
3568906814-61064-009_3568906814-61064-010,Apartment,3,USA,USA,USA,NA,NA,NA,NA,NA,NA,NA,,,USA,USA,USA,NA,NA,NA,NA,NA,NA,NA,NA,NA,H,Wife,Daughter,NA,NA,NA,NA,NA,NA,NA,NA,NA,25,25,4,NA,NA,NA,NA,NA,NA,NA,NA,NA,3,NA,0,0,2.5,10,840,9100,840,9.230769231,9.230769231,3,1,1.00 or less
3568906814-61064-011_3568906814-61064-012,NA,4,PR,PR,PR,PR,NA,NA,NA,NA,NA,NA,,,PR,PR,PR,PR,NA,NA,NA,NA,NA,NA,NA,NA,H,Wife,Son,Daughter,NA,NA,NA,NA,NA,NA,NA,NA,NA,NA,NA,NA,NA,NA,NA,NA,NA,NA,NA,NA,4,NA,1,4,1.5,4.5,660,NA,660,NA,NA,4,1,1.00 or less
3568906814-61064-013_3568906814-61064-014,Apartment,4,PR,NA,PR,PR,PR,NA,NA,NA,NA,NA,,,PR,NA,PR,PR,PR,NA,NA,NA,NA,NA,NA,NA,Mother,Son,Son,Son,Son,NA,NA,NA,NA,NA,NA,NA,44,24,22,20,19,NA,NA,NA,NA,NA,NA,NA,5,Puerto Rican,1,5,2,15,900,8684,984,10.36388761,11.33118379,4,1.25,1.01 to 1.50
3568906814-61064-015_3568906814-61064-016,Apartment,3,Italy,NA,NA,NA,NA,NA,NA,NA,NA,NA,,,Europe,NA,NA,NA,NA,NA,NA,NA,NA,NA,NA,NA,H,NA,NA,NA,NA,NA,NA,NA,NA,NA,NA,NA,64,NA,NA,NA,NA,NA,NA,NA,NA,NA,NA,NA,1,White,0,0,14,47,690,2800,732,24.64285714,26.14285714,3,0.333333333,1.00 or less
3568906814-61064-017_3568906814-61064-018,Apartment,4.5,PR,PR,PR,PR,NA,NA,NA,NA,NA,NA,,,PR,PR,PR,PR,NA,NA,NA,NA,NA,NA,NA,NA,Head,Husband,sister in law,Daughter,NA,NA,NA,NA,NA,NA,NA,NA,55,73,58,18,NA,NA,NA,NA,NA,NA,NA,NA,4,Puerto Rican,1,4,8,10,900,6000,954,15,15.9,4.5,0.888888889,1.00 or less
3568906814-61064-019_3568906814-61064-020,Apartment,3,PR,PR,NA,NA,NA,NA,NA,NA,NA,NA,,,PR,PR,NA,NA,NA,NA,NA,NA,NA,NA,NA,NA,Head,Wife,Son,NA,NA,NA,NA,NA,NA,NA,NA,NA,34,43,4,NA,NA,NA,NA,NA,NA,NA,NA,NA,3,Puerto Rican,1,3,0.583333333,7,780,2392,870,32.60869565,36.37123746,3,1,1.00 or less
3568906814-61064-021_3568906814-61064-022,NA,4,NA,NA,NA,NA,NA,NA,NA,NA,NA,NA,,,NA,NA,NA,NA,NA,NA,NA,NA,NA,NA,NA,NA,H,Wife,Daughter,NA,NA,NA,NA,NA,NA,NA,NA,NA,NA,NA,NA,NA,NA,NA,NA,NA,NA,NA,NA,NA,3,NA,0,0,NA,NA,900,7000,900,12.85714286,12.85714286,4,0.75,1.00 or less
3568906814-61064-023_3568906814-61064-024,Apartment,4,Cuba,Cuba,Cuba,NA,NA,NA,NA,NA,NA,NA,,,Caribbean,Caribbean,Caribbean,NA,NA,NA,NA,NA,NA,NA,NA,NA,Head,Wife,Sister,NA,NA,NA,NA,NA,NA,NA,NA,NA,47,41,40,NA,NA,NA,NA,NA,NA,NA,NA,NA,3,other,0,0,5,11,900,8996,966,10.00444642,10.73810582,4,0.75,1.00 or less
3568907569-61065-001_3568907569-61065-002,Apartment,1.5,USA,NA,NA,NA,NA,NA,NA,NA,NA,NA,,,USA,NA,NA,NA,NA,NA,NA,NA,NA,NA,NA,NA,Head,NA,NA,NA,NA,NA,NA,NA,NA,NA,NA,NA,51,NA,NA,NA,NA,NA,NA,NA,NA,NA,NA,NA,1,White,0,0,13,51,NA,4680,NA,NA,NA,1.5,0.666666667,1.00 or less
3568908691-61066-001_3568908691-61066-002,Apartment,1.5,PR,PR,PR,PR,USA,NA,NA,NA,NA,NA,,,PR,PR,PR,PR,USA,NA,NA,NA,NA,NA,NA,NA,H,H,Daughter,Daughter,Daughter,NA,NA,NA,NA,NA,NA,NA,48,35,14,7,2,NA,NA,NA,NA,NA,NA,NA,5,Puerto Rican,1,5,1,3,NA,NA,NA,NA,NA,1.5,3.333333333,1.51 or more
3568908691-61066-003_3568908691-61066-004,Rooming,2,PR,PR,PR,USA,PR,NA,NA,NA,NA,NA,,,PR,PR,PR,USA,PR,NA,NA,NA,NA,NA,NA,NA,H,Wife,Son,Son,Daughter,NA,NA,NA,NA,NA,NA,NA,32,28,7,6,1,NA,NA,NA,NA,NA,NA,NA,5,Puerto Rican,1,5,3,6,680.16,2704,680.16,25.15384615,25.15384615,2,2.5,1.51 or more
3568908691-61066-005_3568908691-61066-006,Rooming,2,PR,PR,PR,PR,USA,USA,USA,USA,USA,NA,,,PR,PR,PR,PR,USA,USA,USA,USA,USA,NA,NA,NA,Head,Wife,Son,Daughter,Daughter,Daughter,Son,Daughter,Son,NA,NA,NA,33,29,11,8,5,4,0,2,0,NA,NA,NA,9,Puerto Rican,1,9,5,8,251.52,3000,251.52,8.384,8.384,2,4.5,1.51 or more
3568908691-61066-007_3568908691-61066-008,Rooming,1.5,PR,USA,USA,NA,NA,NA,NA,NA,NA,NA,,,PR,USA,USA,NA,NA,NA,NA,NA,NA,NA,NA,NA,H,Wife,Son,NA,NA,NA,NA,NA,NA,NA,NA,NA,29,23,1,NA,NA,NA,NA,NA,NA,NA,NA,NA,3,Puerto Rican,1,3,0.67,4,329.16,4420,329.16,7.447058824,7.447058824,1.5,2,1.51 or more
3568908691-61066-009_3568908691-61066-010,Rooming,1,PR,PR,PR,USA,USA,USA,USA,NA,NA,NA,,,PR,PR,PR,USA,USA,USA,USA,NA,NA,NA,NA,NA,H,Wife,Daughter,Daughter,Son,Daughter,Son,NA,NA,NA,NA,NA,25,38,5,4,2,3,1,NA,NA,NA,NA,NA,7,Puerto Rican,1,7,0.75,8,520,NA,520,NA,NA,1,7,1.51 or more
3568908691-61066-011_3568908691-61066-012,Rooming,NA,NA,NA,NA,NA,NA,NA,NA,NA,NA,NA,,,NA,NA,NA,NA,NA,NA,NA,NA,NA,NA,NA,NA,NA,NA,NA,NA,NA,NA,NA,NA,NA,NA,NA,NA,NA,NA,NA,NA,NA,NA,NA,NA,NA,NA,NA,NA,NA,NA,0,NA,NA,NA,NA,NA,NA,NA,NA,NA,NA,NA
3568908691-61066-013_3568908691-61066-014,Rooming,NA,NA,NA,NA,NA,NA,NA,NA,NA,NA,NA,,,NA,NA,NA,NA,NA,NA,NA,NA,NA,NA,NA,NA,NA,NA,NA,NA,NA,NA,NA,NA,NA,NA,NA,NA,NA,NA,NA,NA,NA,NA,NA,NA,NA,NA,NA,NA,NA,NA,0,NA,NA,NA,NA,NA,NA,NA,NA,NA,NA,NA
3568908691-61066-015_3568908691-61066-016,Rooming,NA,NA,NA,NA,NA,NA,NA,NA,NA,NA,NA,,,NA,NA,NA,NA,NA,NA,NA,NA,NA,NA,NA,NA,NA,NA,NA,NA,NA,NA,NA,NA,NA,NA,NA,NA,NA,NA,NA,NA,NA,NA,NA,NA,NA,NA,NA,NA,NA,NA,0,NA,NA,NA,342.16,NA,342.16,NA,NA,NA,NA,NA
3568908691-61066-017_3568908691-61066-018,Rooming,1,NA,NA,NA,NA,NA,NA,NA,NA,NA,NA,,,NA,NA,NA,NA,NA,NA,NA,NA,NA,NA,NA,NA,NA,NA,NA,NA,NA,NA,NA,NA,NA,NA,NA,NA,NA,NA,NA,NA,NA,NA,NA,NA,NA,NA,NA,NA,NA,NA,0,NA,NA,NA,480,NA,480,NA,NA,NA,NA,NA
3568908691-61066-019_3568908691-61066-020,Rooming,NA,NA,NA,NA,NA,NA,NA,NA,NA,NA,NA,,,NA,NA,NA,NA,NA,NA,NA,NA,NA,NA,NA,NA,NA,NA,NA,NA,NA,NA,NA,NA,NA,NA,NA,NA,NA,NA,NA,NA,NA,NA,NA,NA,NA,NA,NA,NA,NA,NA,0,NA,NA,NA,NA,NA,NA,NA,NA,NA,NA,NA
3568909324-61067-001_3568909324-61067-002,Rooming,1.5,PR,PR,USA,NA,NA,NA,NA,NA,NA,NA,,,PR,PR,USA,NA,NA,NA,NA,NA,NA,NA,NA,NA,H,Wife,Son,NA,NA,NA,NA,NA,NA,NA,NA,NA,29,22,2,NA,NA,NA,NA,NA,NA,NA,NA,NA,3,Puerto Rican,1,3,3,7,329.16,2080,329.16,15.825,15.825,1.5,2,1.51 or more
3568909324-61067-003_3568909324-61067-004,Rooming,NA,NA,NA,NA,NA,NA,NA,NA,NA,NA,NA,,,NA,NA,NA,NA,NA,NA,NA,NA,NA,NA,NA,NA,NA,NA,NA,NA,NA,NA,NA,NA,NA,NA,NA,NA,NA,NA,NA,NA,NA,NA,NA,NA,NA,NA,NA,NA,NA,NA,0,NA,NA,NA,NA,NA,NA,NA,NA,NA,NA,NA
3568909324-61067-005_3568909324-61067-006,Rooming,NA,NA,NA,NA,NA,NA,NA,NA,NA,NA,NA,,,NA,NA,NA,NA,NA,NA,NA,NA,NA,NA,NA,NA,NA,NA,NA,NA,NA,NA,NA,NA,NA,NA,NA,NA,NA,NA,NA,NA,NA,NA,NA,NA,NA,NA,NA,NA,NA,NA,0,NA,NA,NA,NA,NA,NA,NA,NA,NA,NA,NA
3568909324-61067-007_3568909324-61067-008,Rooming,NA,NA,NA,NA,NA,NA,NA,NA,NA,NA,NA,,,NA,NA,NA,NA,NA,NA,NA,NA,NA,NA,NA,NA,NA,NA,NA,NA,NA,NA,NA,NA,NA,NA,NA,NA,NA,NA,NA,NA,NA,NA,NA,NA,NA,NA,NA,NA,NA,NA,0,NA,NA,NA,NA,NA,NA,NA,NA,NA,NA,NA
3568909324-61067-009_3568909324-61067-010,Rooming,2,PR,PR,PR,USA,NA,NA,NA,NA,NA,NA,,,PR,PR,PR,USA,NA,NA,NA,NA,NA,NA,NA,NA,Head,Son,NA,Son,NA,NA,NA,NA,NA,NA,NA,NA,29,8,6,5,NA,NA,NA,NA,NA,NA,NA,NA,4,Puerto Rican,1,4,4,5,338,NA,338,NA,NA,2,2,1.51 or more
3568909324-61067-011_3568909324-61067-012,Rooming,1,PR,USA,USA,USA,NA,NA,NA,NA,NA,NA,,,PR,USA,USA,USA,NA,NA,NA,NA,NA,NA,NA,NA,Head,Grand Daughter,Grand Daughter,Grand Daughter,NA,NA,NA,NA,NA,NA,NA,NA,46,10,9,7,NA,NA,NA,NA,NA,NA,NA,NA,4,Puerto Rican,1,4,10,6,416,NA,416,NA,NA,1,4,1.51 or more
3568909924-61068-001_3568909924-61068-002,NA,1.5,PR,PR,NA,NA,NA,NA,NA,NA,NA,NA,,,PR,PR,NA,NA,NA,NA,NA,NA,NA,NA,NA,NA,H,Wife,NA,NA,NA,NA,NA,NA,NA,NA,NA,NA,26,30,NA,NA,NA,NA,NA,NA,NA,NA,NA,NA,2,Puerto Rican,1,2,4,1.5,676,2080,676,32.5,32.5,1.5,1.333333333,1.01 to 1.50
3568909924-61068-003_3568909924-61068-004,NA,1,PR,NA,NA,NA,NA,NA,NA,NA,NA,NA,,,PR,NA,NA,NA,NA,NA,NA,NA,NA,NA,NA,NA,Head,Husband,NA,NA,NA,NA,NA,NA,NA,NA,NA,NA,20,NA,NA,NA,NA,NA,NA,NA,NA,NA,NA,NA,2,NA,1,2,NA,NA,728,NA,728,NA,NA,1,2,1.51 or more
3568909924-61068-005_3568909924-61068-006,NA,2,PR,PR,NA,NA,NA,NA,NA,NA,NA,NA,,,PR,PR,NA,NA,NA,NA,NA,NA,NA,NA,NA,NA,H,Wife,NA,NA,NA,NA,NA,NA,NA,NA,NA,NA,26,45,NA,NA,NA,NA,NA,NA,NA,NA,NA,NA,2,Puerto Rican,1,2,0.583333333,4,650,NA,650,NA,NA,2,1,1.00 or less
3568909924-61068-007_3568909924-61068-008,Rooming,NA,NA,NA,NA,NA,NA,NA,NA,NA,NA,NA,,,NA,NA,NA,NA,NA,NA,NA,NA,NA,NA,NA,NA,NA,NA,NA,NA,NA,NA,NA,NA,NA,NA,NA,NA,NA,NA,NA,NA,NA,NA,NA,NA,NA,NA,NA,NA,NA,NA,0,NA,NA,NA,273,NA,273,NA,NA,NA,NA,NA
3568909924-61068-009_3568909924-61068-010,NA,NA,NA,NA,NA,NA,NA,NA,NA,NA,NA,NA,,,NA,NA,NA,NA,NA,NA,NA,NA,NA,NA,NA,NA,NA,NA,NA,NA,NA,NA,NA,NA,NA,NA,NA,NA,NA,NA,NA,NA,NA,NA,NA,NA,NA,NA,NA,NA,NA,NA,0,NA,NA,NA,260,NA,260,NA,NA,NA,NA,NA
3568909924-61068-011_3568909924-61068-012,NA,NA,NA,NA,NA,NA,NA,NA,NA,NA,NA,NA,,,NA,NA,NA,NA,NA,NA,NA,NA,NA,NA,NA,NA,NA,NA,NA,NA,NA,NA,NA,NA,NA,NA,NA,NA,NA,NA,NA,NA,NA,NA,NA,NA,NA,NA,NA,NA,NA,NA,0,NA,NA,NA,NA,NA,NA,NA,NA,NA,NA,NA
3568909924-61068-013_3568909924-61068-014,NA,NA,NA,NA,NA,NA,NA,NA,NA,NA,NA,NA,,,NA,NA,NA,NA,NA,NA,NA,NA,NA,NA,NA,NA,NA,NA,NA,NA,NA,NA,NA,NA,NA,NA,NA,NA,NA,NA,NA,NA,NA,NA,NA,NA,NA,NA,NA,NA,NA,NA,0,NA,NA,NA,260,NA,260,NA,NA,NA,NA,NA
3568909924-61068-015_3568909924-61068-016,NA,NA,NA,NA,NA,NA,NA,NA,NA,NA,NA,NA,,,NA,NA,NA,NA,NA,NA,NA,NA,NA,NA,NA,NA,NA,NA,NA,NA,NA,NA,NA,NA,NA,NA,NA,NA,NA,NA,NA,NA,NA,NA,NA,NA,NA,NA,NA,NA,NA,NA,0,NA,NA,NA,650,NA,650,NA,NA,NA,NA,NA
3568909924-61068-017_3568909924-61068-018,NA,NA,NA,NA,NA,NA,NA,NA,NA,NA,NA,NA,,,NA,NA,NA,NA,NA,NA,NA,NA,NA,NA,NA,NA,NA,NA,NA,NA,NA,NA,NA,NA,NA,NA,NA,NA,NA,NA,NA,NA,NA,NA,NA,NA,NA,NA,NA,NA,NA,NA,0,NA,NA,NA,273,NA,273,NA,NA,NA,NA,NA
3568909924-61068-019_3568909924-61068-020,NA,1.5,Bulgaria,NA,NA,NA,NA,NA,NA,NA,NA,NA,,,Europe,NA,NA,NA,NA,NA,NA,NA,NA,NA,NA,NA,H,NA,NA,NA,NA,NA,NA,NA,NA,NA,NA,NA,63,NA,NA,NA,NA,NA,NA,NA,NA,NA,NA,NA,1,NA,0,0,NA,NA,364,NA,364,NA,NA,1.5,0.666666667,1.00 or less
3568909924-61068-021_3568909924-61068-022,NA,NA,NA,NA,NA,NA,NA,NA,NA,NA,NA,NA,,,NA,NA,NA,NA,NA,NA,NA,NA,NA,NA,NA,NA,H,Wife,Son,Son,NA,NA,NA,NA,NA,NA,NA,NA,NA,NA,NA,NA,NA,NA,NA,NA,NA,NA,NA,NA,4,NA,0,0,NA,NA,NA,NA,NA,NA,NA,NA,NA,NA
3568909924-61068-023_3568909924-61068-024,NA,NA,NA,NA,NA,NA,NA,NA,NA,NA,NA,NA,,,NA,NA,NA,NA,NA,NA,NA,NA,NA,NA,NA,NA,NA,NA,NA,NA,NA,NA,NA,NA,NA,NA,NA,NA,NA,NA,NA,NA,NA,NA,NA,NA,NA,NA,NA,NA,NA,NA,0,NA,NA,NA,273,NA,273,NA,NA,NA,NA,NA
3568910499-61069-001_3568910499-61069-002,Rooming,1,NA,NA,NA,NA,NA,NA,NA,NA,NA,NA,,,NA,NA,NA,NA,NA,NA,NA,NA,NA,NA,NA,NA,H,Wife,NA,NA,NA,NA,NA,NA,NA,NA,NA,NA,NA,NA,NA,NA,NA,NA,NA,NA,NA,NA,NA,NA,2,NA,0,0,NA,NA,NA,NA,NA,NA,NA,1,2,1.51 or more
3568910499-61069-003_3568910499-61069-004,Rooming,1,NA,NA,NA,NA,NA,NA,NA,NA,NA,NA,,,NA,NA,NA,NA,NA,NA,NA,NA,NA,NA,NA,NA,NA,NA,NA,NA,NA,NA,NA,NA,NA,NA,NA,NA,NA,NA,NA,NA,NA,NA,NA,NA,NA,NA,NA,NA,NA,NA,0,NA,NA,NA,260,NA,260,NA,NA,NA,NA,NA
3568910499-61069-005_3568910499-61069-006,NA,NA,NA,NA,NA,NA,NA,NA,NA,NA,NA,NA,,,NA,NA,NA,NA,NA,NA,NA,NA,NA,NA,NA,NA,NA,NA,NA,NA,NA,NA,NA,NA,NA,NA,NA,NA,NA,NA,NA,NA,NA,NA,NA,NA,NA,NA,NA,NA,NA,NA,0,NA,NA,NA,338,NA,338,NA,NA,NA,NA,NA
3568910499-61069-007_3568910499-61069-008,NA,1,NA,NA,NA,NA,NA,NA,NA,NA,NA,NA,,,NA,NA,NA,NA,NA,NA,NA,NA,NA,NA,NA,NA,NA,NA,NA,NA,NA,NA,NA,NA,NA,NA,NA,NA,NA,NA,NA,NA,NA,NA,NA,NA,NA,NA,NA,NA,NA,NA,0,NA,NA,NA,416,NA,416,NA,NA,NA,NA,NA
3568910499-61069-009_3568910499-61069-010,Rooming,NA,NA,NA,NA,NA,NA,NA,NA,NA,NA,NA,,,NA,NA,NA,NA,NA,NA,NA,NA,NA,NA,NA,NA,NA,NA,NA,NA,NA,NA,NA,NA,NA,NA,NA,NA,NA,NA,NA,NA,NA,NA,NA,NA,NA,NA,NA,NA,NA,NA,0,NA,NA,NA,260,NA,260,NA,NA,NA,NA,NA
3568910499-61069-011_3568910499-61069-012,Rooming,NA,NA,NA,NA,NA,NA,NA,NA,NA,NA,NA,,,NA,NA,NA,NA,NA,NA,NA,NA,NA,NA,NA,NA,NA,NA,NA,NA,NA,NA,NA,NA,NA,NA,NA,NA,NA,NA,NA,NA,NA,NA,NA,NA,NA,NA,NA,NA,NA,NA,0,NA,NA,NA,416,NA,416,NA,NA,NA,NA,NA
3568910499-61069-013_3568910499-61069-014,Rooming,1.5,NA,NA,NA,NA,NA,NA,NA,NA,NA,NA,,,NA,NA,NA,NA,NA,NA,NA,NA,NA,NA,NA,NA,NA,NA,NA,NA,NA,NA,NA,NA,NA,NA,NA,NA,NA,NA,NA,NA,NA,NA,NA,NA,NA,NA,NA,NA,NA,NA,0,NA,NA,NA,468,NA,468,NA,NA,NA,NA,NA
3568910499-61069-015_3568910499-61069-016,Rooming,1,PR,PR,NA,NA,NA,NA,NA,NA,NA,NA,,,PR,PR,NA,NA,NA,NA,NA,NA,NA,NA,NA,NA,Sister,Brother,NA,NA,NA,NA,NA,NA,NA,NA,NA,NA,30,26,NA,NA,NA,NA,NA,NA,NA,NA,NA,NA,2,Puerto Rican,1,2,0.833333333,4,780,2340,780,33.33333333,33.33333333,1,2,1.51 or more
3568910499-61069-017_3568910499-61069-018,Rooming,2,NA,NA,NA,NA,NA,NA,NA,NA,NA,NA,,,NA,NA,NA,NA,NA,NA,NA,NA,NA,NA,NA,NA,Mother,Son,NA,NA,NA,NA,NA,NA,NA,NA,NA,NA,NA,NA,NA,NA,NA,NA,NA,NA,NA,NA,NA,NA,2,NA,0,0,NA,NA,NA,NA,NA,NA,NA,2,1,1.00 or less
3568910499-61069-019_3568910499-61069-020,NA,1.5,PR,PR,PR,NA,NA,NA,NA,NA,NA,NA,,,PR,PR,PR,NA,NA,NA,NA,NA,NA,NA,NA,NA,Mother,Daughter,Son,NA,NA,NA,NA,NA,NA,NA,NA,NA,57,9,7,NA,NA,NA,NA,NA,NA,NA,NA,NA,3,Puerto Rican,1,3,0.583333333,1.5,572,NA,572,NA,NA,1.5,2,1.51 or more
3568910499-61069-021_3568910499-61069-022,NA,12,PR,PR,PR,NA,NA,NA,NA,NA,NA,NA,,,PR,PR,PR,NA,NA,NA,NA,NA,NA,NA,NA,NA,Head,Daughter,Son,NA,NA,NA,NA,NA,NA,NA,NA,NA,35,10,9,NA,NA,NA,NA,NA,NA,NA,NA,NA,3,NA,1,3,2,2,NA,NA,NA,NA,NA,12,0.25,1.00 or less
3568910499-61069-023_3568910499-61069-024,NA,1.5,PR,PR,PR,PR,NA,NA,NA,NA,NA,NA,,,PR,PR,PR,PR,NA,NA,NA,NA,NA,NA,NA,NA,Mother,Son,Son,Son,NA,NA,NA,NA,NA,NA,NA,NA,32,7,5,4,NA,NA,NA,NA,NA,NA,NA,NA,4,Puerto Rican,1,4,3,4,624,NA,624,NA,NA,1.5,2.666666667,1.51 or more
3568910499-61069-025_3568910499-61069-026,Rooming,1,PR,NA,NA,NA,NA,NA,NA,NA,NA,NA,,,PR,NA,NA,NA,NA,NA,NA,NA,NA,NA,NA,NA,Head,NA,NA,NA,NA,NA,NA,NA,NA,NA,NA,NA,48,NA,NA,NA,NA,NA,NA,NA,NA,NA,NA,NA,1,NA,1,1,NA,NA,416,NA,416,NA,NA,1,1,1.00 or less
3568910499-61069-027_3568910499-61069-028,Rooming,1.5,NA,NA,NA,NA,NA,NA,NA,NA,NA,NA,,,NA,NA,NA,NA,NA,NA,NA,NA,NA,NA,NA,NA,NA,NA,NA,NA,NA,NA,NA,NA,NA,NA,NA,NA,NA,NA,NA,NA,NA,NA,NA,NA,NA,NA,NA,NA,NA,NA,0,NA,NA,NA,468,NA,468,NA,NA,NA,NA,NA
3568910499-61069-029_3568910499-61069-030,NA,2,PR,PR,PR,PR,NA,NA,NA,NA,NA,NA,,,PR,PR,PR,PR,NA,NA,NA,NA,NA,NA,NA,NA,H,Wife,Daughter,Son,NA,NA,NA,NA,NA,NA,NA,NA,26,25,11,9,NA,NA,NA,NA,NA,NA,NA,NA,4,Puerto Rican,1,4,2,7.5,780,2600,780,30,30,2,2,1.51 or more
3568912231-61070-001_3568912231-61070-002,NA,1.5,PR,USA,USA,NA,NA,NA,NA,NA,NA,NA,,,PR,USA,USA,NA,NA,NA,NA,NA,NA,NA,NA,NA,Mother,Daughter,Son,NA,NA,NA,NA,NA,NA,NA,NA,NA,26,4,1,NA,NA,NA,NA,NA,NA,NA,NA,NA,3,Puerto Rican,1,3,1,9,780,NA,780,NA,NA,1.5,2,1.51 or more
3568912231-61070-003_3568912231-61070-004,Rooming,1.5,PR,PR,USA,PR,NA,NA,NA,NA,NA,NA,,,PR,PR,USA,PR,NA,NA,NA,NA,NA,NA,NA,NA,Mother,Daughter,Daughter,Daughter,NA,NA,NA,NA,NA,NA,NA,NA,34,15,1,8,NA,NA,NA,NA,NA,NA,NA,NA,4,Puerto Rican,1,4,6,6,561.6,1040,561.6,54,54,1.5,2.666666667,1.51 or more
3568912231-61070-005_3568912231-61070-006,Rooming,1,NA,NA,NA,NA,NA,NA,NA,NA,NA,NA,,,NA,NA,NA,NA,NA,NA,NA,NA,NA,NA,NA,NA,NA,NA,NA,NA,NA,NA,NA,NA,NA,NA,NA,NA,NA,NA,NA,NA,NA,NA,NA,NA,NA,NA,NA,NA,NA,NA,0,NA,NA,NA,260,NA,260,NA,NA,NA,NA,NA
3568912231-61070-007_3568912231-61070-008,Rooming,1.5,PR,USA,PR,NA,NA,NA,NA,NA,NA,NA,,,PR,USA,PR,NA,NA,NA,NA,NA,NA,NA,NA,NA,Mother,Son,Son,NA,NA,NA,NA,NA,NA,NA,NA,NA,37,6,7,NA,NA,NA,NA,NA,NA,NA,NA,NA,3,Puerto Rican,1,3,5,6,780,NA,780,NA,NA,1.5,2,1.51 or more
3568912231-61070-009_3568912231-61070-010,Rooming,1,PR,NA,NA,NA,NA,NA,NA,NA,NA,NA,,,PR,NA,NA,NA,NA,NA,NA,NA,NA,NA,NA,NA,Head,NA,NA,NA,NA,NA,NA,NA,NA,NA,NA,NA,NA,NA,NA,NA,NA,NA,NA,NA,NA,NA,NA,NA,1,NA,1,1,NA,NA,598,NA,598,NA,NA,1,1,1.00 or less
3568912231-61070-011_3568912231-61070-012,Rooming,2,PR,NA,USA,USA,USA,NA,NA,NA,NA,NA,,,PR,NA,USA,USA,USA,NA,NA,NA,NA,NA,NA,NA,Mother,Son,Daughter,Daughter,Daughter,Daughter,Son,NA,NA,NA,NA,NA,43,23,11,8,14,16,19,NA,NA,NA,NA,NA,7,Puerto Rican,1,7,3,27,780,2600,780,30,30,2,3.5,1.51 or more
3568912231-61070-013_3568912231-61070-014,Rooming,2,NA,NA,NA,NA,NA,NA,NA,NA,NA,NA,,,NA,NA,NA,NA,NA,NA,NA,NA,NA,NA,NA,NA,Mother,Son,NA,NA,NA,NA,NA,NA,NA,NA,NA,NA,NA,8,NA,NA,NA,NA,NA,NA,NA,NA,NA,NA,2,NA,0,0,NA,NA,262.44,NA,262.44,NA,NA,2,1,1.00 or less
3568912231-61070-015_3568912231-61070-016,Rooming,1.5,PR,PR,USA,USA,USA,USA,NA,NA,NA,NA,,,PR,PR,USA,USA,USA,USA,NA,NA,NA,NA,NA,NA,H,Wife,Son,Daughter,Daughter,Daughter,NA,NA,NA,NA,NA,NA,40,28,4,3,1,0,NA,NA,NA,NA,NA,NA,6,Puerto Rican,1,6,6,6,845,NA,845,NA,NA,1.5,4,1.51 or more
3568912231-61070-017_3568912231-61070-018,Rooming,1,NA,NA,NA,NA,NA,NA,NA,NA,NA,NA,,,NA,NA,NA,NA,NA,NA,NA,NA,NA,NA,NA,NA,NA,NA,NA,NA,NA,NA,NA,NA,NA,NA,NA,NA,NA,NA,NA,NA,NA,NA,NA,NA,NA,NA,NA,NA,NA,NA,0,NA,NA,NA,309,NA,309,NA,NA,NA,NA,NA
3568912231-61070-019_3568912231-61070-020,Apartment,2.5,PR,USA,USA,USA,USA,NA,NA,NA,NA,NA,,,PR,USA,USA,USA,USA,NA,NA,NA,NA,NA,NA,NA,Mother,Son,Daughter,Daughter,Daughter,NA,NA,NA,NA,NA,NA,NA,35,7,6,4,0,NA,NA,NA,NA,NA,NA,NA,5,Puerto Rican,1,5,5,30,780,NA,780,NA,NA,2.5,2,1.51 or more
3568912231-61070-021_3568912231-61070-022,Rooming,2,PR,USA,USA,USA,USA,USA,NA,NA,NA,NA,,,PR,USA,USA,USA,USA,USA,NA,NA,NA,NA,NA,NA,Mother,Daughter,Daughter,Son,Daughter,Daughter,NA,NA,NA,NA,NA,NA,28,5,4,4,3,1,NA,NA,NA,NA,NA,NA,6,Puerto Rican,1,6,0.083333333,6,988,NA,988,NA,NA,2,3,1.51 or more
3568912231-61070-023_3568912231-61070-024,Rooming,1,NA,NA,NA,NA,NA,NA,NA,NA,NA,NA,,,NA,NA,NA,NA,NA,NA,NA,NA,NA,NA,NA,NA,NA,NA,NA,NA,NA,NA,NA,NA,NA,NA,NA,NA,NA,NA,NA,NA,NA,NA,NA,NA,NA,NA,NA,NA,NA,NA,0,NA,NA,NA,669.24,NA,669.24,NA,NA,NA,NA,NA
3568912600-61071-001_3568912600-61071-002,Rooming,2,NA,NA,NA,NA,NA,NA,NA,NA,NA,NA,,,NA,NA,NA,NA,NA,NA,NA,NA,NA,NA,NA,NA,NA,NA,NA,NA,NA,NA,NA,NA,NA,NA,NA,NA,NA,NA,NA,NA,NA,NA,NA,NA,NA,NA,NA,NA,NA,NA,0,NA,NA,NA,806,NA,806,NA,NA,NA,NA,NA
3568912600-61071-003_3568912600-61071-004,Rooming,3,NA,NA,NA,NA,NA,NA,NA,NA,NA,NA,,,NA,NA,NA,NA,NA,NA,NA,NA,NA,NA,NA,NA,NA,NA,NA,NA,NA,NA,NA,NA,NA,NA,NA,NA,NA,NA,NA,NA,NA,NA,NA,NA,NA,NA,NA,NA,NA,NA,0,NA,NA,NA,444,NA,444,NA,NA,NA,NA,NA
3568912600-61071-005_3568912600-61071-006,Rooming,2,NA,NA,NA,NA,NA,NA,NA,NA,NA,NA,,,NA,NA,NA,NA,NA,NA,NA,NA,NA,NA,NA,NA,NA,NA,NA,NA,NA,NA,NA,NA,NA,NA,NA,NA,NA,NA,NA,NA,NA,NA,NA,NA,NA,NA,NA,NA,NA,NA,0,NA,NA,NA,572,NA,572,NA,NA,NA,NA,NA
3568912600-61071-007_3568912600-61071-008,Rooming,1,NA,NA,NA,NA,NA,NA,NA,NA,NA,NA,,,NA,NA,NA,NA,NA,NA,NA,NA,NA,NA,NA,NA,NA,NA,NA,NA,NA,NA,NA,NA,NA,NA,NA,NA,NA,NA,NA,NA,NA,NA,NA,NA,NA,NA,NA,NA,NA,NA,0,NA,NA,NA,239.2,NA,239.2,NA,NA,NA,NA,NA
3568912600-61071-009_3568912600-61071-010,NA,1.5,PR,PR,USA,USA,USA,NA,NA,NA,NA,NA,,,PR,PR,USA,USA,USA,NA,NA,NA,NA,NA,NA,NA,Head,Wife,Daughter,Son,Son,NA,NA,NA,NA,NA,NA,NA,27,23,4,3,3,NA,NA,NA,NA,NA,NA,NA,5,NA,1,5,NA,NA,704.6,2704,704.6,26.05769231,26.05769231,1.5,3.333333333,1.51 or more
3568912600-61071-011_3568912600-61071-012,Rooming,1,NA,NA,NA,NA,NA,NA,NA,NA,NA,NA,,,NA,NA,NA,NA,NA,NA,NA,NA,NA,NA,NA,NA,NA,NA,NA,NA,NA,NA,NA,NA,NA,NA,NA,NA,NA,NA,NA,NA,NA,NA,NA,NA,NA,NA,NA,NA,NA,NA,0,NA,NA,NA,704.6,NA,704.6,NA,NA,NA,NA,NA
3568912600-61071-013_3568912600-61071-014,Rooming,2,NA,NA,NA,NA,NA,NA,NA,NA,NA,NA,,,NA,NA,NA,NA,NA,NA,NA,NA,NA,NA,NA,NA,NA,NA,NA,NA,NA,NA,NA,NA,NA,NA,NA,NA,NA,NA,NA,NA,NA,NA,NA,NA,NA,NA,NA,NA,NA,NA,0,NA,NA,NA,598,NA,598,NA,NA,NA,NA,NA
3568912600-61071-015_3568912600-61071-016,Rooming,2,NA,NA,NA,NA,NA,NA,NA,NA,NA,NA,,,NA,NA,NA,NA,NA,NA,NA,NA,NA,NA,NA,NA,H,NA,NA,NA,NA,NA,NA,NA,NA,NA,NA,NA,NA,NA,NA,NA,NA,NA,NA,NA,NA,NA,NA,NA,1,NA,0,0,NA,NA,411.36,NA,411.36,NA,NA,2,0.5,1.00 or less
3568912600-61071-017_3568912600-61071-018,Rooming,2,NA,NA,NA,NA,NA,NA,NA,NA,NA,NA,,,NA,NA,NA,NA,NA,NA,NA,NA,NA,NA,NA,NA,NA,NA,NA,NA,NA,NA,NA,NA,NA,NA,NA,NA,NA,NA,NA,NA,NA,NA,NA,NA,NA,NA,NA,NA,NA,NA,0,NA,NA,NA,624,NA,624,NA,NA,NA,NA,NA
3568912600-61071-019_3568912600-61071-020,Rooming,1,PR,PR,PR,NA,NA,NA,NA,NA,NA,NA,,,PR,PR,PR,NA,NA,NA,NA,NA,NA,NA,NA,NA,H,Son,Daughter,NA,NA,NA,NA,NA,NA,NA,NA,NA,24,3,2,NA,NA,NA,NA,NA,NA,NA,NA,NA,3,Puerto Rican,1,3,NA,NA,450,NA,450,NA,NA,1,3,1.51 or more
3568912600-61071-021_3568912600-61071-022,Rooming,1,NA,NA,NA,NA,NA,NA,NA,NA,NA,NA,,,NA,NA,NA,NA,NA,NA,NA,NA,NA,NA,NA,NA,NA,NA,NA,NA,NA,NA,NA,NA,NA,NA,NA,NA,NA,NA,NA,NA,NA,NA,NA,NA,NA,NA,NA,NA,NA,NA,0,NA,NA,NA,312,NA,312,NA,NA,NA,NA,NA
3568912600-61071-023_3568912600-61071-024,Rooming,1,NA,NA,NA,NA,NA,NA,NA,NA,NA,NA,,,NA,NA,NA,NA,NA,NA,NA,NA,NA,NA,NA,NA,NA,NA,NA,NA,NA,NA,NA,NA,NA,NA,NA,NA,NA,NA,NA,NA,NA,NA,NA,NA,NA,NA,NA,NA,NA,NA,0,NA,NA,NA,286,NA,286,NA,NA,NA,NA,NA
3568913303-61072-001_3568913303-61072-002,Rooming,2,NA,NA,NA,NA,NA,NA,NA,NA,NA,NA,,,NA,NA,NA,NA,NA,NA,NA,NA,NA,NA,NA,NA,NA,NA,NA,NA,NA,NA,NA,NA,NA,NA,NA,NA,NA,NA,NA,NA,NA,NA,NA,NA,NA,NA,NA,NA,NA,NA,0,NA,NA,NA,444,NA,444,NA,NA,NA,NA,NA
3568913303-61072-003_3568913303-61072-004,Rooming,2,NA,NA,NA,NA,NA,NA,NA,NA,NA,NA,,,NA,NA,NA,NA,NA,NA,NA,NA,NA,NA,NA,NA,Head,Husband,Son,Daughter,NA,NA,NA,NA,NA,NA,NA,NA,NA,NA,NA,NA,NA,NA,NA,NA,NA,NA,NA,NA,4,NA,0,0,5,NA,468,NA,468,NA,NA,2,2,1.51 or more
3568913303-61072-005_3568913303-61072-006,Rooming,2,NA,NA,NA,NA,NA,NA,NA,NA,NA,NA,,,NA,NA,NA,NA,NA,NA,NA,NA,NA,NA,NA,NA,H,Wife,NA,NA,NA,NA,NA,NA,NA,NA,NA,NA,NA,NA,NA,NA,NA,NA,NA,NA,NA,NA,NA,NA,2,NA,0,0,NA,NA,546,NA,546,NA,NA,2,1,1.00 or less
3568913303-61072-007_3568913303-61072-008,Rooming,1,PR,PR,NA,NA,NA,NA,NA,NA,NA,NA,,,PR,PR,NA,NA,NA,NA,NA,NA,NA,NA,NA,NA,Head,Father,NA,NA,NA,NA,NA,NA,NA,NA,NA,NA,48,68,NA,NA,NA,NA,NA,NA,NA,NA,NA,NA,2,NA,1,2,NA,5,284.76,NA,284.76,NA,NA,1,2,1.51 or more
3568913303-61072-009_3568913303-61072-010,Rooming,1,PR,PR,USA,USA,USA,NA,NA,NA,NA,NA,,,PR,PR,USA,USA,USA,NA,NA,NA,NA,NA,NA,NA,Head,Wife,Daughter,Daughter,Son,NA,NA,NA,NA,NA,NA,NA,28,28,3,1,0,NA,NA,NA,NA,NA,NA,NA,5,Puerto Rican,1,5,0.666666667,2.5,367.08,NA,367.08,NA,NA,1,5,1.51 or more
3568913303-61072-011_3568913303-61072-012,Rooming,2,NA,NA,NA,NA,NA,NA,NA,NA,NA,NA,,,NA,NA,NA,NA,NA,NA,NA,NA,NA,NA,NA,NA,Father,Father,Brother,NA,NA,NA,NA,NA,NA,NA,NA,NA,NA,NA,NA,NA,NA,NA,NA,NA,NA,NA,NA,NA,3,NA,0,0,NA,NA,624,NA,624,NA,NA,2,1.5,1.01 to 1.50
3568913303-61072-013_3568913303-61072-014,Rooming,1,NA,NA,NA,NA,NA,NA,NA,NA,NA,NA,,,NA,NA,NA,NA,NA,NA,NA,NA,NA,NA,NA,NA,NA,NA,NA,NA,NA,NA,NA,NA,NA,NA,NA,NA,NA,NA,NA,NA,NA,NA,NA,NA,NA,NA,NA,NA,NA,NA,0,NA,NA,NA,239.2,NA,239.2,NA,NA,NA,NA,NA
3568913303-61072-015_3568913303-61072-016,Rooming,1,PR,NA,NA,NA,NA,NA,NA,NA,NA,NA,,,PR,NA,NA,NA,NA,NA,NA,NA,NA,NA,NA,NA,NA,NA,NA,NA,NA,NA,NA,NA,NA,NA,NA,NA,39,6,4,2,NA,NA,NA,NA,NA,NA,NA,NA,4,NA,1,4,NA,NA,358.8,NA,358.8,NA,NA,1,4,1.51 or more
3568913303-61072-017_3568913303-61072-018,Rooming,1,PR,NA,NA,NA,NA,NA,NA,NA,NA,NA,,,PR,NA,NA,NA,NA,NA,NA,NA,NA,NA,NA,NA,Head,NA,NA,NA,NA,NA,NA,NA,NA,NA,NA,NA,22,NA,NA,NA,NA,NA,NA,NA,NA,NA,NA,NA,1,NA,1,1,2,5,364,2340,364,15.55555556,15.55555556,1,1,1.00 or less
3568913303-61072-019_3568913303-61072-020,Rooming,1,PR,NA,NA,NA,NA,NA,NA,NA,NA,NA,,,PR,NA,NA,NA,NA,NA,NA,NA,NA,NA,NA,NA,Head,NA,NA,NA,NA,NA,NA,NA,NA,NA,NA,NA,24,NA,NA,NA,NA,NA,NA,NA,NA,NA,NA,NA,1,NA,1,1,NA,NA,364,2496,364,14.58333333,14.58333333,1,1,1.00 or less
3568913303-61072-021_3568913303-61072-022,Rooming,1,NA,NA,NA,NA,NA,NA,NA,NA,NA,NA,,,NA,NA,NA,NA,NA,NA,NA,NA,NA,NA,NA,NA,NA,NA,NA,NA,NA,NA,NA,NA,NA,NA,NA,NA,NA,NA,NA,NA,NA,NA,NA,NA,NA,NA,NA,NA,NA,NA,0,NA,NA,NA,302.4,NA,302.4,NA,NA,NA,NA,NA
3568913303-61072-023_3568913303-61072-024,Rooming,1,NA,NA,NA,NA,NA,NA,NA,NA,NA,NA,,,NA,NA,NA,NA,NA,NA,NA,NA,NA,NA,NA,NA,NA,NA,NA,NA,NA,NA,NA,NA,NA,NA,NA,NA,NA,NA,NA,NA,NA,NA,NA,NA,NA,NA,NA,NA,NA,NA,0,NA,NA,NA,239.2,NA,239.2,NA,NA,NA,NA,NA
3568913303-61072-025_3568913303-61072-026,NA,2,USA,USA,NA,NA,NA,NA,NA,NA,NA,NA,,,USA,USA,NA,NA,NA,NA,NA,NA,NA,NA,NA,NA,Head,Nephew,NA,NA,NA,NA,NA,NA,NA,NA,NA,NA,65,40,NA,NA,NA,NA,NA,NA,NA,NA,NA,NA,2,NA,0,0,20,30,657.8,5044,657.8,13.04123711,13.04123711,2,1,1.00 or less
3568913707-61073-001_3568913707-61073-002,Rooming,2.5,PR,PR,PR,USA,USA,USA,USA,USA,USA,NA,,,PR,PR,PR,USA,USA,USA,USA,USA,USA,NA,NA,NA,Head,Wife,Daughter,Son,Son,Daughter,Daughter,Son,Daughter,NA,NA,NA,34,27,8,7,4,6,3,2,1,NA,NA,NA,9,Puerto Rican,1,9,3,9,1080,NA,1080,NA,NA,2.5,3.6,1.51 or more
3568913707-61073-003_3568913707-61073-004,Rooming,2,PR,PR,PR,PR,PR,PR,USA,NA,NA,NA,,,PR,PR,PR,PR,PR,PR,USA,NA,NA,NA,NA,NA,Head,Son,Daughter,Daughter,Daughter,Daughter,Daughter,NA,NA,NA,NA,NA,29,14,11,10,9,6,6,NA,NA,NA,NA,NA,7,NA,1,7,NA,NA,832,NA,832,NA,NA,2,3.5,1.51 or more
3568913707-61073-005_3568913707-61073-006,Rooming,4.5,PR,USA,USA,USA,USA,USA,USA,USA,USA,NA,,,PR,USA,USA,USA,USA,USA,USA,USA,USA,NA,NA,NA,Head,Wife,Daughter,Son,Son,Son,Son,Son,Brother in Law,NA,NA,NA,NA,NA,NA,NA,NA,NA,NA,NA,NA,NA,NA,NA,9,Puerto Rican,1,9,3,8,NA,3120,NA,NA,NA,4.5,2,1.51 or more
3568913707-61073-007_3568913707-61073-008,Rooming,2,PR,PR,USA,USA,USA,NA,NA,NA,NA,NA,,,PR,PR,USA,USA,USA,NA,NA,NA,NA,NA,NA,NA,Head,Wife,Son,Daughter,Son,NA,NA,NA,NA,NA,NA,NA,27,32,6,5,1,NA,NA,NA,NA,NA,NA,NA,5,Puerto Rican,1,5,4,6,849.68,NA,849.68,NA,NA,2,2.5,1.51 or more
3568913707-61073-009_3568913707-61073-010,Rooming,1,USA,NA,NA,NA,NA,NA,NA,NA,NA,NA,,,USA,NA,NA,NA,NA,NA,NA,NA,NA,NA,NA,NA,Head,NA,NA,NA,NA,NA,NA,NA,NA,NA,NA,NA,NA,NA,NA,NA,NA,NA,NA,NA,NA,NA,NA,NA,1,NA,0,0,NA,NA,NA,NA,NA,NA,NA,1,1,1.00 or less
3568913707-61073-011_3568913707-61073-012,Rooming,2.5,PR,PR,USA,USA,USA,USA,USA,NA,NA,NA,,,PR,PR,USA,USA,USA,USA,USA,NA,NA,NA,NA,NA,Head,Wife,Son,Daughter,Daughter,Daughter,Son,NA,NA,NA,NA,NA,32,23,4,3,2,1,0,NA,NA,NA,NA,NA,7,Puerto Rican,1,7,3,6,936,3640,936,25.71428571,25.71428571,2.5,2.8,1.51 or more
3568913707-61073-013_3568913707-61073-014,Rooming,1,USA,NA,NA,NA,NA,NA,NA,NA,NA,NA,,,USA,NA,NA,NA,NA,NA,NA,NA,NA,NA,NA,NA,Head,NA,NA,NA,NA,NA,NA,NA,NA,NA,NA,NA,80,NA,NA,NA,NA,NA,NA,NA,NA,NA,NA,NA,1,White,0,0,10,80,234,599.4,234,39.03903904,39.03903904,1,1,1.00 or less
3568913707-61073-015_3568913707-61073-016,Rooming,1.5,PR,PR,USA,USA,USA,USA,USA,NA,NA,NA,,,PR,PR,USA,USA,USA,USA,USA,NA,NA,NA,NA,NA,Head,Wife,Son,Son,Daughter,Son,Son,NA,NA,NA,NA,NA,51,40,9,8,6,3,2,NA,NA,NA,NA,NA,7,Puerto Rican,1,7,6,6,936,NA,936,NA,NA,1.5,4.666666667,1.51 or more
3568913707-61073-017_3568913707-61073-018,Rooming,2.5,PR,PR,PR,PR,PR,USA,USA,USA,USA,USA,,,PR,PR,PR,PR,PR,USA,USA,USA,USA,USA,NA,NA,Head,Wife,Son,Son,Daughter,Daughter,Son,Son,Daughter,Son,NA,NA,34,23,12,11,10,9,8,7,6,5,NA,NA,10,NA,1,10,4,4,888,NA,888,NA,NA,2.5,4,1.51 or more
3568914324-61074-001_3568914324-61074-002,NA,2,PR,PR,USA,USA,USA,USA,NA,NA,NA,NA,,,PR,PR,USA,USA,USA,USA,NA,NA,NA,NA,NA,NA,Head,Wife,Son,Son,Daughter,Son,NA,NA,NA,NA,NA,NA,30,21,3,2,1,0,NA,NA,NA,NA,NA,NA,6,Puerto Rican,1,6,6,7,780,2808,780,27.77777778,27.77777778,2,3,1.51 or more
3568914324-61074-003_3568914324-61074-004,NA,2,USA,USA,USA,USA,NA,NA,NA,NA,NA,NA,,,USA,USA,USA,USA,NA,NA,NA,NA,NA,NA,NA,NA,Head,Wife,Daughter,Daughter,NA,NA,NA,NA,NA,NA,NA,NA,NA,NA,NA,NA,NA,NA,NA,NA,NA,NA,NA,NA,4,Negro,0,0,12,15,624,5460,624,11.42857143,11.42857143,2,2,1.51 or more
3568914324-61074-005_3568914324-61074-006,NA,2.5,PR,USA,USA,USA,USA,NA,NA,NA,NA,NA,,,PR,USA,USA,USA,USA,NA,NA,NA,NA,NA,NA,NA,Head,Son,Son,Daughter,Son,NA,NA,NA,NA,NA,NA,NA,34,12,10,5,2,NA,NA,NA,NA,NA,NA,NA,5,Puerto Rican,1,5,10,4,780,NA,780,NA,NA,2.5,2,1.51 or more
3568914324-61074-007_3568914324-61074-008,Rooming,1,USA,USA,NA,NA,NA,NA,NA,NA,NA,NA,,,USA,USA,NA,NA,NA,NA,NA,NA,NA,NA,NA,NA,Head,Wife,NA,NA,NA,NA,NA,NA,NA,NA,NA,NA,57,44,NA,NA,NA,NA,NA,NA,NA,NA,NA,NA,2,Negro,0,0,NA,NA,493.48,2080,493.48,23.725,23.725,1,2,1.51 or more
3568914324-61074-009_3568914324-61074-010,Rooming,1,NA,NA,NA,NA,NA,NA,NA,NA,NA,NA,,,NA,NA,NA,NA,NA,NA,NA,NA,NA,NA,NA,NA,NA,NA,NA,NA,NA,NA,NA,NA,NA,NA,NA,NA,NA,NA,NA,NA,NA,NA,NA,NA,NA,NA,NA,NA,NA,NA,0,NA,NA,NA,577.2,NA,577.2,NA,NA,NA,NA,NA
3568914324-61074-011_3568914324-61074-012,NA,1,PR,NA,NA,NA,NA,NA,NA,NA,NA,NA,,,PR,NA,NA,NA,NA,NA,NA,NA,NA,NA,NA,NA,Head,NA,NA,NA,NA,NA,NA,NA,NA,NA,NA,NA,31,NA,NA,NA,NA,NA,NA,NA,NA,NA,NA,NA,1,NA,1,1,NA,NA,NA,NA,NA,NA,NA,1,1,1.00 or less
3568914324-61074-013_3568914324-61074-014,NA,2,PR,PR,USA,USA,USA,USA,NA,NA,NA,NA,,,PR,PR,USA,USA,USA,USA,NA,NA,NA,NA,NA,NA,Head,Wife,Daughter,Son,Son,Son,NA,NA,NA,NA,NA,NA,26,30,5,3,2,0,NA,NA,NA,NA,NA,NA,6,Puerto Rican,1,6,2,14,651.56,2600,651.56,25.06,25.06,2,3,1.51 or more
3568914324-61074-015_3568914324-61074-016,Rooming,2,NA,NA,NA,NA,NA,NA,NA,NA,NA,NA,,,NA,NA,NA,NA,NA,NA,NA,NA,NA,NA,NA,NA,NA,NA,NA,NA,NA,NA,NA,NA,NA,NA,NA,NA,NA,NA,NA,NA,NA,NA,NA,NA,NA,NA,NA,NA,NA,NA,0,NA,NA,NA,676,NA,676,NA,NA,NA,NA,NA
3568914324-61074-017_3568914324-61074-018,NA,1,USA,NA,NA,NA,NA,NA,NA,NA,NA,NA,,,USA,NA,NA,NA,NA,NA,NA,NA,NA,NA,NA,NA,Head,Wife,NA,NA,NA,NA,NA,NA,NA,NA,NA,NA,56,NA,NA,NA,NA,NA,NA,NA,NA,NA,NA,NA,2,Negro,0,0,4,2.083333333,520,NA,520,NA,NA,1,2,1.51 or more
3568914324-61074-019_3568914324-61074-020,NA,1.5,PR,PR,USA,USA,USA,USA,USA,NA,NA,NA,,,PR,PR,USA,USA,USA,USA,USA,NA,NA,NA,NA,NA,Head,Wife,Daughter,Daughter,Son,Daughter,Son,NA,NA,NA,NA,NA,28,29,6,6,4,2,1,NA,NA,NA,NA,NA,7,Puerto Rican,1,7,1.5,8,650,NA,650,NA,NA,1.5,4.666666667,1.51 or more
3568914324-61074-021_3568914324-61074-022,Rooming,1,PR,PR,NA,NA,NA,NA,NA,NA,NA,NA,,,PR,PR,NA,NA,NA,NA,NA,NA,NA,NA,NA,NA,H,Wife,Daughter,Daughter,Son,Daughter,Son,NA,NA,NA,NA,NA,28,30,7,6,4,2,1,NA,NA,NA,NA,NA,7,Puerto Rican,1,7,0.333333333,9,676,NA,676,NA,NA,1,7,1.51 or more
3568914324-61074-023_3568914324-61074-024,Rooming,1,NA,NA,NA,NA,NA,NA,NA,NA,NA,NA,,,NA,NA,NA,NA,NA,NA,NA,NA,NA,NA,NA,NA,NA,NA,NA,NA,NA,NA,NA,NA,NA,NA,NA,NA,NA,NA,NA,NA,NA,NA,NA,NA,NA,NA,NA,NA,1,NA,0,0,NA,NA,538.72,NA,538.72,NA,NA,1,1,1.00 or less
3568914324-61074-025_3568914324-61074-026,Rooming,1,NA,NA,NA,NA,NA,NA,NA,NA,NA,NA,,,NA,NA,NA,NA,NA,NA,NA,NA,NA,NA,NA,NA,NA,NA,NA,NA,NA,NA,NA,NA,NA,NA,NA,NA,NA,NA,NA,NA,NA,NA,NA,NA,NA,NA,NA,NA,NA,NA,0,NA,NA,NA,520,NA,520,NA,NA,NA,NA,NA
3568914715-61075-001_3568914715-61075-002,Rooming,2,PR,PR,NA,NA,NA,NA,NA,NA,NA,NA,,,PR,PR,NA,NA,NA,NA,NA,NA,NA,NA,NA,NA,Head,Son,Daughter,Son,Daughter,Daughter,Daughter,Son,Son,Son,Son,NA,40,19,18,14,12,8,5,4,2,0,0,NA,11,Puerto Rican,1,11,1,2,936,NA,936,NA,NA,2,5.5,1.51 or more
3568914715-61075-003_3568914715-61075-004,Rooming,1,PR,PR,NA,NA,NA,NA,NA,NA,NA,NA,,,PR,PR,NA,NA,NA,NA,NA,NA,NA,NA,NA,NA,Head,Son,NA,NA,NA,NA,NA,NA,NA,NA,NA,NA,48,29,NA,NA,NA,NA,NA,NA,NA,NA,NA,NA,2,NA,1,2,NA,NA,552,NA,552,NA,NA,1,2,1.51 or more
3568914715-61075-005_3568914715-61075-006,Rooming,1,PR,PR,PR,PR,USA,USA,NA,NA,NA,NA,,,PR,PR,PR,PR,USA,USA,NA,NA,NA,NA,NA,NA,Head,Wife,Son,Son,Son,Son,NA,NA,NA,NA,NA,NA,39,37,15,10,6,3,NA,NA,NA,NA,NA,NA,6,NA,1,6,NA,NA,874.32,NA,874.32,NA,NA,1,6,1.51 or more
3568914715-61075-007_3568914715-61075-008,Rooming,1,PR,PR,PR,PR,PR,PR,USA,NA,NA,NA,,,PR,PR,PR,PR,PR,PR,USA,NA,NA,NA,NA,NA,Head,Wife,Son,Daughter,Son,Son,Son,NA,NA,NA,NA,NA,36,38,17,18,8,6,4,NA,NA,NA,NA,NA,7,NA,1,7,NA,NA,868.8,NA,868.8,NA,NA,1,7,1.51 or more
3568914715-61075-009_3568914715-61075-010,Rooming,2,PR,PR,USA,USA,USA,USA,USA,USA,NA,NA,,,PR,PR,USA,USA,USA,USA,USA,USA,NA,NA,NA,NA,Head,Wife,Son,Daughter,Daughter,Son,Son,Daughter,NA,NA,NA,NA,34,34,11,10,8,7,3,1,NA,NA,NA,NA,8,Puerto Rican,1,8,45,14,960,NA,960,NA,NA,2,4,1.51 or more
3568914715-61075-011_3568914715-61075-012,Rooming,1,NA,NA,NA,NA,NA,NA,NA,NA,NA,NA,,,NA,NA,NA,NA,NA,NA,NA,NA,NA,NA,NA,NA,NA,NA,NA,NA,NA,NA,NA,NA,NA,NA,NA,NA,NA,NA,NA,NA,NA,NA,NA,NA,NA,NA,NA,NA,NA,NA,0,NA,NA,NA,344.04,NA,344.04,NA,NA,NA,NA,NA
3568914715-61075-013_3568914715-61075-014,Rooming,2,USA,USA,USA,USA,USA,USA,NA,NA,NA,NA,,,USA,USA,USA,USA,USA,USA,NA,NA,NA,NA,NA,NA,Head,Son,Son,Daughter,Daughter,Daughter,NA,NA,NA,NA,NA,NA,33,10,9,5,4,3,NA,NA,NA,NA,NA,NA,6,NA,0,0,1,13,897,NA,897,NA,NA,2,3,1.51 or more
3568915127-61076-001_3568915127-61076-002,Rooming,1,NA,NA,NA,NA,NA,NA,NA,NA,NA,NA,,,NA,NA,NA,NA,NA,NA,NA,NA,NA,NA,NA,NA,NA,NA,NA,NA,NA,NA,NA,NA,NA,NA,NA,NA,NA,NA,NA,NA,NA,NA,NA,NA,NA,NA,NA,NA,1,NA,0,0,NA,NA,478.4,NA,478.4,NA,NA,1,1,1.00 or less
3568915127-61076-003_3568915127-61076-004,NA,1,NA,NA,NA,NA,NA,NA,NA,NA,NA,NA,,,NA,NA,NA,NA,NA,NA,NA,NA,NA,NA,NA,NA,NA,NA,NA,NA,NA,NA,NA,NA,NA,NA,NA,NA,NA,NA,NA,NA,NA,NA,NA,NA,NA,NA,NA,NA,NA,NA,0,NA,NA,NA,441.6,NA,441.6,NA,NA,NA,NA,NA
3568915127-61076-005_3568915127-61076-006,Rooming,2,PR,PR,USA,USA,USA,NA,NA,NA,NA,NA,,,PR,PR,USA,USA,USA,NA,NA,NA,NA,NA,NA,NA,Head,Son,Son,Daughter,Daughter,NA,NA,NA,NA,NA,NA,NA,43,8,5,5,2,NA,NA,NA,NA,NA,NA,NA,5,Puerto Rican,1,5,NA,5,864,NA,864,NA,NA,2,2.5,1.51 or more
3568915127-61076-007_3568915127-61076-008,NA,1,PR,PR,USA,USA,USA,USA,NA,NA,NA,NA,,,PR,PR,USA,USA,USA,USA,NA,NA,NA,NA,NA,NA,Head,Daughter,Daughter,Daughter,Daughter,Daughter,NA,NA,NA,NA,NA,NA,35,17,6,14,11,10,NA,NA,NA,NA,NA,NA,6,Puerto Rican,1,6,0.666666667,2,828,NA,828,NA,NA,1,6,1.51 or more
3568915127-61076-009_3568915127-61076-010,NA,2,PR,PR,PR,PR,USA,USA,USA,USA,NA,NA,,,PR,PR,PR,PR,USA,USA,USA,USA,NA,NA,NA,NA,Head,Wife,Daughter,Daughter,Son,Son,Son,Daughter,NA,NA,NA,NA,24,29,11,6,2,3,2,1,NA,NA,NA,NA,8,Puerto Rican,1,8,0.416666667,6,858,NA,858,NA,NA,2,4,1.51 or more
3568915127-61076-011_3568915127-61076-012,NA,3,PR,PR,PR,PR,PR,NA,NA,NA,NA,NA,,,PR,PR,PR,PR,PR,NA,NA,NA,NA,NA,NA,NA,Head,Son,Son,Daughter,Son,NA,NA,NA,NA,NA,NA,NA,42,17,16,11,14,NA,NA,NA,NA,NA,NA,NA,5,Puerto Rican,1,5,5,12,1206.96,NA,1206.96,NA,NA,3,1.666666667,1.51 or more
3568915127-61076-013_3568915127-61076-014,NA,2.5,PR,PR,PR,PR,USA,NA,NA,NA,NA,NA,,,PR,PR,PR,PR,USA,NA,NA,NA,NA,NA,NA,NA,Head,Son,Son,Daughter,Daughter,NA,NA,NA,NA,NA,NA,NA,35,9,8,10,5,NA,NA,NA,NA,NA,NA,NA,5,Puerto Rican,1,5,0.5,7,1040,NA,1040,NA,NA,2.5,2,1.51 or more
3568915127-61076-015_3568915127-61076-016,NA,1.5,NA,NA,NA,NA,NA,NA,NA,NA,NA,NA,,,NA,NA,NA,NA,NA,NA,NA,NA,NA,NA,NA,NA,NA,NA,NA,NA,NA,NA,NA,NA,NA,NA,NA,NA,NA,NA,NA,NA,NA,NA,NA,NA,NA,NA,NA,NA,NA,Puerto Rican,1,NA,NA,NA,NA,NA,NA,NA,NA,NA,NA,NA
3568915127-61076-017_3568915127-61076-018,Rooming,1.5,PR,USA,USA,USA,NA,NA,NA,NA,NA,NA,,,PR,USA,USA,USA,NA,NA,NA,NA,NA,NA,NA,NA,Head,Daughter,Daughter,Daughter,NA,NA,NA,NA,NA,NA,NA,NA,36,12,9,6,NA,NA,NA,NA,NA,NA,NA,NA,4,NA,1,4,0.75,13,936,NA,936,NA,NA,1.5,2.666666667,1.51 or more
3568915127-61076-019_3568915127-61076-020,Rooming,1,PR,PR,PR,PR,PR,NA,NA,NA,NA,NA,,,PR,PR,PR,PR,PR,NA,NA,NA,NA,NA,NA,NA,H,Wife,Son,Son,Son,NA,NA,NA,NA,NA,NA,NA,35,27,11,10,7,NA,NA,NA,NA,NA,NA,NA,5,Puerto Rican,1,5,0.583333333,6,364,3120,364,11.66666667,11.66666667,1,5,1.51 or more
3568915127-61076-021_3568915127-61076-022,NA,1,PR,NA,NA,NA,NA,NA,NA,NA,NA,NA,,,PR,NA,NA,NA,NA,NA,NA,NA,NA,NA,NA,NA,Head,NA,NA,NA,NA,NA,NA,NA,NA,NA,NA,NA,64,NA,NA,NA,NA,NA,NA,NA,NA,NA,NA,NA,1,Puerto Rican,1,1,3,25,873.6,NA,873.6,NA,NA,1,1,1.00 or less
3568915127-61076-023_3568915127-61076-024,NA,1,PR,USA,NA,NA,NA,NA,NA,NA,NA,NA,,,PR,USA,NA,NA,NA,NA,NA,NA,NA,NA,NA,NA,Head,Son,NA,NA,NA,NA,NA,NA,NA,NA,NA,NA,30,4,NA,NA,NA,NA,NA,NA,NA,NA,NA,NA,2,Puerto Rican,1,2,3,19,514.32,NA,514.32,NA,NA,1,2,1.51 or more
3568915127-61076-025_3568915127-61076-026,Rooming,1,PR,NA,NA,NA,NA,NA,NA,NA,NA,NA,,,PR,NA,NA,NA,NA,NA,NA,NA,NA,NA,NA,NA,Head,NA,NA,NA,NA,NA,NA,NA,NA,NA,NA,NA,56,NA,NA,NA,NA,NA,NA,NA,NA,NA,NA,NA,1,Puerto Rican,1,1,0.333333333,8,288,NA,288,NA,NA,1,1,1.00 or less
3568915127-61076-027_3568915127-61076-028,Rooming,1,NA,NA,NA,NA,NA,NA,NA,NA,NA,NA,,,NA,NA,NA,NA,NA,NA,NA,NA,NA,NA,NA,NA,NA,NA,NA,NA,NA,NA,NA,NA,NA,NA,NA,NA,NA,NA,NA,NA,NA,NA,NA,NA,NA,NA,NA,NA,NA,NA,0,NA,NA,NA,182,NA,182,NA,NA,NA,NA,NA
3568915127-61076-029_3568915127-61076-030,Rooming,1,NA,NA,NA,NA,NA,NA,NA,NA,NA,NA,,,NA,NA,NA,NA,NA,NA,NA,NA,NA,NA,NA,NA,NA,NA,NA,NA,NA,NA,NA,NA,NA,NA,NA,NA,NA,NA,NA,NA,NA,NA,NA,NA,NA,NA,NA,NA,NA,NA,0,NA,NA,NA,364,NA,364,NA,NA,NA,NA,NA
3568915429-61077-001_3568915429-61077-002,NA,2,PR,PR,PR,PR,PR,PR,NA,NA,NA,NA,,,PR,PR,PR,PR,PR,PR,NA,NA,NA,NA,NA,NA,Head,Wife,Daughter,Daughter,Daughter,Son,NA,NA,NA,NA,NA,NA,40,38,20,14,12,17,NA,NA,NA,NA,NA,NA,6,NA,1,6,1.5,5,832,5096,832,16.32653061,16.32653061,2,3,1.51 or more
3568915429-61077-003_3568915429-61077-004,NA,1,PR,PR,USA,USA,USA,NA,NA,NA,NA,NA,,,PR,PR,USA,USA,USA,NA,NA,NA,NA,NA,NA,NA,Head,Wife,Son,Son,Son,NA,NA,NA,NA,NA,NA,NA,26,24,3,2,1,NA,NA,NA,NA,NA,NA,NA,5,Puerto Rican,1,5,2,7,832,NA,832,NA,NA,1,5,1.51 or more
3568915429-61077-005_3568915429-61077-006,NA,1,NA,NA,NA,NA,NA,NA,NA,NA,NA,NA,,,NA,NA,NA,NA,NA,NA,NA,NA,NA,NA,NA,NA,NA,NA,NA,NA,NA,NA,NA,NA,NA,NA,NA,NA,NA,NA,NA,NA,NA,NA,NA,NA,NA,NA,NA,NA,NA,NA,0,NA,NA,NA,260,NA,260,NA,NA,NA,NA,NA
3568915429-61077-007_3568915429-61077-008,Rooming,1.5,USA,USA,USA,USA,USA,USA,NA,NA,NA,NA,,,USA,USA,USA,USA,USA,USA,NA,NA,NA,NA,NA,NA,H,Wife,Daughter,Daughter,Son,Daughter,NA,NA,NA,NA,NA,NA,36,30,13,10,6,3,NA,NA,NA,NA,NA,NA,6,Negro,0,0,2,5,780,3484,780,22.3880597,22.3880597,1.5,4,1.51 or more
3568915429-61077-009_3568915429-61077-010,Rooming,1,NA,NA,NA,NA,NA,NA,NA,NA,NA,NA,,,NA,NA,NA,NA,NA,NA,NA,NA,NA,NA,NA,NA,NA,NA,NA,NA,NA,NA,NA,NA,NA,NA,NA,NA,NA,NA,NA,NA,NA,NA,NA,NA,NA,NA,NA,NA,NA,NA,0,NA,NA,NA,299,NA,299,NA,NA,NA,NA,NA
3568915429-61077-011_3568915429-61077-012,Rooming,1.5,PR,PR,PR,USA,USA,USA,NA,NA,NA,NA,,,PR,PR,PR,USA,USA,USA,NA,NA,NA,NA,NA,NA,H,Son,Son,Daughter,Daughter,Son,NA,NA,NA,NA,NA,NA,NA,NA,NA,NA,NA,NA,NA,NA,NA,NA,NA,NA,6,NA,1,6,NA,NA,832,NA,832,NA,NA,1.5,4,1.51 or more
3568915429-61077-013_3568915429-61077-014,Rooming,1.5,NA,NA,NA,NA,NA,NA,NA,NA,NA,NA,,,NA,NA,NA,NA,NA,NA,NA,NA,NA,NA,NA,NA,NA,NA,NA,NA,NA,NA,NA,NA,NA,NA,NA,NA,NA,NA,NA,NA,NA,NA,NA,NA,NA,NA,NA,NA,NA,NA,0,NA,NA,NA,832,NA,832,NA,NA,NA,NA,NA
3568915429-61077-015_3568915429-61077-016,Rooming,2,PR,PR,PR,PR,PR,NA,NA,NA,NA,NA,,,PR,PR,PR,PR,PR,NA,NA,NA,NA,NA,NA,NA,Head,Daughter,Daughter,Son,Son,NA,NA,NA,NA,NA,NA,NA,27,13,10,7,8,NA,NA,NA,NA,NA,NA,NA,5,NA,1,5,NA,NA,832,NA,832,NA,NA,2,2.5,1.51 or more
3568915429-61077-017_3568915429-61077-018,Rooming,1.5,USA,NA,NA,NA,NA,NA,NA,NA,NA,NA,,,USA,NA,NA,NA,NA,NA,NA,NA,NA,NA,NA,NA,H,NA,NA,NA,NA,NA,NA,NA,NA,NA,NA,NA,53,NA,NA,NA,NA,NA,NA,NA,NA,NA,NA,NA,1,White,0,0,10,53,777.4,2288,777.4,33.97727273,33.97727273,1.5,0.666666667,1.00 or less
3568915429-61077-019_3568915429-61077-020,Rooming,2,PR,NA,USA,USA,USA,USA,NA,NA,NA,NA,,,PR,NA,USA,USA,USA,USA,NA,NA,NA,NA,NA,NA,Head,Wife,Daughter,Son,Daughter,Son,NA,NA,NA,NA,NA,NA,27,37,4,3,2,1,NA,NA,NA,NA,NA,NA,6,Puerto Rican,1,6,1,2,884,NA,884,NA,NA,2,3,1.51 or more
3568915429-61077-021_3568915429-61077-022,Rooming,1.5,PR,PR,PR,PR,USA,USA,NA,NA,NA,NA,,,PR,PR,PR,PR,USA,USA,NA,NA,NA,NA,NA,NA,Head,Wife,Daughter,Daughter,Daughter,Son,NA,NA,NA,NA,NA,NA,30,25,6,4,3,1,NA,NA,NA,NA,NA,NA,6,NA,1,6,4,5,832,2912,832,28.57142857,28.57142857,1.5,4,1.51 or more
3568915830-61078-001_3568915830-61078-002,Rooming,1,NA,NA,NA,NA,NA,NA,NA,NA,NA,NA,,,NA,NA,NA,NA,NA,NA,NA,NA,NA,NA,NA,NA,NA,NA,NA,NA,NA,NA,NA,NA,NA,NA,NA,NA,NA,NA,NA,NA,NA,NA,NA,NA,NA,NA,NA,NA,NA,NA,0,NA,NA,NA,728,NA,728,NA,NA,NA,NA,NA
3568915830-61078-003_3568915830-61078-004,Rooming,1.5,PR,PR,PR,PR,NA,NA,NA,NA,NA,NA,,,PR,PR,PR,PR,NA,NA,NA,NA,NA,NA,NA,NA,Head,Daughter,Son,Son,NA,NA,NA,NA,NA,NA,NA,NA,30,9,7,5,NA,NA,NA,NA,NA,NA,NA,NA,4,Puerto Rican,1,4,1,4,768,NA,768,NA,NA,1.5,2.666666667,1.51 or more
3568915830-61078-005_3568915830-61078-006,Rooming,2,PR,PR,PR,PR,PR,PR,NA,NA,NA,NA,,,PR,PR,PR,PR,PR,PR,NA,NA,NA,NA,NA,NA,Head,Son,Son,Daughter,Son,Daughter,NA,NA,NA,NA,NA,NA,NA,NA,NA,NA,NA,NA,NA,NA,NA,NA,NA,NA,6,NA,1,6,NA,NA,572,NA,572,NA,NA,2,3,1.51 or more
3568915830-61078-007_3568915830-61078-008,Rooming,1,Europe,NA,NA,NA,NA,NA,NA,NA,NA,NA,,,Europe,NA,NA,NA,NA,NA,NA,NA,NA,NA,NA,NA,Head,NA,NA,NA,NA,NA,NA,NA,NA,NA,NA,NA,69,NA,NA,NA,NA,NA,NA,NA,NA,NA,NA,NA,1,White,0,0,27,28,442,1300,442,34,34,1,1,1.00 or less
3568915830-61078-009_3568915830-61078-010,Rooming,1,NA,NA,NA,NA,NA,NA,NA,NA,NA,NA,,,NA,NA,NA,NA,NA,NA,NA,NA,NA,NA,NA,NA,NA,NA,NA,NA,NA,NA,NA,NA,NA,NA,NA,NA,NA,NA,NA,NA,NA,NA,NA,NA,NA,NA,NA,NA,NA,NA,0,NA,NA,NA,239.2,NA,239.2,NA,NA,NA,NA,NA
3568915830-61078-011_3568915830-61078-012,Rooming,1,NA,NA,NA,NA,NA,NA,NA,NA,NA,NA,,,NA,NA,NA,NA,NA,NA,NA,NA,NA,NA,NA,NA,NA,NA,NA,NA,NA,NA,NA,NA,NA,NA,NA,NA,NA,NA,NA,NA,NA,NA,NA,NA,NA,NA,NA,NA,NA,NA,0,NA,NA,NA,299,NA,299,NA,NA,NA,NA,NA
3568915830-61078-013_3568915830-61078-014,Rooming,1,USA,USA,NA,NA,NA,NA,NA,NA,NA,NA,,,USA,USA,NA,NA,NA,NA,NA,NA,NA,NA,NA,NA,Head,Wife,NA,NA,NA,NA,NA,NA,NA,NA,NA,NA,NA,NA,NA,NA,NA,NA,NA,NA,NA,NA,NA,NA,2,White,0,0,5,NA,832,795,832,104.6540881,104.6540881,1,2,1.51 or more
3568915830-61078-015_3568915830-61078-016,Rooming,1.5,PR,PR,NA,NA,NA,NA,NA,NA,NA,NA,,,PR,PR,NA,NA,NA,NA,NA,NA,NA,NA,NA,NA,Head,Wife,NA,NA,NA,NA,NA,NA,NA,NA,NA,NA,39,39,NA,NA,NA,NA,NA,NA,NA,NA,NA,NA,2,Puerto Rican,1,2,2,4,NA,1872,NA,NA,NA,1.5,1.333333333,1.01 to 1.50
3568915830-61078-017_3568915830-61078-018,Rooming,1.5,PR,PR,PR,PR,PR,USA,USA,USA,NA,NA,,,PR,PR,PR,PR,PR,USA,USA,USA,NA,NA,NA,NA,Head,Wife,Daughter,Daughter,Son,Daughter,Son,Son,NA,NA,NA,NA,NA,22,8,10,7,3,2,1,NA,NA,NA,NA,8,Puerto Rican,1,8,2,6,1008,NA,1008,NA,NA,1.5,5.333333333,1.51 or more
3568915830-61078-019_3568915830-61078-020,Rooming,1,PR,NA,NA,NA,NA,NA,NA,NA,NA,NA,,,PR,NA,NA,NA,NA,NA,NA,NA,NA,NA,NA,NA,Head,NA,NA,NA,NA,NA,NA,NA,NA,NA,NA,NA,72,NA,NA,NA,NA,NA,NA,NA,NA,NA,NA,NA,1,NA,1,1,NA,NA,299,NA,299,NA,NA,1,1,1.00 or less
3568916491-61079-001_3568916491-61079-002,Rooming,1,PR,PR,PR,USA,USA,USA,NA,NA,NA,NA,,,PR,PR,PR,USA,USA,USA,NA,NA,NA,NA,NA,NA,Head,Daughter,Son,Daughter,Son,Daughter,NA,NA,NA,NA,NA,NA,34,7,4,3,2,1,NA,NA,NA,NA,NA,NA,6,Puerto Rican,1,6,NA,NA,720,NA,720,NA,NA,1,6,1.51 or more
3568916491-61079-003_3568916491-61079-004,Rooming,2,NA,NA,NA,NA,NA,NA,NA,NA,NA,NA,,,NA,NA,NA,NA,NA,NA,NA,NA,NA,NA,NA,NA,NA,NA,NA,NA,NA,NA,NA,NA,NA,NA,NA,NA,NA,NA,NA,NA,NA,NA,NA,NA,NA,NA,NA,NA,NA,NA,0,NA,NA,NA,780,NA,780,NA,NA,NA,NA,NA
3568916491-61079-005_3568916491-61079-006,Rooming,1,USA,USA,USA,USA,USA,NA,NA,NA,NA,NA,,,USA,USA,USA,USA,USA,NA,NA,NA,NA,NA,NA,NA,Head,Son,Son,Son,Daughter,NA,NA,NA,NA,NA,NA,NA,34,7,5,3,1,NA,NA,NA,NA,NA,NA,NA,5,Negro,0,0,2.5,13,720,NA,720,NA,NA,1,5,1.51 or more
3568916491-61079-007_3568916491-61079-008,Rooming,1.5,PR,PR,USA,NA,NA,NA,NA,NA,NA,NA,,,PR,PR,USA,NA,NA,NA,NA,NA,NA,NA,NA,NA,Head,Wife,Daughter,NA,NA,NA,NA,NA,NA,NA,NA,NA,27,20,2,NA,NA,NA,NA,NA,NA,NA,NA,NA,3,Puerto Rican,1,3,3,3,840,NA,840,NA,NA,1.5,2,1.51 or more
3568916491-61079-009_3568916491-61079-010,Rooming,1.5,PR,PR,PR,PR,PR,NA,NA,NA,NA,NA,,,PR,PR,PR,PR,PR,NA,NA,NA,NA,NA,NA,NA,Head,Wife,Son,Daughter,Daughter,NA,NA,NA,NA,NA,NA,NA,24,24,3,2,1,NA,NA,NA,NA,NA,NA,NA,5,Puerto Rican,1,5,0.25,5,676,NA,676,NA,NA,1.5,3.333333333,1.51 or more
3568916491-61079-011_3568916491-61079-012,Rooming,2,PR,PR,PR,PR,USA,USA,USA,USA,USA,USA,,,PR,PR,PR,PR,USA,USA,USA,USA,USA,USA,NA,NA,Head,Wife,Son,Son,Son,Son,Daughter,Daughter,Son,Daughter,NA,NA,40,36,10,8,6,4,11,9,2,1,NA,NA,10,Puerto Rican,1,10,1,3,884,NA,884,NA,NA,2,5,1.51 or more
3568916491-61079-013_3568916491-61079-014,Rooming,1.5,PR,PR,PR,USA,USA,NA,NA,NA,NA,NA,,,PR,PR,PR,USA,USA,NA,NA,NA,NA,NA,NA,NA,Head,Wife,Son,Son,Son,NA,NA,NA,NA,NA,NA,NA,34,30,8,7,4,NA,NA,NA,NA,NA,NA,NA,5,Puerto Rican,1,5,NA,5,NA,2340,NA,NA,NA,1.5,3.333333333,1.51 or more
3568916491-61079-015_3568916491-61079-016,NA,1.5,PR,PR,USA,USA,USA,NA,NA,NA,NA,NA,,,PR,PR,USA,USA,USA,NA,NA,NA,NA,NA,NA,NA,Head,Wife,Son,Daughter,Daughter,NA,NA,NA,NA,NA,NA,NA,29,24,5,3,1,NA,NA,NA,NA,NA,NA,NA,5,Puerto Rican,1,5,1,11,676,2548,676,26.53061224,26.53061224,1.5,3.333333333,1.51 or more
3568916491-61079-017_3568916491-61079-018,Rooming,1.5,USA,USA,USA,USA,USA,USA,NA,NA,NA,NA,,,USA,USA,USA,USA,USA,USA,NA,NA,NA,NA,NA,NA,Head,Daughter,Daughter,Daughter,Son,Daughter,NA,NA,NA,NA,NA,NA,29,8,5,3,2,1,NA,NA,NA,NA,NA,NA,6,Puerto Rican,1,6,0.58,29,676,NA,676,NA,NA,1.5,4,1.51 or more
3568916491-61079-019_3568916491-61079-020,Rooming,1,USA,NA,NA,NA,NA,NA,NA,NA,NA,NA,,,USA,NA,NA,NA,NA,NA,NA,NA,NA,NA,NA,NA,Head,NA,NA,NA,NA,NA,NA,NA,NA,NA,NA,NA,61,NA,NA,NA,NA,NA,NA,NA,NA,NA,NA,NA,1,White,0,0,NA,61,260,NA,260,NA,NA,1,1,1.00 or less
3568916831-61080-001_3568916831-61080-002,Rooming,NA,Ireland,NA,NA,NA,NA,NA,NA,NA,NA,NA,,,Europe,NA,NA,NA,NA,NA,NA,NA,NA,NA,NA,NA,Head,NA,NA,NA,NA,NA,NA,NA,NA,NA,NA,NA,69,NA,NA,NA,NA,NA,NA,NA,NA,NA,NA,NA,1,White,0,0,10,41,176.8,NA,176.8,NA,NA,NA,NA,NA
3568916831-61080-003_3568916831-61080-004,Rooming,1,NA,NA,NA,NA,NA,NA,NA,NA,NA,NA,,,NA,NA,NA,NA,NA,NA,NA,NA,NA,NA,NA,NA,NA,NA,NA,NA,NA,NA,NA,NA,NA,NA,NA,NA,NA,NA,NA,NA,NA,NA,NA,NA,NA,NA,NA,NA,NA,NA,0,NA,NA,NA,416,NA,416,NA,NA,NA,NA,NA
3568916831-61080-005_3568916831-61080-006,Rooming,3.5,PR,PR,PR,USA,USA,USA,NA,NA,NA,NA,,,PR,PR,PR,USA,USA,USA,NA,NA,NA,NA,NA,NA,H,Wife,Daughter,Son,Son,Daughter,NA,NA,NA,NA,NA,NA,36,39,5,4,3,1,NA,NA,NA,NA,NA,NA,6,Puerto Rican,1,6,4.5,10,NA,4680,NA,NA,NA,3.5,1.714285714,1.51 or more
3568916831-61080-007_3568916831-61080-008,Rooming,2,PR,NA,NA,NA,NA,NA,NA,NA,NA,NA,,,PR,NA,NA,NA,NA,NA,NA,NA,NA,NA,NA,NA,NA,NA,NA,NA,NA,NA,NA,NA,NA,NA,NA,NA,37,NA,NA,NA,NA,NA,NA,NA,NA,NA,NA,NA,1,NA,1,1,NA,NA,816,2078.72,816,39.25492611,39.25492611,2,0.5,1.00 or less
3568916831-61080-009_3568916831-61080-010,Rooming,2,PR,NA,NA,NA,NA,NA,NA,NA,NA,NA,,,PR,NA,NA,NA,NA,NA,NA,NA,NA,NA,NA,NA,H,NA,NA,NA,NA,NA,NA,NA,NA,NA,NA,NA,44,NA,NA,NA,NA,NA,NA,NA,NA,NA,NA,NA,1,NA,1,1,4,5,NA,720,NA,NA,NA,2,0.5,1.00 or less
3568916831-61080-011_3568916831-61080-012,Rooming,2,PR,PR,USA,USA,USA,NA,NA,NA,NA,NA,,,PR,PR,USA,USA,USA,NA,NA,NA,NA,NA,NA,NA,H,Wife,Daughter,Son,Daughter,NA,NA,NA,NA,NA,NA,NA,24,29,2,3,1,NA,NA,NA,NA,NA,NA,NA,5,Puerto Rican,1,5,2,NA,529.92,1300,529.92,40.76307692,40.76307692,2,2.5,1.51 or more
3568916831-61080-013_3568916831-61080-014,Rooming,2.5,PR,PR,PR,PR,PR,NA,NA,NA,NA,NA,,,PR,PR,PR,PR,PR,NA,NA,NA,NA,NA,NA,NA,H,Son,Daughter,Daughter,Son,NA,NA,NA,NA,NA,NA,NA,43,15,13,10,7,NA,NA,NA,NA,NA,NA,NA,5,Puerto Rican,1,5,3.5,3.5,675.96,2340,675.96,28.88717949,28.88717949,2.5,2,1.51 or more
3568916831-61080-015_3568916831-61080-016,Rooming,3.5,PR,PR,PR,PR,NA,NA,NA,NA,NA,NA,,,PR,PR,PR,PR,NA,NA,NA,NA,NA,NA,NA,NA,Head,mother of 1,Son,Daughter,NA,NA,NA,NA,NA,NA,NA,NA,42,75,17,7,NA,NA,NA,NA,NA,NA,NA,NA,4,Puerto Rican,1,4,7,10,624,2600,624,24,24,3.5,1.142857143,1.01 to 1.50
3568916831-61080-017_3568916831-61080-018,Rooming,1.5,Germany,NA,NA,NA,NA,NA,NA,NA,NA,NA,,,Europe,NA,NA,NA,NA,NA,NA,NA,NA,NA,NA,NA,Head,NA,NA,NA,NA,NA,NA,NA,NA,NA,NA,NA,68,NA,NA,NA,NA,NA,NA,NA,NA,NA,NA,NA,1,White,0,0,16,50,299,NA,299,NA,NA,1.5,0.666666667,1.00 or less
3568916831-61080-019_3568916831-61080-020,Rooming,2.5,PR,PR,NA,NA,NA,NA,NA,NA,NA,NA,,,PR,PR,NA,NA,NA,NA,NA,NA,NA,NA,NA,NA,H,Wife,NA,NA,NA,NA,NA,NA,NA,NA,NA,NA,51,58,NA,NA,NA,NA,NA,NA,NA,NA,NA,NA,2,Puerto Rican,1,2,7,11,572,2605.2,572,21.95608782,21.95608782,2.5,0.8,1.00 or less
3568916831-61080-021_3568916831-61080-022,Rooming,NA,USA,USA,USA,USA,USA,USA,NA,NA,NA,NA,,,USA,USA,USA,USA,USA,USA,NA,NA,NA,NA,NA,NA,H,Son,Son,Son,Daughter,Son,NA,NA,NA,NA,NA,NA,39,17,16,13,11,9,NA,NA,NA,NA,NA,NA,6,Negro,0,0,0.666666667,32,78,NA,78,NA,NA,NA,NA,NA
3568916831-61080-023_3568916831-61080-024,Rooming,1,USA,NA,NA,NA,NA,NA,NA,NA,NA,NA,,,USA,NA,NA,NA,NA,NA,NA,NA,NA,NA,NA,NA,H,NA,NA,NA,NA,NA,NA,NA,NA,NA,NA,NA,54,NA,NA,NA,NA,NA,NA,NA,NA,NA,NA,NA,1,Negro,0,0,3,43,338,NA,338,NA,NA,1,1,1.00 or less
3568916831-61080-025_3568916831-61080-026,Rooming,2,PR,PR,USA,USA,NA,NA,NA,NA,NA,NA,,,PR,PR,USA,USA,NA,NA,NA,NA,NA,NA,NA,NA,H,Wife,Son,Son,NA,NA,NA,NA,NA,NA,NA,NA,45,38,3,2,NA,NA,NA,NA,NA,NA,NA,NA,4,Puerto Rican,1,4,4,7,711.88,2704,711.88,26.32692308,26.32692308,2,2,1.51 or more
3687345238-61083-001_3687345238-61083-002,Rooming,1.5,PR,PR,PR,NA,NA,NA,NA,NA,NA,NA,,,PR,PR,PR,NA,NA,NA,NA,NA,NA,NA,NA,NA,H,Wife,Son,NA,NA,NA,NA,NA,NA,NA,NA,NA,32,30,2,NA,NA,NA,NA,NA,NA,NA,NA,NA,3,NA,1,3,0.67,6,863.2,2340,863.2,36.88888889,36.88888889,1.5,2,1.51 or more
3687345238-61083-003_3687345238-61083-004,Rooming,2,PR,USA,NA,NA,NA,NA,NA,NA,NA,NA,,,PR,USA,NA,NA,NA,NA,NA,NA,NA,NA,NA,NA,Mother,Daughter,H,NA,NA,NA,NA,NA,NA,NA,NA,NA,30,3,NA,NA,NA,NA,NA,NA,NA,NA,NA,NA,3,Puerto Rican,1,3,2,9,NA,2184,NA,NA,NA,2,1.5,1.01 to 1.50
3687345238-61083-005_3687345238-61083-006,Rooming,1,NA,NA,NA,NA,NA,NA,NA,NA,NA,NA,,,NA,NA,NA,NA,NA,NA,NA,NA,NA,NA,NA,NA,NA,NA,NA,NA,NA,NA,NA,NA,NA,NA,NA,NA,NA,NA,NA,NA,NA,NA,NA,NA,NA,NA,NA,NA,NA,NA,0,NA,NA,NA,NA,NA,NA,NA,NA,NA,NA,NA
3687345238-61083-007_3687345238-61083-008,Rooming,1.5,NA,NA,NA,NA,NA,NA,NA,NA,NA,NA,,,NA,NA,NA,NA,NA,NA,NA,NA,NA,NA,NA,NA,NA,NA,NA,NA,NA,NA,NA,NA,NA,NA,NA,NA,NA,NA,NA,NA,NA,NA,NA,NA,NA,NA,NA,NA,NA,NA,0,NA,NA,NA,NA,NA,NA,NA,NA,NA,NA,NA
3687345238-61083-010_3687345238-61083-011,Rooming,1,NA,NA,NA,NA,NA,NA,NA,NA,NA,NA,,,NA,NA,NA,NA,NA,NA,NA,NA,NA,NA,NA,NA,NA,NA,NA,NA,NA,NA,NA,NA,NA,NA,NA,NA,NA,NA,NA,NA,NA,NA,NA,NA,NA,NA,NA,NA,NA,NA,0,NA,NA,NA,NA,NA,NA,NA,NA,NA,NA,NA
3687345238-61083-012_3687345238-61083-013,Rooming,1.5,NA,NA,NA,NA,NA,NA,NA,NA,NA,NA,,,NA,NA,NA,NA,NA,NA,NA,NA,NA,NA,NA,NA,NA,NA,NA,NA,NA,NA,NA,NA,NA,NA,NA,NA,NA,NA,NA,NA,NA,NA,NA,NA,NA,NA,NA,NA,NA,NA,0,NA,NA,NA,NA,NA,NA,NA,NA,NA,NA,NA
3687345238-61083-014_3687345238-61083-015,Rooming,2,PR,PR,PR,PR,NA,NA,NA,NA,NA,NA,,,PR,PR,PR,PR,NA,NA,NA,NA,NA,NA,NA,NA,H,Wife,Daughter,Daughter,NA,NA,NA,NA,NA,NA,NA,NA,32,28,6,5,NA,NA,NA,NA,NA,NA,NA,NA,4,White,1,4,NA,2.5,NA,7500,NA,NA,NA,2,2,1.51 or more
3687345238-61083-016_3687345238-61083-017,Rooming,2,PR,PR,USA,NA,NA,NA,NA,NA,NA,NA,,,PR,PR,USA,NA,NA,NA,NA,NA,NA,NA,NA,NA,H,Wife,Son,NA,NA,NA,NA,NA,NA,NA,NA,NA,41,43,24,NA,NA,NA,NA,NA,NA,NA,NA,NA,3,Puerto Rican,1,3,0.33,15,NA,4160,NA,NA,NA,2,1.5,1.01 to 1.50
3687345238-61083-018_3687345238-61083-019,Rooming,1,PR,PR,NA,NA,NA,NA,NA,NA,NA,NA,,,PR,PR,NA,NA,NA,NA,NA,NA,NA,NA,NA,NA,Head,Wife,NA,NA,NA,NA,NA,NA,NA,NA,NA,NA,22,24,NA,NA,NA,NA,NA,NA,NA,NA,NA,NA,2,Puerto Rican,1,2,1.5,1.5,NA,4316,NA,NA,NA,1,2,1.51 or more
3687345238-61083-020_3687345238-61083-021,Rooming,1,NA,NA,NA,NA,NA,NA,NA,NA,NA,NA,,,NA,NA,NA,NA,NA,NA,NA,NA,NA,NA,NA,NA,NA,NA,NA,NA,NA,NA,NA,NA,NA,NA,NA,NA,NA,NA,NA,NA,NA,NA,NA,NA,NA,NA,NA,NA,NA,NA,0,NA,NA,NA,NA,NA,NA,NA,NA,NA,NA,NA
3687345238-61083-022_3687345238-61083-023,Rooming,2,China,USA,NA,NA,NA,NA,NA,NA,NA,NA,,,Asia,USA,NA,NA,NA,NA,NA,NA,NA,NA,NA,NA,H,Wife,Daughter,Son,NA,NA,NA,NA,NA,NA,NA,NA,35,40,8,4,NA,NA,NA,NA,NA,NA,NA,NA,4,Oriental,0,0,1,13,NA,1560,NA,NA,NA,2,2,1.51 or more
3687346103-61084-001_3687346103-61084-002,Rooming,1.5,PR,PR,PR,PR,PR,NA,NA,NA,NA,NA,,,PR,PR,PR,PR,PR,NA,NA,NA,NA,NA,NA,NA,Head,Daughter,Daughter,Son of 3,Daughter of 3,NA,NA,NA,NA,NA,NA,NA,50,15,21,4,1,NA,NA,NA,NA,NA,NA,NA,5,Puerto Rican,1,5,2,2,863.2,NA,863.2,NA,NA,1.5,3.333333333,1.51 or more
3687346103-61084-003_3687346103-61084-004,Rooming,1.5,PR,USA,NA,NA,NA,NA,NA,NA,NA,NA,,,PR,USA,NA,NA,NA,NA,NA,NA,NA,NA,NA,NA,Mother,Son,NA,NA,NA,NA,NA,NA,NA,NA,NA,NA,29,1,NA,NA,NA,NA,NA,NA,NA,NA,NA,NA,2,Puerto Rican,1,2,1,NA,572,2496,572,22.91666667,22.91666667,1.5,1.333333333,1.01 to 1.50
3687346103-61084-005_3687346103-61084-006,Rooming,1.5,PR,PR,NA,NA,NA,NA,NA,NA,NA,NA,,,PR,PR,NA,NA,NA,NA,NA,NA,NA,NA,NA,NA,Mother,Son,NA,NA,NA,NA,NA,NA,NA,NA,NA,NA,55,15,NA,NA,NA,NA,NA,NA,NA,NA,NA,NA,2,Puerto Rican,1,2,0.583333333,2,863.2,NA,863.2,NA,NA,1.5,1.333333333,1.01 to 1.50
3687346103-61084-007_3687346103-61084-008,Rooming,1.5,PR,PR,NA,NA,NA,NA,NA,NA,NA,NA,,,PR,PR,NA,NA,NA,NA,NA,NA,NA,NA,NA,NA,H,Wife,NA,NA,NA,NA,NA,NA,NA,NA,NA,NA,NA,NA,NA,NA,NA,NA,NA,NA,NA,NA,NA,NA,2,NA,1,2,4,NA,790.4,NA,790.4,NA,NA,1.5,1.333333333,1.01 to 1.50
3687346103-61084-009_3687346103-61084-010,Rooming,1.5,PR,PR,USA,USA,NA,NA,NA,NA,NA,NA,,,PR,PR,USA,USA,NA,NA,NA,NA,NA,NA,NA,NA,H,Wife,Son,Daughter,NA,NA,NA,NA,NA,NA,NA,NA,26,26,5,2,NA,NA,NA,NA,NA,NA,NA,NA,4,Puerto Rican,1,4,1,8,683.8,2860,683.8,23.90909091,23.90909091,1.5,2.666666667,1.51 or more
3687346103-61084-011_3687346103-61084-012,NA,1.5,PR,PR,USA,USA,USA,USA,NA,NA,NA,NA,,,PR,PR,USA,USA,USA,USA,NA,NA,NA,NA,NA,NA,Head,Wife,Daughter,Daughter,Son,Daughter,NA,NA,NA,NA,NA,NA,26,26,6,4,2,1,NA,NA,NA,NA,NA,NA,6,Puerto Rican,1,6,9,4,686.4,3120,686.4,22,22,1.5,4,1.51 or more
3687346103-61084-013_3687346103-61084-014,Rooming,1.5,PR,PR,PR,PR,NA,NA,NA,NA,NA,NA,,,PR,PR,PR,PR,NA,NA,NA,NA,NA,NA,NA,NA,H,Wife,Son,Son,NA,NA,NA,NA,NA,NA,NA,NA,32,28,13,11,NA,NA,NA,NA,NA,NA,NA,NA,4,Puerto Rican,1,4,3,10,738.4,NA,738.4,NA,NA,1.5,2.666666667,1.51 or more
3687346103-61084-015_3687346103-61084-016,Rooming,1.5,PR,NA,NA,NA,NA,NA,NA,NA,NA,NA,,,PR,NA,NA,NA,NA,NA,NA,NA,NA,NA,NA,NA,Head,NA,NA,NA,NA,NA,NA,NA,NA,NA,NA,NA,NA,NA,NA,NA,NA,NA,NA,NA,NA,NA,NA,NA,1,NA,1,1,NA,NA,478.4,NA,478.4,NA,NA,1.5,0.666666667,1.00 or less
3687346103-61084-017_3687346103-61084-018,Rooming,1,NA,NA,NA,NA,NA,NA,NA,NA,NA,NA,,,NA,NA,NA,NA,NA,NA,NA,NA,NA,NA,NA,NA,NA,NA,NA,NA,NA,NA,NA,NA,NA,NA,NA,NA,NA,NA,NA,NA,NA,NA,NA,NA,NA,NA,NA,NA,NA,NA,0,NA,NA,NA,239.2,NA,239.2,NA,NA,NA,NA,NA
3687346103-61084-019_3687346103-61084-020,Rooming,1,NA,NA,NA,NA,NA,NA,NA,NA,NA,NA,,,NA,NA,NA,NA,NA,NA,NA,NA,NA,NA,NA,NA,NA,NA,NA,NA,NA,NA,NA,NA,NA,NA,NA,NA,NA,NA,NA,NA,NA,NA,NA,NA,NA,NA,NA,NA,1,NA,0,0,NA,NA,327.6,NA,327.6,NA,NA,1,1,1.00 or less
3687346103-61084-021_3687346103-61084-022,Rooming,1,PR,PR,PR,USA,NA,NA,NA,NA,NA,NA,,,PR,PR,PR,USA,NA,NA,NA,NA,NA,NA,NA,NA,Head,Mother,Brother,Daughter,NA,NA,NA,NA,NA,NA,NA,NA,32,60,33,1,NA,NA,NA,NA,NA,NA,NA,NA,4,Puerto Rican,1,4,3.5,5,670.8,5252,670.8,12.77227723,12.77227723,1,4,1.51 or more
3687346103-61084-023_3687346103-61084-024,Rooming,1,NA,NA,NA,NA,NA,NA,NA,NA,NA,NA,,,NA,NA,NA,NA,NA,NA,NA,NA,NA,NA,NA,NA,NA,NA,NA,NA,NA,NA,NA,NA,NA,NA,NA,NA,NA,NA,NA,NA,NA,NA,NA,NA,NA,NA,NA,NA,NA,NA,0,NA,NA,NA,410.8,NA,410.8,NA,NA,NA,NA,NA
3687346643-61085-001_3687346643-61085-002,Rooming,1,PR,PR,PR,NA,NA,NA,NA,NA,NA,NA,,,PR,PR,PR,NA,NA,NA,NA,NA,NA,NA,NA,NA,H,Wife,Daughter,NA,NA,NA,NA,NA,NA,NA,NA,NA,38,39,9,NA,NA,NA,NA,NA,NA,NA,NA,NA,3,Puerto Rican,1,3,1,1,NA,NA,NA,NA,NA,1,3,1.51 or more
3687346643-61085-003_3687346643-61085-004,Rooming,1.5,PR,PR,NA,NA,NA,NA,NA,NA,NA,NA,,,PR,PR,NA,NA,NA,NA,NA,NA,NA,NA,NA,NA,H,Wife,NA,NA,NA,NA,NA,NA,NA,NA,NA,NA,69,76,NA,NA,NA,NA,NA,NA,NA,NA,NA,NA,2,Puerto Rican,1,2,3,6,NA,NA,NA,NA,NA,1.5,1.333333333,1.01 to 1.50
3687346643-61085-005_3687346643-61085-006,Rooming,1.5,PR,PR,USA,USA,NA,NA,NA,NA,NA,NA,,,PR,PR,USA,USA,NA,NA,NA,NA,NA,NA,NA,NA,H,Wife,Daughter,Son,NA,NA,NA,NA,NA,NA,NA,NA,NA,NA,NA,NA,NA,NA,NA,NA,NA,NA,NA,NA,4,Puerto Rican,1,4,4,5,NA,3120,NA,NA,NA,1.5,2.666666667,1.51 or more
3687346643-61085-007_3687346643-61085-008,Rooming,4,PR,PR,NA,NA,NA,NA,NA,NA,NA,NA,,,PR,PR,NA,NA,NA,NA,NA,NA,NA,NA,NA,NA,Head,Husband,NA,NA,NA,NA,NA,NA,NA,NA,NA,NA,50,38,NA,NA,NA,NA,NA,NA,NA,NA,NA,NA,2,Puerto Rican,1,2,6,12,NA,8172,NA,NA,NA,4,0.5,1.00 or less
3687346643-61085-009_3687346643-61085-010,Rooming,1.5,PR,PR,NA,NA,NA,NA,NA,NA,NA,NA,,,PR,PR,NA,NA,NA,NA,NA,NA,NA,NA,NA,NA,Wife,H,NA,NA,NA,NA,NA,NA,NA,NA,NA,NA,60,74,NA,NA,NA,NA,NA,NA,NA,NA,NA,NA,2,Puerto Rican,1,2,0.33,35,NA,3848,NA,NA,NA,1.5,1.333333333,1.01 to 1.50
3687346643-61085-011_3687346643-61085-012,Rooming,1.5,PR,PR,PR,USA,NA,NA,NA,NA,NA,NA,,,PR,PR,PR,USA,NA,NA,NA,NA,NA,NA,NA,NA,H,Wife,Niece,Son,NA,NA,NA,NA,NA,NA,NA,NA,32,30,7,2,NA,NA,NA,NA,NA,NA,NA,NA,4,Puerto Rican,1,4,0.67,6,NA,NA,NA,NA,NA,1.5,2.666666667,1.51 or more
3687346643-61085-013_3687346643-61085-014,Rooming,1,France,NA,NA,NA,NA,NA,NA,NA,NA,NA,,,Europe,NA,NA,NA,NA,NA,NA,NA,NA,NA,NA,NA,Head,NA,NA,NA,NA,NA,NA,NA,NA,NA,NA,NA,95,NA,NA,NA,NA,NA,NA,NA,NA,NA,NA,NA,1,White,0,0,NA,NA,NA,NA,NA,NA,NA,1,1,1.00 or less
3687346643-61085-015_3687346643-61085-016,Rooming,1.5,PR,PR,PR,NA,NA,NA,NA,NA,NA,NA,,,PR,PR,PR,NA,NA,NA,NA,NA,NA,NA,NA,NA,H,Wife,Son,NA,NA,NA,NA,NA,NA,NA,NA,NA,23,21,3,NA,NA,NA,NA,NA,NA,NA,NA,NA,3,Puerto Rican,1,3,1,2,NA,2392,NA,NA,NA,1.5,2,1.51 or more
3687346643-61085-017_3687346643-61085-018,Rooming,1.5,PR,PR,USA,USA,USA,NA,NA,NA,NA,NA,,,PR,PR,USA,USA,USA,NA,NA,NA,NA,NA,NA,NA,H,Wife,Son,Daughter,Son,NA,NA,NA,NA,NA,NA,NA,27,22,4,3,2,NA,NA,NA,NA,NA,NA,NA,5,NA,1,5,4,8,NA,1976,NA,NA,NA,1.5,3.333333333,1.51 or more
3687346643-61085-019_3687346643-61085-020,Rooming,1,Spain,Spain,NA,NA,NA,NA,NA,NA,NA,NA,,,Europe,Europe,NA,NA,NA,NA,NA,NA,NA,NA,NA,NA,H,Wife,NA,NA,NA,NA,NA,NA,NA,NA,NA,NA,66,62,NA,NA,NA,NA,NA,NA,NA,NA,NA,NA,2,White,0,0,1,39,NA,NA,NA,NA,NA,1,2,1.51 or more
3687346643-61085-021_3687346643-61085-022,Rooming,1,NA,NA,NA,NA,NA,NA,NA,NA,NA,NA,,,NA,NA,NA,NA,NA,NA,NA,NA,NA,NA,NA,NA,NA,NA,NA,NA,NA,NA,NA,NA,NA,NA,NA,NA,NA,NA,NA,NA,NA,NA,NA,NA,NA,NA,NA,NA,NA,NA,0,NA,NA,NA,NA,NA,NA,NA,NA,NA,NA,NA
3687347049-61086-001_3687347049-61086-002,Rooming,2,PR,PR,NA,NA,NA,NA,NA,NA,NA,NA,,,PR,PR,NA,NA,NA,NA,NA,NA,NA,NA,NA,NA,Mother,Son,NA,NA,NA,NA,NA,NA,NA,NA,NA,NA,58,30,NA,NA,NA,NA,NA,NA,NA,NA,NA,NA,2,Puerto Rican,1,2,5.5,10,NA,4940,NA,NA,NA,2,1,1.00 or less
3687347049-61086-003_3687347049-61086-004,Rooming,1.5,PR,USA,USA,USA,NA,NA,NA,NA,NA,NA,,,PR,USA,USA,USA,NA,NA,NA,NA,NA,NA,NA,NA,Mother,Daughter,Son,Daughter,NA,NA,NA,NA,NA,NA,NA,NA,25,3,2,1,NA,NA,NA,NA,NA,NA,NA,NA,4,Puerto Rican,1,4,NA,NA,863.2,NA,863.2,NA,NA,1.5,2.666666667,1.51 or more
3687347049-61086-005_3687347049-61086-006,Rooming,2,PR,PR,PR,NA,NA,NA,NA,NA,NA,NA,,,PR,PR,PR,NA,NA,NA,NA,NA,NA,NA,NA,NA,Head,Father,Mother,NA,NA,NA,NA,NA,NA,NA,NA,NA,29,62,60,NA,NA,NA,NA,NA,NA,NA,NA,NA,3,Puerto Rican,1,3,2,9,988,3484,988,28.35820896,28.35820896,2,1.5,1.01 to 1.50
3687347049-61086-007_3687347049-61086-008,Rooming,1,NA,NA,NA,NA,NA,NA,NA,NA,NA,NA,,,NA,NA,NA,NA,NA,NA,NA,NA,NA,NA,NA,NA,NA,NA,NA,NA,NA,NA,NA,NA,NA,NA,NA,NA,NA,NA,NA,NA,NA,NA,NA,NA,NA,NA,NA,NA,NA,NA,0,NA,NA,NA,312,NA,312,NA,NA,NA,NA,NA
3687347049-61086-009_3687347049-61086-010,Rooming,2.5,PR,PR,NA,NA,NA,NA,NA,NA,NA,NA,,,PR,PR,NA,NA,NA,NA,NA,NA,NA,NA,NA,NA,H,Wife,Son of 2,Daughter of 2,Son of 2,Daughter,NA,NA,NA,NA,NA,NA,38,35,NA,NA,NA,NA,NA,NA,NA,NA,NA,NA,6,NA,1,6,NA,NA,331.2,3120,331.2,10.61538462,10.61538462,2.5,2.4,1.51 or more
3687347049-61086-011_3687347049-61086-012,Rooming,1.5,NA,NA,NA,NA,NA,NA,NA,NA,NA,NA,,,NA,NA,NA,NA,NA,NA,NA,NA,NA,NA,NA,NA,NA,NA,NA,NA,NA,NA,NA,NA,NA,NA,NA,NA,NA,NA,NA,NA,NA,NA,NA,NA,NA,NA,NA,NA,NA,NA,0,NA,NA,NA,717.6,NA,717.6,NA,NA,NA,NA,NA
3687347049-61086-013_3687347049-61086-014,Rooming,1,NA,NA,NA,NA,NA,NA,NA,NA,NA,NA,,,NA,NA,NA,NA,NA,NA,NA,NA,NA,NA,NA,NA,NA,NA,NA,NA,NA,NA,NA,NA,NA,NA,NA,NA,NA,NA,NA,NA,NA,NA,NA,NA,NA,NA,NA,NA,NA,NA,0,NA,NA,NA,273,NA,273,NA,NA,NA,NA,NA
3687347049-61086-015_3687347049-61086-016,Rooming,1,NA,NA,NA,NA,NA,NA,NA,NA,NA,NA,,,NA,NA,NA,NA,NA,NA,NA,NA,NA,NA,NA,NA,NA,NA,NA,NA,NA,NA,NA,NA,NA,NA,NA,NA,NA,NA,NA,NA,NA,NA,NA,NA,NA,NA,NA,NA,NA,NA,0,NA,NA,NA,273,NA,273,NA,NA,NA,NA,NA
3687347049-61086-017_3687347049-61086-018,Rooming,1.5,PR,PR,PR,PR,USA,NA,NA,NA,NA,NA,,,PR,PR,PR,PR,USA,NA,NA,NA,NA,NA,NA,NA,H,Wife,Son,Son,Son,NA,NA,NA,NA,NA,NA,NA,39,29,5,3,1,NA,NA,NA,NA,NA,NA,NA,5,Puerto Rican,1,5,3,4,863.2,NA,863.2,NA,NA,1.5,3.333333333,1.51 or more
3687347049-61086-019_3687347049-61086-020,Rooming,1,PR,PR,USA,USA,NA,NA,NA,NA,NA,NA,,,PR,PR,USA,USA,NA,NA,NA,NA,NA,NA,NA,NA,H,Wife,Son,Daughter,NA,NA,NA,NA,NA,NA,NA,NA,26,19,2,1,NA,NA,NA,NA,NA,NA,NA,NA,4,Puerto Rican,1,4,1,7,863.2,2600,863.2,33.2,33.2,1,4,1.51 or more
3687347049-61086-021_3687347049-61086-022,Rooming,1.5,PR,PR,PR,USA,USA,NA,NA,NA,NA,NA,,,PR,PR,PR,USA,USA,NA,NA,NA,NA,NA,NA,NA,H,Wife,Daughter,Son,Daughter,NA,NA,NA,NA,NA,NA,NA,33,34,13,2,0,NA,NA,NA,NA,NA,NA,NA,5,Puerto Rican,1,5,3.5,5,1040,960,1040,108.3333333,108.3333333,1.5,3.333333333,1.51 or more
3687347309-61087-001_3687347309-61087-002,Rooming,2.5,USA,USA,USA,NA,NA,NA,NA,NA,NA,NA,,,USA,USA,USA,NA,NA,NA,NA,NA,NA,NA,NA,NA,H,Wife,Daughter,NA,NA,NA,NA,NA,NA,NA,NA,NA,57,55,12,NA,NA,NA,NA,NA,NA,NA,NA,NA,3,White,0,0,18,20,537,3380,615,15.88757396,18.19526627,2.5,1.2,1.01 to 1.50
3687347309-61087-003_3687347309-61087-004,Rooming,2.5,NA,NA,NA,NA,NA,NA,NA,NA,NA,NA,,,NA,NA,NA,NA,NA,NA,NA,NA,NA,NA,NA,NA,NA,NA,NA,NA,NA,NA,NA,NA,NA,NA,NA,NA,NA,NA,NA,NA,NA,NA,NA,NA,NA,NA,NA,NA,NA,NA,0,NA,NA,NA,720,NA,720,NA,NA,NA,NA,NA
3687347309-61087-005_3687347309-61087-006,Rooming,2.5,USA,USA,NA,NA,NA,NA,NA,NA,NA,NA,,,USA,USA,NA,NA,NA,NA,NA,NA,NA,NA,NA,NA,Head,Wife,NA,NA,NA,NA,NA,NA,NA,NA,NA,NA,48,51,NA,NA,NA,NA,NA,NA,NA,NA,NA,NA,2,White,0,0,9,25,696,3120,696,22.30769231,22.30769231,2.5,0.8,1.00 or less
3687347309-61087-007_3687347309-61087-008,Rooming,2.5,USA,USA,NA,NA,NA,NA,NA,NA,NA,NA,,,USA,USA,NA,NA,NA,NA,NA,NA,NA,NA,NA,NA,Head,Father,NA,NA,NA,NA,NA,NA,NA,NA,NA,NA,20,25,NA,NA,NA,NA,NA,NA,NA,NA,NA,NA,2,White,0,0,0.33,0.33,960,7300,1080,13.15068493,14.79452055,2.5,0.8,1.00 or less
3687347309-61087-009_3687347309-61087-010,Rooming,3,USA,USA,NA,NA,NA,NA,NA,NA,NA,NA,,,USA,USA,NA,NA,NA,NA,NA,NA,NA,NA,NA,NA,Head,Wife,NA,NA,NA,NA,NA,NA,NA,NA,NA,NA,42,32,NA,NA,NA,NA,NA,NA,NA,NA,NA,NA,2,White,0,0,2,2.5,NA,4160,NA,NA,NA,3,0.666666667,1.00 or less
3687347309-61087-011_3687347309-61087-012,Rooming,2.5,Ireland,NA,NA,NA,NA,NA,NA,NA,NA,NA,,,Europe,NA,NA,NA,NA,NA,NA,NA,NA,NA,NA,NA,H,NA,NA,NA,NA,NA,NA,NA,NA,NA,NA,NA,78,NA,NA,NA,NA,NA,NA,NA,NA,NA,NA,NA,1,White,0,0,0.42,61,614.04,3718,686.04,16.51533082,18.45185584,2.5,0.4,1.00 or less
3687347309-61087-013_3687347309-61087-014,Rooming,2,USA,NA,NA,NA,NA,NA,NA,NA,NA,NA,,,USA,NA,NA,NA,NA,NA,NA,NA,NA,NA,NA,NA,Head,NA,NA,NA,NA,NA,NA,NA,NA,NA,NA,NA,49,NA,NA,NA,NA,NA,NA,NA,NA,NA,NA,NA,1,White,0,0,15,16,528,3640,564,14.50549451,15.49450549,2,0.5,1.00 or less
3687347309-61087-015_3687347309-61087-016,Rooming,2.5,USA,USA,NA,NA,NA,NA,NA,NA,NA,NA,,,USA,USA,NA,NA,NA,NA,NA,NA,NA,NA,NA,NA,H,Wife,NA,NA,NA,NA,NA,NA,NA,NA,NA,NA,35,40,NA,NA,NA,NA,NA,NA,NA,NA,NA,NA,2,White,0,0,7,11,900,5000,1026,18,20.52,2.5,0.8,1.00 or less
3687350085-61088-001_3687350085-61088-002,NA,2.5,Turkey,NA,NA,NA,NA,NA,NA,NA,NA,NA,,,Europe,NA,NA,NA,NA,NA,NA,NA,NA,NA,NA,NA,Head,NA,NA,NA,NA,NA,NA,NA,NA,NA,NA,NA,62,NA,NA,NA,NA,NA,NA,NA,NA,NA,NA,NA,1,White,0,0,16,NA,540,NA,540,NA,NA,2.5,0.4,1.00 or less
3687350085-61088-003_3687350085-61088-004,Rooming,2,USA,USA,USA,NA,NA,NA,NA,NA,NA,NA,,,USA,USA,USA,NA,NA,NA,NA,NA,NA,NA,NA,NA,H,Wife,Daughter,NA,NA,NA,NA,NA,NA,NA,NA,NA,32,30,1,NA,NA,NA,NA,NA,NA,NA,NA,NA,3,White,0,0,1,10,1040,2704,1040,38.46153846,38.46153846,2,1.5,1.01 to 1.50
3687350085-61088-005_3687350085-61088-006,NA,1,USA,NA,NA,NA,NA,NA,NA,NA,NA,NA,,,USA,NA,NA,NA,NA,NA,NA,NA,NA,NA,NA,NA,Head,NA,NA,NA,NA,NA,NA,NA,NA,NA,NA,NA,74,NA,NA,NA,NA,NA,NA,NA,NA,NA,NA,NA,1,White,0,0,23,74,546,1800,786,30.33333333,43.66666667,1,1,1.00 or less
3687350085-61088-007_3687350085-61088-008,Apartment,2.5,USA,USA,USA,USA,USA,NA,NA,NA,NA,NA,,,USA,USA,USA,USA,USA,NA,NA,NA,NA,NA,NA,NA,Head,Daughter,Son,Son,Daughter,NA,NA,NA,NA,NA,NA,NA,34,8,7,4,3,NA,NA,NA,NA,NA,NA,NA,5,Negro,0,0,3,10,600,NA,600,NA,NA,2.5,2,1.51 or more
3687350085-61088-009_3687350085-61088-010,Apartment,2.5,NA,NA,NA,NA,NA,NA,NA,NA,NA,NA,,,NA,NA,NA,NA,NA,NA,NA,NA,NA,NA,NA,NA,Head,NA,NA,NA,NA,NA,NA,NA,NA,NA,NA,NA,NA,NA,NA,NA,NA,NA,NA,NA,NA,NA,NA,NA,1,Puerto Rican,1,1,NA,NA,600,NA,600,NA,NA,2.5,0.4,1.00 or less
3687350085-61088-011_3687350085-61088-012,Apartment,1.5,USA,NA,NA,NA,NA,NA,NA,NA,NA,NA,,,USA,NA,NA,NA,NA,NA,NA,NA,NA,NA,NA,NA,Head,NA,NA,NA,NA,NA,NA,NA,NA,NA,NA,NA,30,NA,NA,NA,NA,NA,NA,NA,NA,NA,NA,NA,1,White,0,0,3,6,756,4050,864,18.66666667,21.33333333,1.5,0.666666667,1.00 or less
3687350085-61088-013_3687350085-61088-014,NA,2.5,Russia,NA,NA,NA,NA,NA,NA,NA,NA,NA,,,Europe,NA,NA,NA,NA,NA,NA,NA,NA,NA,NA,NA,Head,NA,NA,NA,NA,NA,NA,NA,NA,NA,NA,NA,47,NA,NA,NA,NA,NA,NA,NA,NA,NA,NA,NA,1,NA,0,0,17,22,474,8000,522,5.925,6.525,2.5,0.4,1.00 or less
3687350085-61088-015_3687350085-61088-016,Apartment,2.5,USA,USA,USA,NA,NA,NA,NA,NA,NA,NA,,,USA,USA,USA,NA,NA,NA,NA,NA,NA,NA,NA,NA,Head,Wife,Daughter,NA,NA,NA,NA,NA,NA,NA,NA,NA,55,43,4,NA,NA,NA,NA,NA,NA,NA,NA,NA,3,White,0,0,0.583333333,39,NA,648,NA,NA,NA,2.5,1.2,1.01 to 1.50
3687350085-61088-017_3687350085-61088-018,Apartment,2.5,USA,USA,NA,NA,NA,NA,NA,NA,NA,NA,,,USA,USA,NA,NA,NA,NA,NA,NA,NA,NA,NA,NA,H,Wife,NA,NA,NA,NA,NA,NA,NA,NA,NA,NA,58,60,NA,NA,NA,NA,NA,NA,NA,NA,NA,NA,2,White,0,0,16,38,474,1033.2,534,45.87688734,51.68408827,2.5,0.8,1.00 or less
3687350085-61088-019_3687350085-61088-020,NA,2,NA,NA,NA,NA,NA,NA,NA,NA,NA,NA,,,NA,NA,NA,NA,NA,NA,NA,NA,NA,NA,NA,NA,NA,NA,NA,NA,NA,NA,NA,NA,NA,NA,NA,NA,NA,NA,NA,NA,NA,NA,NA,NA,NA,NA,NA,NA,NA,NA,0,NA,NA,NA,NA,NA,NA,NA,NA,NA,NA,NA
3687350085-61088-021_3687350085-61088-022,Apartment,1.5,Japan,Japan,NA,NA,NA,NA,NA,NA,NA,NA,,,Asia,Asia,NA,NA,NA,NA,NA,NA,NA,NA,NA,NA,Head,Wife,NA,NA,NA,NA,NA,NA,NA,NA,NA,NA,63,43,NA,NA,NA,NA,NA,NA,NA,NA,NA,NA,2,NA,0,0,NA,NA,NA,5000,NA,NA,NA,1.5,1.333333333,1.01 to 1.50
3687350085-61088-023_3687350085-61088-024,Apartment,1.5,Japan,Japan,NA,NA,NA,NA,NA,NA,NA,NA,,,Asia,Asia,NA,NA,NA,NA,NA,NA,NA,NA,NA,NA,Head,Wife,NA,NA,NA,NA,NA,NA,NA,NA,NA,NA,63,53,NA,NA,NA,NA,NA,NA,NA,NA,NA,NA,2,NA,0,0,NA,NA,720,NA,720,NA,NA,1.5,1.333333333,1.01 to 1.50
3687350085-61088-025_3687350085-61088-026,Apartment,2,USA,NA,NA,NA,NA,NA,NA,NA,NA,NA,,,USA,NA,NA,NA,NA,NA,NA,NA,NA,NA,NA,NA,H,NA,NA,NA,NA,NA,NA,NA,NA,NA,NA,NA,64,NA,NA,NA,NA,NA,NA,NA,NA,NA,NA,NA,1,NA,0,0,15,20,720,937.8,792,76.77543186,84.45297505,2,0.5,1.00 or less
3687350085-61088-027_3687350085-61088-028,Apartment,2.5,NA,NA,NA,NA,NA,NA,NA,NA,NA,NA,,,NA,NA,NA,NA,NA,NA,NA,NA,NA,NA,NA,NA,H,Wife,NA,NA,NA,NA,NA,NA,NA,NA,NA,NA,NA,NA,NA,NA,NA,NA,NA,NA,NA,NA,NA,NA,2,Puerto Rican,1,2,0.5,9,600,2340,600,25.64102564,25.64102564,2.5,0.8,1.00 or less
3687350085-61088-029_3687350085-61088-030,NA,NA,PR,PR,NA,NA,NA,NA,NA,NA,NA,NA,,,PR,PR,NA,NA,NA,NA,NA,NA,NA,NA,NA,NA,H,Wife,NA,NA,NA,NA,NA,NA,NA,NA,NA,NA,27,19,NA,NA,NA,NA,NA,NA,NA,NA,NA,NA,2,NA,1,2,NA,NA,600,2340,600,25.64102564,25.64102564,NA,NA,NA
3687351060-61089-001_3687351060-61089-002,NA,2.5,PR,PR,PR,PR,PR,NA,NA,NA,NA,NA,,,PR,PR,PR,PR,PR,NA,NA,NA,NA,NA,NA,NA,Head,Wife,Son,Daughter,Son,NA,NA,NA,NA,NA,NA,NA,54,37,18,17,14,NA,NA,NA,NA,NA,NA,NA,5,Puerto Rican,1,5,2,4,720,1300,720,55.38461538,55.38461538,2.5,2,1.51 or more
3687351060-61089-003_3687351060-61089-004,NA,3,PR,USA,USA,USA,USA,NA,NA,NA,NA,NA,,,PR,USA,USA,USA,USA,NA,NA,NA,NA,NA,NA,NA,Head,Daughter,Daughter,Daughter,Son,NA,NA,NA,NA,NA,NA,NA,30,10,10,8,5,NA,NA,NA,NA,NA,NA,NA,5,Puerto Rican,1,5,5,16,1092,NA,1092,NA,NA,3,1.666666667,1.51 or more
3687351060-61089-005_3687351060-61089-006,NA,2.5,PR,PR,PR,PR,NA,NA,NA,NA,NA,NA,,,PR,PR,PR,PR,NA,NA,NA,NA,NA,NA,NA,NA,Head,Son,Daughter,Daughter,NA,NA,NA,NA,NA,NA,NA,NA,46,17,16,11,NA,NA,NA,NA,NA,NA,NA,NA,4,Puerto Rican,1,4,0.333333333,4,1040,NA,1040,NA,NA,2.5,1.6,1.51 or more
3687351060-61089-007_3687351060-61089-008,Rooming,1,NA,NA,NA,NA,NA,NA,NA,NA,NA,NA,,,NA,NA,NA,NA,NA,NA,NA,NA,NA,NA,NA,NA,NA,NA,NA,NA,NA,NA,NA,NA,NA,NA,NA,NA,NA,NA,NA,NA,NA,NA,NA,NA,NA,NA,NA,NA,NA,NA,0,NA,NA,NA,208,NA,208,NA,NA,NA,NA,NA
3687351060-61089-009_3687351060-61089-010,NA,2.5,PR,PR,PR,PR,USA,USA,USA,NA,NA,NA,,,PR,PR,PR,PR,USA,USA,USA,NA,NA,NA,NA,NA,Head,Wife,Son,Son,Daughter,Son,Son,NA,NA,NA,NA,NA,31,34,12,11,8,7,2,NA,NA,NA,NA,NA,7,NA,1,7,4,10,958.8,1040,958.8,92.19230769,92.19230769,2.5,2.8,1.51 or more
3687351060-61089-011_3687351060-61089-012,NA,3,PR,PR,PR,PR,USA,USA,NA,NA,NA,NA,,,PR,PR,PR,PR,USA,USA,NA,NA,NA,NA,NA,NA,Head,Son,Son,Daughter,Daughter,Son,Wife,NA,NA,NA,NA,NA,32,14,15,11,4,2,NA,NA,NA,NA,NA,NA,7,Puerto Rican,1,7,0.125,6,771.6,NA,771.6,NA,NA,3,2.333333333,1.51 or more
3687351060-61089-013_3687351060-61089-014,NA,1.5,USA,USA,USA,USA,USA,USA,NA,NA,NA,NA,,,USA,USA,USA,USA,USA,USA,NA,NA,NA,NA,NA,NA,Head,Daughter,Daughter,Daughter,Daughter,Son,NA,NA,NA,NA,NA,NA,26,9,7,6,4,1,NA,NA,NA,NA,NA,NA,6,Negro,0,0,2,NA,883.2,1300,883.2,67.93846154,67.93846154,1.5,4,1.51 or more
3687351060-61089-015_3687351060-61089-016,NA,4,PR,PR,PR,PR,PR,PR,PR,NA,NA,NA,,,PR,PR,PR,PR,PR,PR,PR,NA,NA,NA,NA,NA,Head,Wife,Son,Son,Daughter,Son,Son,NA,NA,NA,NA,NA,31,32,14,12,10,8,7,NA,NA,NA,NA,NA,7,NA,1,7,NA,NA,1021.2,2080,1021.2,49.09615385,49.09615385,4,1.75,1.51 or more
3687351060-61089-017_3687351060-61089-018,Rooming,1,NA,NA,NA,NA,NA,NA,NA,NA,NA,NA,,,NA,NA,NA,NA,NA,NA,NA,NA,NA,NA,NA,NA,NA,NA,NA,NA,NA,NA,NA,NA,NA,NA,NA,NA,NA,NA,NA,NA,NA,NA,NA,NA,NA,NA,NA,NA,NA,NA,0,NA,NA,NA,364,NA,364,NA,NA,NA,NA,NA
3687351060-61089-019_3687351060-61089-020,Rooming,1,NA,NA,NA,NA,NA,NA,NA,NA,NA,NA,,,NA,NA,NA,NA,NA,NA,NA,NA,NA,NA,NA,NA,NA,NA,NA,NA,NA,NA,NA,NA,NA,NA,NA,NA,NA,NA,NA,NA,NA,NA,NA,NA,NA,NA,NA,NA,NA,NA,0,NA,NA,NA,299,NA,299,NA,NA,NA,NA,NA
3687351060-61089-021_3687351060-61089-022,Rooming,1,Denmark,NA,NA,NA,NA,NA,NA,NA,NA,NA,,,Europe,NA,NA,NA,NA,NA,NA,NA,NA,NA,NA,NA,H,NA,NA,NA,NA,NA,NA,NA,NA,NA,NA,NA,67,NA,NA,NA,NA,NA,NA,NA,NA,NA,NA,NA,1,White,0,0,9,18,478.4,2860,478.4,16.72727273,16.72727273,1,1,1.00 or less
3687351060-61089-023_3687351060-61089-024,Rooming,1,PR,NA,NA,NA,NA,NA,NA,NA,NA,NA,,,PR,NA,NA,NA,NA,NA,NA,NA,NA,NA,NA,NA,H,NA,NA,NA,NA,NA,NA,NA,NA,NA,NA,NA,36,NA,NA,NA,NA,NA,NA,NA,NA,NA,NA,NA,1,Puerto Rican,1,1,0.666666667,1,364,2236,364,16.27906977,16.27906977,1,1,1.00 or less
3687351060-61089-025_3687351060-61089-026,NA,2.5,PR,PR,PR,PR,PR,USA,USA,NA,NA,NA,,,PR,PR,PR,PR,PR,USA,USA,NA,NA,NA,NA,NA,Head,Wife,Son,Daughter,Son,Son,Son,NA,NA,NA,NA,NA,30,31,9,8,5,4,1,NA,NA,NA,NA,NA,7,Puerto Rican,1,7,2,5,1040,NA,1040,NA,NA,2.5,2.8,1.51 or more
3687352813-61090-001_3687352813-61090-002,Rooming,2.5,PR,PR,PR,PR,PR,NA,NA,NA,NA,NA,,,PR,PR,PR,PR,PR,NA,NA,NA,NA,NA,NA,NA,Head,Daughter,Daughter,Daughter,Daughter,NA,NA,NA,NA,NA,NA,NA,30,10,7,6,4,NA,NA,NA,NA,NA,NA,NA,5,Puerto Rican,1,5,0.583333333,0.583333333,1059.5,NA,1059.5,NA,NA,2.5,2,1.51 or more
3687352813-61090-003_3687352813-61090-004,Apartment,3,PR,PR,PR,PR,PR,USA,USA,NA,NA,NA,,,PR,PR,PR,PR,PR,USA,USA,NA,NA,NA,NA,NA,Head,Daughter,Daughter,Daughter,Son,Son,Son,NA,NA,NA,NA,NA,31,11,6,10,5,2,1,NA,NA,NA,NA,NA,7,Puerto Rican,1,7,NA,7,960,NA,960,NA,NA,3,2.333333333,1.51 or more
3687352813-61090-005_3687352813-61090-006,NA,2,PR,PR,PR,PR,NA,NA,NA,NA,NA,NA,,,PR,PR,PR,PR,NA,NA,NA,NA,NA,NA,NA,NA,Head,Wife,Son,Daughter,NA,NA,NA,NA,NA,NA,NA,NA,35,30,10,9,NA,NA,NA,NA,NA,NA,NA,NA,4,NA,1,4,NA,NA,672,2808,672,23.93162393,23.93162393,2,2,1.51 or more
3687352813-61090-007_3687352813-61090-008,Rooming,1,PR,PR,NA,NA,NA,NA,NA,NA,NA,NA,,,PR,PR,NA,NA,NA,NA,NA,NA,NA,NA,NA,NA,Head,Daughter,Daughter,Daughter,NA,NA,NA,NA,NA,NA,NA,NA,35,11,NA,NA,NA,NA,NA,NA,NA,NA,NA,NA,4,Puerto Rican,1,4,3,5,780,2080,780,37.5,37.5,1,4,1.51 or more
3687352813-61090-009_3687352813-61090-010,Rooming,1,PR,NA,NA,NA,NA,NA,NA,NA,NA,NA,,,PR,NA,NA,NA,NA,NA,NA,NA,NA,NA,NA,NA,Head,NA,NA,NA,NA,NA,NA,NA,NA,NA,NA,NA,45,NA,NA,NA,NA,NA,NA,NA,NA,NA,NA,NA,1,Puerto Rican,1,1,5,14,260,NA,260,NA,NA,1,1,1.00 or less
3687352813-61090-011_3687352813-61090-012,Rooming,1,PR,NA,NA,NA,NA,NA,NA,NA,NA,NA,,,PR,NA,NA,NA,NA,NA,NA,NA,NA,NA,NA,NA,Head,NA,NA,NA,NA,NA,NA,NA,NA,NA,NA,NA,36,NA,NA,NA,NA,NA,NA,NA,NA,NA,NA,NA,1,Puerto Rican,1,1,4,4,260,1820,260,14.28571429,14.28571429,1,1,1.00 or less
3687352813-61090-013_3687352813-61090-014,Rooming,1,NA,NA,NA,NA,NA,NA,NA,NA,NA,NA,,,NA,NA,NA,NA,NA,NA,NA,NA,NA,NA,NA,NA,NA,NA,NA,NA,NA,NA,NA,NA,NA,NA,NA,NA,NA,NA,NA,NA,NA,NA,NA,NA,NA,NA,NA,NA,NA,NA,0,NA,NA,NA,239.2,NA,239.2,NA,NA,NA,NA,NA
3687352813-61090-015_3687352813-61090-016,Rooming,1,NA,NA,NA,NA,NA,NA,NA,NA,NA,NA,,,NA,NA,NA,NA,NA,NA,NA,NA,NA,NA,NA,NA,NA,NA,NA,NA,NA,NA,NA,NA,NA,NA,NA,NA,NA,NA,NA,NA,NA,NA,NA,NA,NA,NA,NA,NA,NA,NA,0,NA,NA,NA,234,NA,234,NA,NA,NA,NA,NA
3687352813-61090-017_3687352813-61090-018,Apartment,2,PR,PR,PR,NA,NA,NA,NA,NA,NA,NA,,,PR,PR,PR,NA,NA,NA,NA,NA,NA,NA,NA,NA,Head,Wife,Son,Daughter,NA,NA,NA,NA,NA,NA,NA,NA,30,18,3,0,NA,NA,NA,NA,NA,NA,NA,NA,4,Puerto Rican,1,4,2,5,936,2340,936,40,40,2,2,1.51 or more
3687352813-61090-019_3687352813-61090-020,Rooming,1,NA,NA,NA,NA,NA,NA,NA,NA,NA,NA,,,NA,NA,NA,NA,NA,NA,NA,NA,NA,NA,NA,NA,NA,NA,NA,NA,NA,NA,NA,NA,NA,NA,NA,NA,NA,NA,NA,NA,NA,NA,NA,NA,NA,NA,NA,NA,NA,NA,0,NA,NA,NA,312,NA,312,NA,NA,NA,NA,NA
3687352813-61090-021_3687352813-61090-022,Rooming,2.5,PR,PR,PR,PR,PR,PR,PR,USA,NA,NA,,,PR,PR,PR,PR,PR,PR,PR,USA,NA,NA,NA,NA,Head,Daughter,Son,Daughter,Grand Son,Grand Son,Daughter,Daughter of 7,NA,NA,NA,NA,56,19,17,11,15,13,23,4,NA,NA,NA,NA,8,Puerto Rican,1,8,5,5,910,NA,910,NA,NA,2.5,3.2,1.51 or more
3687352813-61090-023_3687352813-61090-024,Rooming,2.5,NA,NA,NA,NA,NA,NA,NA,NA,NA,NA,,,NA,NA,NA,NA,NA,NA,NA,NA,NA,NA,NA,NA,Head,Daughter,Son,Daughter,NA,NA,NA,NA,NA,NA,NA,NA,NA,NA,NA,NA,NA,NA,NA,NA,NA,NA,NA,NA,4,NA,0,0,NA,NA,988,NA,988,NA,NA,2.5,1.6,1.51 or more
3687352813-61090-025_3687352813-61090-026,Rooming,1,Haiti,USA,NA,NA,NA,NA,NA,NA,NA,NA,,,Caribbean,USA,NA,NA,NA,NA,NA,NA,NA,NA,NA,NA,H,Wife,NA,NA,NA,NA,NA,NA,NA,NA,NA,NA,37,28,NA,NA,NA,NA,NA,NA,NA,NA,NA,NA,2,Negro,0,0,0.75,2,364,2600,364,14,14,1,2,1.51 or more
3687352813-61090-027_3687352813-61090-028,Rooming,2,PR,PR,PR,PR,PR,PR,PR,USA,NA,NA,,,PR,PR,PR,PR,PR,PR,PR,USA,NA,NA,NA,NA,Head,Husband,Son,Son,Son,Daughter,Daughter,Son,NA,NA,NA,NA,24,1,9,8,7,6,5,901,NA,NA,NA,NA,8,Puerto Rican,1,8,1.333333333,1.666666667,1040,9698,1040,10.72386059,10.72386059,2,4,1.51 or more
3687352813-61090-029_3687352813-61090-030,Rooming,2,PR,PR,PR,PR,PR,PR,PR,PR,USA,NA,,,PR,PR,PR,PR,PR,PR,PR,PR,USA,NA,NA,NA,Head,Wife,Son,Daughter,Son,Son,Son,Daughter,Daughter,NA,NA,NA,45,35,16,14,9,7,5,3,1,NA,NA,NA,9,Puerto Rican,1,9,3,3,1050,NA,1050,NA,NA,2,4.5,1.51 or more
3687352813-61090-031_3687352813-61090-032,Rooming,1.5,PR,PR,NA,NA,NA,NA,NA,NA,NA,NA,,,PR,PR,NA,NA,NA,NA,NA,NA,NA,NA,NA,NA,Head,Wife,NA,NA,NA,NA,NA,NA,NA,NA,NA,NA,33,29,NA,NA,NA,NA,NA,NA,NA,NA,NA,NA,2,Puerto Rican,1,2,NA,NA,832,NA,832,NA,NA,1.5,1.333333333,1.01 to 1.50
3687354473-61091-001_3687354473-61091-002,Rooming,2.5,PR,PR,PR,NA,NA,NA,NA,NA,NA,NA,,,PR,PR,PR,NA,NA,NA,NA,NA,NA,NA,NA,NA,Head,Son,Daughter,NA,NA,NA,NA,NA,NA,NA,NA,NA,40,18,16,NA,NA,NA,NA,NA,NA,NA,NA,NA,3,Puerto Rican,1,3,0.67,0.75,NA,2080,NA,NA,NA,2.5,1.2,1.01 to 1.50
3687354473-61091-003_3687354473-61091-004,Rooming,2.5,PR,PR,PR,NA,NA,NA,NA,NA,NA,NA,,,PR,PR,PR,NA,NA,NA,NA,NA,NA,NA,NA,NA,Head,Son,Daughter,NA,NA,NA,NA,NA,NA,NA,NA,NA,40,19,16,NA,NA,NA,NA,NA,NA,NA,NA,NA,3,Puerto Rican,1,3,0.67,9,NA,2080,NA,NA,NA,2.5,1.2,1.01 to 1.50
3687354473-61091-005_3687354473-61091-006,Rooming,NA,NA,NA,NA,NA,NA,NA,NA,NA,NA,NA,,,NA,NA,NA,NA,NA,NA,NA,NA,NA,NA,NA,NA,NA,NA,NA,NA,NA,NA,NA,NA,NA,NA,NA,NA,NA,NA,NA,NA,NA,NA,NA,NA,NA,NA,NA,NA,NA,NA,0,NA,NA,NA,420,NA,420,NA,NA,NA,NA,NA
3687354473-61091-007_3687354473-61091-008,Rooming,3,PR,PR,USA,PR,PR,NA,NA,NA,NA,NA,,,PR,PR,USA,PR,PR,NA,NA,NA,NA,NA,NA,NA,H,Wife,Son,Brother in Law,Brother in Law,NA,NA,NA,NA,NA,NA,NA,34,27,2,22,19,NA,NA,NA,NA,NA,NA,NA,5,Puerto Rican,1,5,5,6,NA,3224,NA,NA,NA,3,1.666666667,1.51 or more
3687354473-61091-009_3687354473-61091-010,Rooming,3.5,USA,USA,USA,NA,NA,NA,NA,NA,NA,NA,,,USA,USA,USA,NA,NA,NA,NA,NA,NA,NA,NA,NA,Head,Son,Son,NA,NA,NA,NA,NA,NA,NA,NA,NA,29,9,5,NA,NA,NA,NA,NA,NA,NA,NA,NA,3,NA,0,0,5,NA,NA,NA,NA,NA,NA,3.5,0.857142857,1.00 or less
3687354473-61091-011_3687354473-61091-012,Rooming,3.5,USA,USA,USA,NA,NA,NA,NA,NA,NA,NA,,,USA,USA,USA,NA,NA,NA,NA,NA,NA,NA,NA,NA,H,Son,Son,NA,NA,NA,NA,NA,NA,NA,NA,NA,31,9,6,NA,NA,NA,NA,NA,NA,NA,NA,NA,3,Puerto Rican,1,3,5,30,NA,NA,NA,NA,NA,3.5,0.857142857,1.00 or less
3687354473-61091-013_3687354473-61091-014,Rooming,3,NA,NA,NA,NA,NA,NA,NA,NA,NA,NA,,,NA,NA,NA,NA,NA,NA,NA,NA,NA,NA,NA,NA,NA,NA,NA,NA,NA,NA,NA,NA,NA,NA,NA,NA,NA,NA,NA,NA,NA,NA,NA,NA,NA,NA,NA,NA,NA,NA,0,NA,NA,NA,NA,NA,NA,NA,NA,NA,NA,NA
3687354473-61091-015_3687354473-61091-016,Rooming,NA,USA,NA,NA,NA,NA,NA,NA,NA,NA,NA,,,USA,NA,NA,NA,NA,NA,NA,NA,NA,NA,NA,NA,Head,Daughter,Son,NA,NA,NA,NA,NA,NA,NA,NA,NA,NA,14,8,NA,NA,NA,NA,NA,NA,NA,NA,NA,3,White,0,0,8,NA,780,NA,780,NA,NA,NA,NA,NA
3687354473-61091-017_3687354473-61091-018,Rooming,NA,PR,PR,PR,PR,PR,NA,NA,NA,NA,NA,,,PR,PR,PR,PR,PR,NA,NA,NA,NA,NA,NA,NA,Head,Son,Daughter,Daughter,NA,NA,NA,NA,NA,NA,NA,NA,22,10,17,14,NA,NA,NA,NA,NA,NA,NA,NA,5,Puerto Rican,1,5,NA,NA,NA,NA,NA,NA,NA,NA,NA,NA
3687354473-61091-019_3687354473-61091-020,Rooming,2.5,PR,PR,NA,NA,NA,NA,NA,NA,NA,NA,,,PR,PR,NA,NA,NA,NA,NA,NA,NA,NA,NA,NA,Head,Wife,NA,NA,NA,NA,NA,NA,NA,NA,NA,NA,22,18,NA,NA,NA,NA,NA,NA,NA,NA,NA,NA,2,Puerto Rican,1,2,0.33,10,NA,2496,NA,NA,NA,2.5,0.8,1.00 or less
3687354473-61091-021_3687354473-61091-022,Rooming,NA,NA,NA,NA,NA,NA,NA,NA,NA,NA,NA,,,NA,NA,NA,NA,NA,NA,NA,NA,NA,NA,NA,NA,NA,NA,NA,NA,NA,NA,NA,NA,NA,NA,NA,NA,NA,NA,NA,NA,NA,NA,NA,NA,NA,NA,NA,NA,NA,NA,0,NA,NA,NA,NA,NA,NA,NA,NA,NA,NA,NA
3687355788-61092-001_3687355788-61092-002,NA,NA,NA,NA,NA,NA,NA,NA,NA,NA,NA,NA,,,NA,NA,NA,NA,NA,NA,NA,NA,NA,NA,NA,NA,NA,NA,NA,NA,NA,NA,NA,NA,NA,NA,NA,NA,NA,NA,NA,NA,NA,NA,NA,NA,NA,NA,NA,NA,NA,NA,0,NA,NA,NA,360,NA,360,NA,NA,NA,NA,NA
3687355788-61092-003_3687355788-61092-004,Rooming,NA,NA,NA,NA,NA,NA,NA,NA,NA,NA,NA,,,NA,NA,NA,NA,NA,NA,NA,NA,NA,NA,NA,NA,NA,NA,NA,NA,NA,NA,NA,NA,NA,NA,NA,NA,NA,NA,NA,NA,NA,NA,NA,NA,NA,NA,NA,NA,NA,NA,0,NA,NA,NA,480,NA,480,NA,NA,NA,NA,NA
3687355788-61092-005_3687355788-61092-006,NA,NA,NA,NA,NA,NA,NA,NA,NA,NA,NA,NA,,,NA,NA,NA,NA,NA,NA,NA,NA,NA,NA,NA,NA,NA,NA,NA,NA,NA,NA,NA,NA,NA,NA,NA,NA,NA,NA,NA,NA,NA,NA,NA,NA,NA,NA,NA,NA,NA,NA,0,NA,NA,NA,600,NA,600,NA,NA,NA,NA,NA
3687355788-61092-007_3687355788-61092-008,Rooming,1.5,Japan,NA,NA,NA,NA,NA,NA,NA,NA,NA,,,Asia,NA,NA,NA,NA,NA,NA,NA,NA,NA,NA,NA,Head,Wife,NA,NA,NA,NA,NA,NA,NA,NA,NA,NA,NA,NA,NA,NA,NA,NA,NA,NA,NA,NA,NA,NA,2,Oriental,0,0,NA,25,480,NA,480,NA,NA,1.5,1.333333333,1.01 to 1.50
3687355788-61092-009_3687355788-61092-010,NA,3,Japan,NA,NA,NA,NA,NA,NA,NA,NA,NA,,,Asia,NA,NA,NA,NA,NA,NA,NA,NA,NA,NA,NA,Head,Wife,NA,NA,NA,NA,NA,NA,NA,NA,NA,NA,NA,NA,NA,NA,NA,NA,NA,NA,NA,NA,NA,NA,2,Oriental,0,0,2,55,960,NA,960,NA,NA,3,0.666666667,1.00 or less
3687355788-61092-011_3687355788-61092-012,NA,NA,NA,NA,NA,NA,NA,NA,NA,NA,NA,NA,,,NA,NA,NA,NA,NA,NA,NA,NA,NA,NA,NA,NA,NA,NA,NA,NA,NA,NA,NA,NA,NA,NA,NA,NA,NA,NA,NA,NA,NA,NA,NA,NA,NA,NA,NA,NA,NA,NA,0,NA,NA,NA,300,NA,300,NA,NA,NA,NA,NA
3687355788-61092-013_3687355788-61092-014,Rooming,NA,NA,NA,NA,NA,NA,NA,NA,NA,NA,NA,,,NA,NA,NA,NA,NA,NA,NA,NA,NA,NA,NA,NA,NA,NA,NA,NA,NA,NA,NA,NA,NA,NA,NA,NA,NA,NA,NA,NA,NA,NA,NA,NA,NA,NA,NA,NA,NA,NA,0,NA,NA,NA,360,NA,360,NA,NA,NA,NA,NA
3687355788-61092-015_3687355788-61092-016,NA,3.5,Japan,USA,NA,NA,NA,NA,NA,NA,NA,NA,,,Asia,USA,NA,NA,NA,NA,NA,NA,NA,NA,NA,NA,Head,Wife,NA,NA,NA,NA,NA,NA,NA,NA,NA,NA,61,45,NA,NA,NA,NA,NA,NA,NA,NA,NA,NA,2,Oriental,0,0,NA,38,NA,NA,NA,NA,NA,3.5,0.571428571,1.00 or less
3687355788-61092-017_3687355788-61092-018,Rooming,1,NA,NA,NA,NA,NA,NA,NA,NA,NA,NA,,,NA,NA,NA,NA,NA,NA,NA,NA,NA,NA,NA,NA,NA,NA,NA,NA,NA,NA,NA,NA,NA,NA,NA,NA,NA,NA,NA,NA,NA,NA,NA,NA,NA,NA,NA,NA,NA,NA,0,NA,NA,NA,336,NA,336,NA,NA,NA,NA,NA
3687355788-61092-019_3687355788-61092-020,Rooming,NA,NA,NA,NA,NA,NA,NA,NA,NA,NA,NA,,,NA,NA,NA,NA,NA,NA,NA,NA,NA,NA,NA,NA,NA,NA,NA,NA,NA,NA,NA,NA,NA,NA,NA,NA,NA,NA,NA,NA,NA,NA,NA,NA,NA,NA,NA,NA,NA,NA,0,NA,19,NA,396,NA,396,NA,NA,NA,NA,NA
3687355788-61092-021_3687355788-61092-022,NA,2,NA,NA,NA,NA,NA,NA,NA,NA,NA,NA,,,NA,NA,NA,NA,NA,NA,NA,NA,NA,NA,NA,NA,NA,NA,NA,NA,NA,NA,NA,NA,NA,NA,NA,NA,NA,NA,NA,NA,NA,NA,NA,NA,NA,NA,NA,NA,NA,NA,0,NA,NA,NA,480,NA,480,NA,NA,NA,NA,NA
3687356601-61093-001_3687356601-61093-002,Rooming,NA,NA,NA,NA,NA,NA,NA,NA,NA,NA,NA,,,NA,NA,NA,NA,NA,NA,NA,NA,NA,NA,NA,NA,NA,NA,NA,NA,NA,NA,NA,NA,NA,NA,NA,NA,NA,NA,NA,NA,NA,NA,NA,NA,NA,NA,NA,NA,NA,NA,0,NA,NA,NA,1040,NA,1040,NA,NA,NA,NA,NA
3687356601-61093-003_3687356601-61093-004,Rooming,NA,NA,NA,NA,NA,NA,NA,NA,NA,NA,NA,,,NA,NA,NA,NA,NA,NA,NA,NA,NA,NA,NA,NA,NA,NA,NA,NA,NA,NA,NA,NA,NA,NA,NA,NA,NA,NA,NA,NA,NA,NA,NA,NA,NA,NA,NA,NA,NA,NA,0,NA,NA,NA,480,NA,480,NA,NA,NA,NA,NA
3687356601-61093-005_3687356601-61093-006,Rooming,2,Japan,USA,USA,NA,NA,NA,NA,NA,NA,NA,,,Asia,USA,USA,NA,NA,NA,NA,NA,NA,NA,NA,NA,Head,Wife,Daughter,NA,NA,NA,NA,NA,NA,NA,NA,NA,66,39,13,NA,NA,NA,NA,NA,NA,NA,NA,NA,3,NA,0,0,10,14,420,NA,420,NA,NA,2,1.5,1.01 to 1.50
3687356601-61093-007_3687356601-61093-008,Rooming,NA,NA,NA,NA,NA,NA,NA,NA,NA,NA,NA,,,NA,NA,NA,NA,NA,NA,NA,NA,NA,NA,NA,NA,NA,NA,NA,NA,NA,NA,NA,NA,NA,NA,NA,NA,NA,NA,NA,NA,NA,NA,NA,NA,NA,NA,NA,NA,NA,NA,0,NA,NA,NA,420,NA,420,NA,NA,NA,NA,NA
3687356601-61093-009_3687356601-61093-010,Rooming,2,Japan,Japan,NA,NA,NA,NA,NA,NA,NA,NA,,,Asia,Asia,NA,NA,NA,NA,NA,NA,NA,NA,NA,NA,Head,Wife,NA,NA,NA,NA,NA,NA,NA,NA,NA,NA,68,58,NA,NA,NA,NA,NA,NA,NA,NA,NA,NA,2,Oriental,0,0,NA,14,540,NA,540,NA,NA,2,1,1.00 or less
3687356601-61093-011_3687356601-61093-012,Rooming,2.5,USA,USA,USA,USA,NA,NA,NA,NA,NA,NA,,,USA,USA,USA,USA,NA,NA,NA,NA,NA,NA,NA,NA,Head,Wife,Daughter,Son,NA,NA,NA,NA,NA,NA,NA,NA,42,39,15,14,NA,NA,NA,NA,NA,NA,NA,NA,4,NA,0,0,NA,NA,576,NA,576,NA,NA,2.5,1.6,1.51 or more
3687357055-61094-001_3687357055-61094-002,Rooming,NA,NA,NA,NA,NA,NA,NA,NA,NA,NA,NA,,,NA,NA,NA,NA,NA,NA,NA,NA,NA,NA,NA,NA,NA,NA,NA,NA,NA,NA,NA,NA,NA,NA,NA,NA,NA,NA,NA,NA,NA,NA,NA,NA,NA,NA,NA,NA,NA,NA,0,NA,NA,NA,239.2,NA,239.2,NA,NA,NA,NA,NA
3687357055-61094-003_3687357055-61094-004,NA,1.5,NA,NA,NA,NA,NA,NA,NA,NA,NA,NA,,,NA,NA,NA,NA,NA,NA,NA,NA,NA,NA,NA,NA,NA,NA,NA,NA,NA,NA,NA,NA,NA,NA,NA,NA,27,33,NA,NA,NA,NA,NA,NA,NA,NA,NA,NA,2,NA,0,0,NA,NA,572,NA,572,NA,NA,1.5,1.333333333,1.01 to 1.50
3687357055-61094-005_3687357055-61094-006,NA,1,USA,NA,NA,NA,NA,NA,NA,NA,NA,NA,,,USA,NA,NA,NA,NA,NA,NA,NA,NA,NA,NA,NA,Head,NA,NA,NA,NA,NA,NA,NA,NA,NA,NA,NA,58,NA,NA,NA,NA,NA,NA,NA,NA,NA,NA,NA,1,Negro,0,0,70,10,1040,2236,1040,46.51162791,46.51162791,1,1,1.00 or less
3687357055-61094-007_3687357055-61094-008,NA,NA,NA,NA,NA,NA,NA,NA,NA,NA,NA,NA,,,NA,NA,NA,NA,NA,NA,NA,NA,NA,NA,NA,NA,NA,NA,NA,NA,NA,NA,NA,NA,NA,NA,NA,NA,NA,NA,NA,NA,NA,NA,NA,NA,NA,NA,NA,NA,NA,NA,0,NA,NA,NA,364,NA,364,NA,NA,NA,NA,NA
3687357055-61094-009_3687357055-61094-010,NA,1.5,USA,USA,USA,USA,NA,NA,NA,NA,NA,NA,,,USA,USA,USA,USA,NA,NA,NA,NA,NA,NA,NA,NA,Head,Wife,Daughter,Daughter,NA,NA,NA,NA,NA,NA,NA,NA,32,31,6,1,NA,NA,NA,NA,NA,NA,NA,NA,4,NA,0,0,1.25,10,837.2,3120,837.2,26.83333333,26.83333333,1.5,2.666666667,1.51 or more
3687357055-61094-011_3687357055-61094-012,NA,3,PR,PR,PR,USA,USA,USA,NA,NA,NA,NA,,,PR,PR,PR,USA,USA,USA,NA,NA,NA,NA,NA,NA,Head,Wife,Daughter,Son,Son,Son,NA,NA,NA,NA,NA,NA,65,54,16,8,6,4,NA,NA,NA,NA,NA,NA,6,NA,1,6,4,8,NA,780,NA,NA,NA,3,2,1.51 or more
3687357055-61094-013_3687357055-61094-014,Rooming,NA,NA,NA,NA,NA,NA,NA,NA,NA,NA,NA,,,NA,NA,NA,NA,NA,NA,NA,NA,NA,NA,NA,NA,NA,NA,NA,NA,NA,NA,NA,NA,NA,NA,NA,NA,NA,NA,NA,NA,NA,NA,NA,NA,NA,NA,NA,NA,NA,NA,0,NA,NA,NA,208,NA,208,NA,NA,NA,NA,NA
3687357055-61094-015_3687357055-61094-016,NA,NA,NA,NA,NA,NA,NA,NA,NA,NA,NA,NA,,,NA,NA,NA,NA,NA,NA,NA,NA,NA,NA,NA,NA,NA,NA,NA,NA,NA,NA,NA,NA,NA,NA,NA,NA,NA,NA,NA,NA,NA,NA,NA,NA,NA,NA,NA,NA,NA,NA,0,NA,NA,NA,239.2,NA,239.2,NA,NA,NA,NA,NA
3687357055-61094-017_3687357055-61094-018,NA,NA,NA,NA,NA,NA,NA,NA,NA,NA,NA,NA,,,NA,NA,NA,NA,NA,NA,NA,NA,NA,NA,NA,NA,NA,NA,NA,NA,NA,NA,NA,NA,NA,NA,NA,NA,NA,NA,NA,NA,NA,NA,NA,NA,NA,NA,NA,NA,1,NA,0,0,NA,NA,520,NA,520,NA,NA,NA,NA,NA
3687357055-61094-019_3687357055-61094-020,NA,2,PR,NA,NA,NA,NA,NA,NA,NA,NA,NA,,,PR,NA,NA,NA,NA,NA,NA,NA,NA,NA,NA,NA,Head,NA,NA,NA,NA,NA,NA,NA,NA,NA,NA,NA,23,NA,NA,NA,NA,NA,NA,NA,NA,NA,NA,NA,1,Puerto Rican,1,1,5,5,676,2340,676,28.88888889,28.88888889,2,0.5,1.00 or less
3687357055-61094-021_3687357055-61094-022,Apartment,1,PR,PR,PR,NA,NA,NA,NA,NA,NA,NA,,,PR,PR,PR,NA,NA,NA,NA,NA,NA,NA,NA,NA,Mother,Daughter,Son,NA,NA,NA,NA,NA,NA,NA,NA,NA,30,11,10,NA,NA,NA,NA,NA,NA,NA,NA,NA,3,Puerto Rican,1,3,0.666666667,8,624,2600,624,24,24,1,3,1.51 or more
3687357055-61094-023_3687357055-61094-024,Rooming,1.5,PR,PR,PR,PR,PR,NA,NA,NA,NA,NA,,,PR,PR,PR,PR,PR,NA,NA,NA,NA,NA,NA,NA,Head,Wife,Daughter,Son,Daughter,NA,NA,NA,NA,NA,NA,NA,31,37,16,6,5,NA,NA,NA,NA,NA,NA,NA,5,Puerto Rican,1,5,0.416666667,5,832,NA,832,NA,NA,1.5,3.333333333,1.51 or more
3687357055-61094-025_3687357055-61094-026,NA,NA,PR,PR,NA,NA,NA,NA,NA,NA,NA,NA,,,PR,PR,NA,NA,NA,NA,NA,NA,NA,NA,NA,NA,H - 30,Wife,Daughter,Daughter,NA,NA,NA,NA,NA,NA,NA,NA,NA,NA,3,3,NA,NA,NA,NA,NA,NA,NA,NA,4,Puerto Rican,1,4,NA,NA,624,NA,624,NA,NA,NA,NA,NA
3687357055-61094-027_3687357055-61094-028,Rooming,NA,NA,NA,NA,NA,NA,NA,NA,NA,NA,NA,,,NA,NA,NA,NA,NA,NA,NA,NA,NA,NA,NA,NA,NA,NA,NA,NA,NA,NA,NA,NA,NA,NA,NA,NA,NA,NA,NA,NA,NA,NA,NA,NA,NA,NA,NA,NA,NA,NA,0,NA,NA,NA,312,NA,312,NA,NA,NA,NA,NA
3687357055-61094-029_3687357055-61094-030,NA,2.5,PR,PR,USA,USA,USA,NA,NA,NA,NA,NA,,,PR,PR,USA,USA,USA,NA,NA,NA,NA,NA,NA,NA,Head,Wife,Son,Son,Son,NA,NA,NA,NA,NA,NA,NA,32,36,6,4,1,NA,NA,NA,NA,NA,NA,NA,5,NA,1,5,2,9,676,3276,676,20.63492063,20.63492063,2.5,2,1.51 or more
3687357055-61094-031_3687357055-61094-032,Rooming,NA,NA,NA,NA,NA,NA,NA,NA,NA,NA,NA,,,NA,NA,NA,NA,NA,NA,NA,NA,NA,NA,NA,NA,NA,NA,NA,NA,NA,NA,NA,NA,NA,NA,NA,NA,NA,NA,NA,NA,NA,NA,NA,NA,NA,NA,NA,NA,NA,NA,0,NA,NA,NA,208,NA,208,NA,NA,NA,NA,NA
3687357594-61095-001_3687357594-61095-002,Rooming,2,Latvia,NA,NA,NA,NA,NA,NA,NA,NA,NA,,,Europe,NA,NA,NA,NA,NA,NA,NA,NA,NA,NA,NA,Head,NA,NA,NA,NA,NA,NA,NA,NA,NA,NA,NA,55,NA,NA,NA,NA,NA,NA,NA,NA,NA,NA,NA,1,White,0,0,NA,5,540,3900,540,13.84615385,13.84615385,2,0.5,1.00 or less
3687357594-61095-003_3687357594-61095-004,Rooming,2,NA,NA,NA,NA,NA,NA,NA,NA,NA,NA,,,NA,NA,NA,NA,NA,NA,NA,NA,NA,NA,NA,NA,NA,NA,NA,NA,NA,NA,NA,NA,NA,NA,NA,NA,NA,NA,NA,NA,NA,NA,NA,NA,NA,NA,NA,NA,NA,NA,0,NA,NA,NA,840,NA,840,NA,NA,NA,NA,NA
3687357594-61095-005_3687357594-61095-006,Rooming,2.5,USA,USA,NA,NA,NA,NA,NA,NA,NA,NA,,,USA,USA,NA,NA,NA,NA,NA,NA,NA,NA,NA,NA,H,Wife,NA,NA,NA,NA,NA,NA,NA,NA,NA,NA,28,22,NA,NA,NA,NA,NA,NA,NA,NA,NA,NA,2,NA,0,0,1,NA,840,3900,840,21.53846154,21.53846154,2.5,0.8,1.00 or less
3687357594-61095-007_3687357594-61095-008,Rooming,1,Greece,NA,NA,NA,NA,NA,NA,NA,NA,NA,,,Europe,NA,NA,NA,NA,NA,NA,NA,NA,NA,NA,NA,Head,NA,NA,NA,NA,NA,NA,NA,NA,NA,NA,NA,28,NA,NA,NA,NA,NA,NA,NA,NA,NA,NA,NA,1,White,0,0,1.5,4,NA,NA,NA,NA,NA,1,1,1.00 or less
3687357594-61095-009_3687357594-61095-010,Rooming,2,USA,NA,NA,NA,NA,NA,NA,NA,NA,NA,,,USA,NA,NA,NA,NA,NA,NA,NA,NA,NA,NA,NA,NA,NA,NA,NA,NA,NA,NA,NA,NA,NA,NA,NA,57,NA,NA,NA,NA,NA,NA,NA,NA,NA,NA,NA,1,NA,0,0,26,NA,NA,3120,NA,NA,NA,2,0.5,1.00 or less
3687357594-61095-011_3687357594-61095-012,Rooming,NA,USA,NA,NA,NA,NA,NA,NA,NA,NA,NA,,,USA,NA,NA,NA,NA,NA,NA,NA,NA,NA,NA,NA,H,NA,NA,NA,NA,NA,NA,NA,NA,NA,NA,NA,47,NA,NA,NA,NA,NA,NA,NA,NA,NA,NA,NA,1,NA,0,0,NA,NA,720,1884,720,38.21656051,38.21656051,NA,NA,NA
3687357594-61095-013_3687357594-61095-014,Rooming,2,Estonia,Estonia,NA,NA,NA,NA,NA,NA,NA,NA,,,Europe,Europe,NA,NA,NA,NA,NA,NA,NA,NA,NA,NA,NA,NA,NA,NA,NA,NA,NA,NA,NA,NA,NA,NA,59,66,NA,NA,NA,NA,NA,NA,NA,NA,NA,NA,2,NA,0,0,5,9,624,2600,624,24,24,2,1,1.00 or less
3687357594-61095-015_3687357594-61095-016,Rooming,3,Russia,,Germany,NA,NA,NA,NA,NA,NA,NA,,,Europe,NA,Europe,NA,NA,NA,NA,NA,NA,NA,NA,NA,H,Wife,Son,NA,NA,NA,NA,NA,NA,NA,NA,NA,57,47,13,NA,NA,NA,NA,NA,NA,NA,NA,NA,3,White,0,0,6,6,NA,780,NA,NA,NA,3,1,1.00 or less
3687357594-61095-017_3687357594-61095-018,Rooming,2,Germany,NA,NA,NA,NA,NA,NA,NA,NA,NA,,,Europe,NA,NA,NA,NA,NA,NA,NA,NA,NA,NA,NA,NA,NA,NA,NA,NA,NA,NA,NA,NA,NA,NA,NA,75,NA,NA,NA,NA,NA,NA,NA,NA,NA,NA,NA,1,NA,0,0,NA,NA,NA,3276,NA,NA,NA,2,0.5,1.00 or less
3687357594-61095-019_3687357594-61095-020,Rooming,2,Germany,USA,NA,NA,NA,NA,NA,NA,NA,NA,,,Europe,USA,NA,NA,NA,NA,NA,NA,NA,NA,NA,NA,NA,Roommate,NA,NA,NA,NA,NA,NA,NA,NA,NA,NA,46,62,NA,NA,NA,NA,NA,NA,NA,NA,NA,NA,2,White,0,0,4,4,NA,NA,NA,NA,NA,2,1,1.00 or less
3687357594-61095-021_3687357594-61095-022,Rooming,3,NA,NA,NA,NA,NA,NA,NA,NA,NA,NA,,,NA,NA,NA,NA,NA,NA,NA,NA,NA,NA,NA,NA,NA,NA,NA,NA,NA,NA,NA,NA,NA,NA,NA,NA,70,NA,NA,NA,NA,NA,NA,NA,NA,NA,NA,NA,1,White,0,0,7,53,NA,NA,NA,NA,NA,3,0.333333333,1.00 or less
3687357594-61095-023_3687357594-61095-024,Rooming,2,Germany,NA,NA,NA,NA,NA,NA,NA,NA,NA,,,Europe,NA,NA,NA,NA,NA,NA,NA,NA,NA,NA,NA,NA,NA,NA,NA,NA,NA,NA,NA,NA,NA,NA,NA,34,NA,NA,NA,NA,NA,NA,NA,NA,NA,NA,NA,1,White,0,0,NA,NA,780,4620,780,16.88311688,16.88311688,2,0.5,1.00 or less
3687357594-61095-025_3687357594-61095-026,Rooming,3,Germany,NA,NA,NA,NA,NA,NA,NA,NA,NA,,,Europe,NA,NA,NA,NA,NA,NA,NA,NA,NA,NA,NA,Head,NA,NA,NA,NA,NA,NA,NA,NA,NA,NA,NA,48,NA,NA,NA,NA,NA,NA,NA,NA,NA,NA,NA,1,White,0,0,2,6,NA,2080,NA,NA,NA,3,0.333333333,1.00 or less
3687357594-61095-027_3687357594-61095-028,Rooming,2.5,USA,USA,NA,NA,NA,NA,NA,NA,NA,NA,,,USA,USA,NA,NA,NA,NA,NA,NA,NA,NA,NA,NA,NA,NA,NA,NA,NA,NA,NA,NA,NA,NA,NA,NA,28,23,NA,NA,NA,NA,NA,NA,NA,NA,NA,NA,2,White,0,0,0.83,3,900,3900,900,23.07692308,23.07692308,2.5,0.8,1.00 or less
3687357594-61095-029_3687357594-61095-030,Rooming,1,NA,NA,NA,NA,NA,NA,NA,NA,NA,NA,,,NA,NA,NA,NA,NA,NA,NA,NA,NA,NA,NA,NA,NA,NA,NA,NA,NA,NA,NA,NA,NA,NA,NA,NA,NA,NA,NA,NA,NA,NA,NA,NA,NA,NA,NA,NA,NA,NA,0,NA,NA,NA,NA,NA,NA,NA,NA,NA,NA,NA
3687357594-61095-031_3687357594-61095-032,Rooming,1.5,NA,NA,NA,NA,NA,NA,NA,NA,NA,NA,,,NA,NA,NA,NA,NA,NA,NA,NA,NA,NA,NA,NA,NA,NA,NA,NA,NA,NA,NA,NA,NA,NA,NA,NA,NA,NA,NA,NA,NA,NA,NA,NA,NA,NA,NA,NA,NA,NA,0,NA,NA,NA,780,NA,780,NA,NA,NA,NA,NA
3687357594-61095-033_3687357594-61095-034,Rooming,NA,NA,NA,NA,NA,NA,NA,NA,NA,NA,NA,,,NA,NA,NA,NA,NA,NA,NA,NA,NA,NA,NA,NA,NA,NA,NA,NA,NA,NA,NA,NA,NA,NA,NA,NA,NA,NA,NA,NA,NA,NA,NA,NA,NA,NA,NA,NA,NA,NA,0,NA,NA,NA,NA,NA,NA,NA,NA,NA,NA,NA
3687357594-61095-035_3687357594-61095-036,Rooming,1,USA,NA,NA,NA,NA,NA,NA,NA,NA,NA,,,USA,NA,NA,NA,NA,NA,NA,NA,NA,NA,NA,NA,NA,NA,NA,NA,NA,NA,NA,NA,NA,NA,NA,NA,53,NA,NA,NA,NA,NA,NA,NA,NA,NA,NA,NA,1,NA,0,0,NA,NA,NA,4056,NA,NA,NA,1,1,1.00 or less
3687357594-61095-037_3687357594-61095-038,Rooming,1,Malta,NA,NA,NA,NA,NA,NA,NA,NA,NA,,,Europe,NA,NA,NA,NA,NA,NA,NA,NA,NA,NA,NA,Head,NA,NA,NA,NA,NA,NA,NA,NA,NA,NA,NA,52,NA,NA,NA,NA,NA,NA,NA,NA,NA,NA,NA,1,NA,0,0,1,22,NA,3328,NA,NA,NA,1,1,1.00 or less
3687357594-61095-039_3687357594-61095-040,Rooming,2,USA,NA,NA,NA,NA,NA,NA,NA,NA,NA,,,USA,NA,NA,NA,NA,NA,NA,NA,NA,NA,NA,NA,H,NA,NA,NA,NA,NA,NA,NA,NA,NA,NA,NA,66,NA,NA,NA,NA,NA,NA,NA,NA,NA,NA,NA,1,White,0,0,31,40,540,5000,540,10.8,10.8,2,0.5,1.00 or less
3687357594-61095-041_3687357594-61095-042,Rooming,1,NA,NA,NA,NA,NA,NA,NA,NA,NA,NA,,,NA,NA,NA,NA,NA,NA,NA,NA,NA,NA,NA,NA,NA,NA,NA,NA,NA,NA,NA,NA,NA,NA,NA,NA,NA,NA,NA,NA,NA,NA,NA,NA,NA,NA,NA,NA,NA,NA,0,NA,NA,NA,540,NA,540,NA,NA,NA,NA,NA
3687357594-61095-043_3687357594-61095-044,Rooming,2,Latvia,NA,NA,NA,NA,NA,NA,NA,NA,NA,,,Europe,NA,NA,NA,NA,NA,NA,NA,NA,NA,NA,NA,NA,NA,NA,NA,NA,NA,NA,NA,NA,NA,NA,NA,55,NA,NA,NA,NA,NA,NA,NA,NA,NA,NA,NA,1,NA,0,0,1,21,NA,3700,NA,NA,NA,2,0.5,1.00 or less
3687358389-61096-001_3687358389-61096-002,Rooming,NA,PR,PR,PR,PR,PR,NA,NA,NA,NA,NA,,,PR,PR,PR,PR,PR,NA,NA,NA,NA,NA,NA,NA,Head,Son,Daughter,Son,Son,NA,NA,NA,NA,NA,NA,NA,30,7,6,4,2,NA,NA,NA,NA,NA,NA,NA,5,Puerto Rican,1,5,2,4,864,NA,864,NA,NA,NA,NA,NA
3687358389-61096-003_3687358389-61096-004,Rooming,1,NA,NA,NA,NA,NA,NA,NA,NA,NA,NA,,,NA,NA,NA,NA,NA,NA,NA,NA,NA,NA,NA,NA,Head,Wife,Daughter,Son,Son,Son,NA,NA,NA,NA,NA,NA,NA,NA,9,7,5,0,NA,NA,NA,NA,NA,NA,6,Puerto Rican,1,6,4,5,NA,NA,NA,NA,NA,1,6,1.51 or more
3687358389-61096-005_3687358389-61096-006,Rooming,1.5,PR,NA,USA,USA,USA,NA,NA,NA,NA,NA,,,PR,NA,USA,USA,USA,NA,NA,NA,NA,NA,NA,NA,Head,Wife,Son,Son,Son,NA,NA,NA,NA,NA,NA,NA,35,NA,6,7,2,NA,NA,NA,NA,NA,NA,NA,5,Puerto Rican,1,5,3.5,7,NA,NA,NA,NA,NA,1.5,3.333333333,1.51 or more
3687358389-61096-007_3687358389-61096-008,Rooming,NA,PR,USA,NA,NA,NA,NA,NA,NA,NA,NA,,,PR,USA,NA,NA,NA,NA,NA,NA,NA,NA,NA,NA,NA,NA,NA,NA,NA,NA,NA,NA,NA,NA,NA,NA,20,0,NA,NA,NA,NA,NA,NA,NA,NA,NA,NA,2,NA,1,2,NA,NA,NA,NA,NA,NA,NA,NA,NA,NA
3687358389-61096-009_3687358389-61096-010,Rooming,1.5,PR,PR,NA,NA,NA,NA,NA,NA,NA,NA,,,PR,PR,NA,NA,NA,NA,NA,NA,NA,NA,NA,NA,Head,Wife,Son,NA,NA,NA,NA,NA,NA,NA,NA,NA,27,20,1,NA,NA,NA,NA,NA,NA,NA,NA,NA,3,Puerto Rican,1,3,4,5,NA,NA,NA,NA,NA,1.5,2,1.51 or more
3687358389-61096-011_3687358389-61096-012,Rooming,1.5,Italy,USA,NA,NA,NA,NA,NA,NA,NA,NA,,,Europe,USA,NA,NA,NA,NA,NA,NA,NA,NA,NA,NA,H,Wife,NA,NA,NA,NA,NA,NA,NA,NA,NA,NA,48,48,NA,NA,NA,NA,NA,NA,NA,NA,NA,NA,2,NA,0,0,11,NA,NA,1716,NA,NA,NA,1.5,1.333333333,1.01 to 1.50
3687358389-61096-013_3687358389-61096-014,Rooming,1,PR,NA,NA,NA,NA,NA,NA,NA,NA,NA,,,PR,NA,NA,NA,NA,NA,NA,NA,NA,NA,NA,NA,Head,NA,NA,NA,NA,NA,NA,NA,NA,NA,NA,NA,25,NA,NA,NA,NA,NA,NA,NA,NA,NA,NA,NA,1,NA,1,1,NA,3,NA,1835.6,NA,NA,NA,1,1,1.00 or less
3687358389-61096-015_3687358389-61096-016,NA,2,PR,PR,PR,PR,PR,PR,PR,NA,NA,NA,,,PR,PR,PR,PR,PR,PR,PR,NA,NA,NA,NA,NA,Head,Son,Daughter,Son,Son,Son,Daughter,NA,NA,NA,NA,NA,34,16,12,10,3,1,1,NA,NA,NA,NA,NA,7,Puerto Rican,1,7,NA,NA,NA,NA,NA,NA,NA,2,3.5,1.51 or more
3687358389-61096-017_3687358389-61096-018,Rooming,NA,NA,NA,NA,NA,NA,NA,NA,NA,NA,NA,,,NA,NA,NA,NA,NA,NA,NA,NA,NA,NA,NA,NA,H,Wife,NA,NA,NA,NA,NA,NA,NA,NA,NA,NA,NA,NA,NA,NA,NA,NA,NA,NA,NA,NA,NA,NA,2,NA,0,0,NA,NA,NA,NA,NA,NA,NA,NA,NA,NA
3687358841-61097-001_3687358841-61097-002,Apartment,2,PR,PR,USA,USA,USA,USA,NA,NA,NA,NA,,,PR,PR,USA,USA,USA,USA,NA,NA,NA,NA,NA,NA,Head,Wife,Son,Daughter,Daughter,Daughter,NA,NA,NA,NA,NA,NA,26,21,4,5,1,0,NA,NA,NA,NA,NA,NA,6,NA,1,6,4,7,816,NA,816,NA,NA,2,3,1.51 or more
3687358841-61097-003_3687358841-61097-004,Apartment,NA,NA,NA,NA,NA,NA,NA,NA,NA,NA,NA,,,NA,NA,NA,NA,NA,NA,NA,NA,NA,NA,NA,NA,Head,Son,Son,Daughter,Son,NA,NA,NA,NA,NA,NA,NA,NA,20,18,14,12,NA,NA,NA,NA,NA,NA,NA,5,NA,0,0,NA,NA,NA,NA,NA,NA,NA,NA,NA,NA
3687358841-61097-005_3687358841-61097-006,Apartment,2,PR,PR,PR,PR,USA,NA,NA,NA,NA,NA,,,PR,PR,PR,PR,USA,NA,NA,NA,NA,NA,NA,NA,Head,Daughter,Son,Daughter,Son,NA,NA,NA,NA,NA,NA,NA,40,16,15,13,3,NA,NA,NA,NA,NA,NA,NA,5,Puerto Rican,1,5,5,5,441.96,NA,441.96,NA,NA,2,2.5,1.51 or more
3687358841-61097-007_3687358841-61097-008,Apartment,2,PR,PR,PR,USA,USA,USA,NA,NA,NA,NA,,,PR,PR,PR,USA,USA,USA,NA,NA,NA,NA,NA,NA,Head,Wife,Son,Daughter,Daughter,Son,NA,NA,NA,NA,NA,NA,23,24,6,4,3,2,NA,NA,NA,NA,NA,NA,6,Puerto Rican,1,6,3,4,NA,2340,NA,NA,NA,2,3,1.51 or more
3687358841-61097-009_3687358841-61097-010,Apartment,12,PR,PR,PR,PR,NA,NA,NA,NA,NA,NA,,,PR,PR,PR,PR,NA,NA,NA,NA,NA,NA,NA,NA,Head,Wife,Daughter,Son,NA,NA,NA,NA,NA,NA,NA,NA,58,46,12,10,NA,NA,NA,NA,NA,NA,NA,NA,4,Puerto Rican,1,4,10,18,654.48,NA,654.48,NA,NA,12,0.333333333,1.00 or less
3687358841-61097-011_3687358841-61097-012,Rooming,2,PR,USA,PR,NA,NA,NA,NA,NA,NA,NA,,,PR,USA,PR,NA,NA,NA,NA,NA,NA,NA,NA,NA,Head,Son,Son,NA,NA,NA,NA,NA,NA,NA,NA,NA,32,10,9,NA,NA,NA,NA,NA,NA,NA,NA,NA,3,Puerto Rican,1,3,0.5,5,NA,NA,NA,NA,NA,2,1.5,1.01 to 1.50
3687359409-61098-001_3687359409-61098-002,Rooming,2,NA,NA,NA,NA,NA,NA,NA,NA,NA,NA,,,NA,NA,NA,NA,NA,NA,NA,NA,NA,NA,NA,NA,NA,NA,NA,NA,NA,NA,NA,NA,NA,NA,NA,NA,NA,NA,NA,NA,NA,NA,NA,NA,NA,NA,NA,NA,NA,NA,0,NA,NA,NA,720,NA,720,NA,NA,NA,NA,NA
3687359409-61098-003_3687359409-61098-004,Rooming,NA,NA,NA,NA,NA,NA,NA,NA,NA,NA,NA,,,NA,NA,NA,NA,NA,NA,NA,NA,NA,NA,NA,NA,NA,NA,NA,NA,NA,NA,NA,NA,NA,NA,NA,NA,NA,NA,NA,NA,NA,NA,NA,NA,NA,NA,NA,NA,NA,NA,0,NA,NA,NA,364,NA,364,NA,NA,NA,NA,NA
3687359409-61098-005_3687359409-61098-006,NA,2,PR,USA,NA,NA,NA,NA,NA,NA,NA,NA,,,PR,USA,NA,NA,NA,NA,NA,NA,NA,NA,NA,NA,Head,Son,Husband,NA,NA,NA,NA,NA,NA,NA,NA,NA,18,1,NA,NA,NA,NA,NA,NA,NA,NA,NA,NA,3,NA,1,3,0.5,8,624,2080,624,30,30,2,1.5,1.01 to 1.50
3687359409-61098-007_3687359409-61098-008,Rooming,2.5,PR,NA,NA,NA,NA,NA,NA,NA,NA,NA,,,PR,NA,NA,NA,NA,NA,NA,NA,NA,NA,NA,NA,H,Wife,Daughter,Daughter,NA,NA,NA,NA,NA,NA,NA,NA,27,20,1,3,NA,NA,NA,NA,NA,NA,NA,NA,4,Puerto Rican,1,4,0.5,3,832,NA,832,NA,NA,2.5,1.6,1.51 or more
3687359409-61098-009_3687359409-61098-010,NA,NA,PR,PR,NA,NA,NA,NA,NA,NA,NA,NA,,,PR,PR,NA,NA,NA,NA,NA,NA,NA,NA,NA,NA,H,Wife,NA,NA,NA,NA,NA,NA,NA,NA,NA,NA,30,23,NA,NA,NA,NA,NA,NA,NA,NA,NA,NA,2,Puerto Rican,1,2,2,5,NA,2714.4,NA,NA,NA,NA,NA,NA
3687359409-61098-011_3687359409-61098-012,NA,1.5,PR,PR,USA,USA,NA,NA,NA,NA,NA,NA,,,PR,PR,USA,USA,NA,NA,NA,NA,NA,NA,NA,NA,Head,Wife,Son,Son,NA,NA,NA,NA,NA,NA,NA,NA,50,35,3,2,NA,NA,NA,NA,NA,NA,NA,NA,4,Puerto Rican,1,4,1.5,10,780,NA,780,NA,NA,1.5,2.666666667,1.51 or more
3687359409-61098-013_3687359409-61098-014,NA,NA,PR,NA,PR,NA,USA,NA,NA,NA,NA,NA,,,PR,NA,PR,NA,USA,NA,NA,NA,NA,NA,NA,NA,Head,Wife,Son,Son,Son,NA,NA,NA,NA,NA,NA,NA,23,NA,10,7,7,NA,NA,NA,NA,NA,NA,NA,5,Puerto Rican,1,5,NA,NA,728,71,728,1025.352113,1025.352113,NA,NA,NA
3687359409-61098-015_3687359409-61098-016,NA,NA,PR,PR,NA,NA,NA,NA,NA,NA,NA,NA,,,PR,PR,NA,NA,NA,NA,NA,NA,NA,NA,NA,NA,Head,Wife,NA,NA,NA,NA,NA,NA,NA,NA,NA,NA,23,22,NA,NA,NA,NA,NA,NA,NA,NA,NA,NA,2,Puerto Rican,1,2,2,7,728,2860,728,25.45454545,25.45454545,NA,NA,NA
3687359409-61098-017_3687359409-61098-018,NA,2,PR,PR,USA,PR,USA,NA,NA,NA,NA,NA,,,PR,PR,USA,PR,USA,NA,NA,NA,NA,NA,NA,NA,H,Wife,NA,NA,NA,NA,NA,NA,NA,NA,NA,NA,27,26,6,4,1,NA,NA,NA,NA,NA,NA,NA,5,NA,1,5,NA,NA,832,3380,832,24.61538462,24.61538462,2,2.5,1.51 or more
3687359409-61098-019_3687359409-61098-020,NA,2,PR,PR,USA,USA,USA,NA,NA,NA,NA,NA,,,PR,PR,USA,USA,USA,NA,NA,NA,NA,NA,NA,NA,Head,Son,Son,Son,Daughter,NA,NA,NA,NA,NA,NA,NA,40,12,10,9,7,NA,NA,NA,NA,NA,NA,NA,5,NA,1,5,NA,NA,910,NA,910,NA,NA,2,2.5,1.51 or more
3687359409-61098-021_3687359409-61098-022,NA,NA,PR,PR,PR,NA,NA,NA,NA,NA,NA,NA,,,PR,PR,PR,NA,NA,NA,NA,NA,NA,NA,NA,NA,Head,Son,Son,NA,NA,NA,NA,NA,NA,NA,NA,NA,45,22,17,NA,NA,NA,NA,NA,NA,NA,NA,NA,3,NA,1,3,NA,NA,1140,NA,1140,NA,NA,NA,NA,NA
3687359409-61098-023_3687359409-61098-024,NA,NA,PR,PR,PR,USA,NA,NA,NA,NA,NA,NA,,,PR,PR,PR,USA,NA,NA,NA,NA,NA,NA,NA,NA,Mother,Son,Son of 2,Son of 2,NA,NA,NA,NA,NA,NA,NA,NA,58,40,14,12,NA,NA,NA,NA,NA,NA,NA,NA,4,NA,1,4,NA,NA,584.4,2080,584.4,28.09615385,28.09615385,NA,NA,NA
3687359409-61098-025_3687359409-61098-026,NA,3,PR,PR,PR,USA,NA,NA,NA,NA,NA,NA,,,PR,PR,PR,USA,NA,NA,NA,NA,NA,NA,NA,NA,Head,Son,Son,Son,NA,NA,NA,NA,NA,NA,NA,NA,58,40,14,12,NA,NA,NA,NA,NA,NA,NA,NA,4,Puerto Rican,1,4,NA,NA,676,2080,676,32.5,32.5,3,1.333333333,1.01 to 1.50
3687359810-61099-001_3687359810-61099-002,Rooming,2,PR,USA,USA,USA,USA,USA,USA,NA,NA,NA,,,PR,USA,USA,USA,USA,USA,USA,NA,NA,NA,NA,NA,Head,Wife,Son,Daughter,Son,Son,Daughter,NA,NA,NA,NA,NA,31,31,3,2,6,8,7,NA,NA,NA,NA,NA,7,Puerto Rican,1,7,NA,3,NA,2496,NA,NA,NA,2,3.5,1.51 or more
3687359810-61099-003_3687359810-61099-004,Rooming,1.5,PR,PR,NA,NA,NA,NA,NA,NA,NA,NA,,,PR,PR,NA,NA,NA,NA,NA,NA,NA,NA,NA,NA,NA,NA,Son,Son,Daughter,Daughter,Daughter,Son,NA,NA,NA,NA,26,34,10,13,4,3,2,0,NA,NA,NA,NA,8,NA,1,8,1.5,9,NA,NA,NA,NA,NA,1.5,5.333333333,1.51 or more
3687359810-61099-005_3687359810-61099-006,Rooming,NA,NA,NA,NA,NA,NA,NA,NA,NA,NA,NA,,,NA,NA,NA,NA,NA,NA,NA,NA,NA,NA,NA,NA,NA,NA,NA,NA,NA,NA,NA,NA,NA,NA,NA,NA,NA,NA,NA,NA,NA,NA,NA,NA,NA,NA,NA,NA,NA,NA,0,NA,NA,NA,NA,NA,NA,NA,NA,NA,NA,NA
3687359810-61099-007_3687359810-61099-008,Rooming,1,PR,NA,NA,NA,NA,NA,NA,NA,NA,NA,,,PR,NA,NA,NA,NA,NA,NA,NA,NA,NA,NA,NA,H,NA,NA,NA,NA,NA,NA,NA,NA,NA,NA,NA,24,NA,NA,NA,NA,NA,NA,NA,NA,NA,NA,NA,1,NA,1,1,2,NA,NA,NA,NA,NA,NA,1,1,1.00 or less
3687359810-61099-009_3687359810-61099-010,Rooming,NA,PR,PR,NA,NA,NA,NA,NA,NA,NA,NA,,,PR,PR,NA,NA,NA,NA,NA,NA,NA,NA,NA,NA,Head,Husband,NA,NA,NA,NA,NA,NA,NA,NA,NA,NA,46,40,NA,NA,NA,NA,NA,NA,NA,NA,NA,NA,2,Puerto Rican,1,2,5,8,NA,2340,NA,NA,NA,NA,NA,NA
3687359810-61099-011_3687359810-61099-012,Rooming,NA,NA,NA,NA,NA,NA,NA,NA,NA,NA,NA,,,NA,NA,NA,NA,NA,NA,NA,NA,NA,NA,NA,NA,Brother,Brother,NA,NA,NA,NA,NA,NA,NA,NA,NA,NA,78,76,NA,NA,NA,NA,NA,NA,NA,NA,NA,NA,2,NA,0,0,NA,NA,NA,NA,NA,NA,NA,NA,NA,NA
3687359810-61099-013_3687359810-61099-014,Rooming,2,PR,NA,NA,NA,NA,NA,NA,NA,NA,NA,,,PR,NA,NA,NA,NA,NA,NA,NA,NA,NA,NA,NA,Head,NA,NA,NA,NA,NA,NA,NA,NA,NA,NA,NA,22,NA,NA,NA,NA,NA,NA,NA,NA,NA,NA,NA,1,Puerto Rican,1,1,NA,5,NA,NA,NA,NA,NA,2,0.5,1.00 or less
3687360195-61100-001_3687360195-61100-002,NA,2.5,PR,PR,PR,PR,PR,NA,NA,NA,NA,NA,,,PR,PR,PR,PR,PR,NA,NA,NA,NA,NA,NA,NA,Head,Wife,Son,Daughter,Daughter,NA,NA,NA,NA,NA,NA,NA,46,34,14,13,12,NA,NA,NA,NA,NA,NA,NA,5,Puerto Rican,1,5,NA,6.5,715,2496,715,28.64583333,28.64583333,2.5,2,1.51 or more
3687360195-61100-003_3687360195-61100-004,NA,2,PR,PR,PR,USA,NA,NA,NA,NA,NA,NA,,,PR,PR,PR,USA,NA,NA,NA,NA,NA,NA,NA,NA,Head,Wife,Son,Son,NA,NA,NA,NA,NA,NA,NA,NA,40,30,3,2,NA,NA,NA,NA,NA,NA,NA,NA,4,Puerto Rican,1,4,2,3,728,2080,728,35,35,2,2,1.51 or more
3687360195-61100-005_3687360195-61100-006,NA,NA,NA,NA,NA,NA,NA,NA,NA,NA,NA,NA,,,NA,NA,NA,NA,NA,NA,NA,NA,NA,NA,NA,NA,H,Wife,Son,NA,NA,NA,NA,NA,NA,NA,NA,NA,22,19,2,NA,NA,NA,NA,NA,NA,NA,NA,NA,3,NA,0,0,NA,NA,728,4628,728,15.73033708,15.73033708,NA,NA,NA
3687360195-61100-007_3687360195-61100-008,NA,2,PR,PR,PR,PR,NA,NA,NA,NA,NA,NA,,,PR,PR,PR,PR,NA,NA,NA,NA,NA,NA,NA,NA,Head,Wife,Son,Daughter,NA,NA,NA,NA,NA,NA,NA,NA,49,38,20,16,NA,NA,NA,NA,NA,NA,NA,NA,4,Puerto Rican,1,4,5,5,780,1170,780,66.66666667,66.66666667,2,2,1.51 or more
3687360195-61100-009_3687360195-61100-010,NA,1,PR,NA,NA,NA,NA,NA,NA,NA,NA,NA,,,PR,NA,NA,NA,NA,NA,NA,NA,NA,NA,NA,NA,Head,NA,NA,NA,NA,NA,NA,NA,NA,NA,NA,NA,30,NA,NA,NA,NA,NA,NA,NA,NA,NA,NA,NA,1,NA,1,1,4,6,312,2080,312,15,15,1,1,1.00 or less
3687360195-61100-011_3687360195-61100-012,Rooming,NA,PR,USA,NA,NA,NA,NA,NA,NA,NA,NA,,,PR,USA,NA,NA,NA,NA,NA,NA,NA,NA,NA,NA,Head,Daughter,NA,NA,NA,NA,NA,NA,NA,NA,NA,NA,51,6,NA,NA,NA,NA,NA,NA,NA,NA,NA,NA,2,NA,1,2,4,7,832,NA,832,NA,NA,NA,NA,NA
3687360195-61100-013_3687360195-61100-014,NA,2,PR,PR,PR,PR,PR,PR,NA,NA,NA,NA,,,PR,PR,PR,PR,PR,PR,NA,NA,NA,NA,NA,NA,Head,Wife,Son,Daughter,Son,Daughter,NA,NA,NA,NA,NA,NA,46,34,18,11,12,12,NA,NA,NA,NA,NA,NA,6,Puerto Rican,1,6,6,8,NA,1825,NA,NA,NA,2,3,1.51 or more
3687360195-61100-015_3687360195-61100-016,NA,1.5,PR,PR,USA,USA,USA,USA,NA,NA,NA,NA,,,PR,PR,USA,USA,USA,USA,NA,NA,NA,NA,NA,NA,Head,Wife,Son,Son,Son,Daughter,NA,NA,NA,NA,NA,NA,7,34,6,5,2,1,NA,NA,NA,NA,NA,NA,6,NA,1,6,1.5,8,780,3328,780,23.4375,23.4375,1.5,4,1.51 or more
3687360195-61100-017_3687360195-61100-018,NA,1,PR,PR,NA,NA,NA,NA,NA,NA,NA,NA,,,PR,PR,NA,NA,NA,NA,NA,NA,NA,NA,NA,NA,Head,Wife,NA,NA,NA,NA,NA,NA,NA,NA,NA,NA,30,25,NA,NA,NA,NA,NA,NA,NA,NA,NA,NA,2,Puerto Rican,1,2,0.416666667,7,780,3120,780,25,25,1,2,1.51 or more
3687360195-61100-019_3687360195-61100-020,NA,2,PR,PR,PR,USA,USA,USA,USA,NA,NA,NA,,,PR,PR,PR,USA,USA,USA,USA,NA,NA,NA,NA,NA,Head,Wife,Son,Son,Daughter,Son,Son,NA,NA,NA,NA,NA,26,22,5,4,3,2,1,NA,NA,NA,NA,NA,7,Puerto Rican,1,7,NA,5,728,NA,728,NA,NA,2,3.5,1.51 or more
3687360195-61100-021_3687360195-61100-022,NA,2,PR,PR,PR,PR,USA,NA,NA,NA,NA,NA,,,PR,PR,PR,PR,USA,NA,NA,NA,NA,NA,NA,NA,Head,Wife,Son,Daughter,Daughter,NA,NA,NA,NA,NA,NA,NA,33,37,8,5,3,NA,NA,NA,NA,NA,NA,NA,5,Puerto Rican,1,5,4,7,728,2704,728,26.92307692,26.92307692,2,2.5,1.51 or more
3687360195-61100-023_3687360195-61100-024,NA,1.5,PR,USA,USA,NA,NA,NA,NA,NA,NA,NA,,,PR,USA,USA,NA,NA,NA,NA,NA,NA,NA,NA,NA,Head,Daughter,Daughter,NA,NA,NA,NA,NA,NA,NA,NA,NA,36,8,6,NA,NA,NA,NA,NA,NA,NA,NA,NA,3,NA,1,3,6,8,559,NA,559,NA,NA,1.5,2,1.51 or more
3687360700-61101-001_3687360700-61101-002,Rooming,NA,NA,NA,NA,NA,NA,NA,NA,NA,NA,NA,,,NA,NA,NA,NA,NA,NA,NA,NA,NA,NA,NA,NA,NA,NA,NA,NA,NA,NA,NA,NA,NA,NA,NA,NA,NA,NA,NA,NA,NA,NA,NA,NA,NA,NA,NA,NA,NA,NA,0,NA,NA,NA,NA,NA,NA,NA,NA,NA,NA,NA
3687360700-61101-003_3687360700-61101-004,Rooming,NA,NA,NA,NA,NA,NA,NA,NA,NA,NA,NA,,,NA,NA,NA,NA,NA,NA,NA,NA,NA,NA,NA,NA,NA,NA,NA,NA,NA,NA,NA,NA,NA,NA,NA,NA,NA,NA,NA,NA,NA,NA,NA,NA,NA,NA,NA,NA,NA,NA,0,NA,NA,NA,NA,NA,NA,NA,NA,NA,NA,NA
3687360700-61101-005_3687360700-61101-006,Rooming,NA,NA,NA,NA,NA,NA,NA,NA,NA,NA,NA,,,NA,NA,NA,NA,NA,NA,NA,NA,NA,NA,NA,NA,NA,NA,NA,NA,NA,NA,NA,NA,NA,NA,NA,NA,NA,NA,NA,NA,NA,NA,NA,NA,NA,NA,NA,NA,NA,NA,0,NA,NA,NA,NA,NA,NA,NA,NA,NA,NA,NA
3687360700-61101-007_3687360700-61101-008,Rooming,NA,Japan,Japan,NA,NA,NA,NA,NA,NA,NA,NA,,,Asia,Asia,NA,NA,NA,NA,NA,NA,NA,NA,NA,NA,H,Wife,NA,NA,NA,NA,NA,NA,NA,NA,NA,NA,58,63,NA,NA,NA,NA,NA,NA,NA,NA,NA,NA,2,NA,0,0,NA,NA,720,3900,720,18.46153846,18.46153846,NA,NA,NA
3687360700-61101-009_3687360700-61101-010,Rooming,NA,NA,NA,NA,NA,NA,NA,NA,NA,NA,NA,,,NA,NA,NA,NA,NA,NA,NA,NA,NA,NA,NA,NA,NA,NA,NA,NA,NA,NA,NA,NA,NA,NA,NA,NA,NA,NA,NA,NA,NA,NA,NA,NA,NA,NA,NA,NA,NA,NA,0,NA,NA,NA,NA,NA,NA,NA,NA,NA,NA,NA
3687360700-61101-011_3687360700-61101-012,Rooming,NA,NA,NA,NA,NA,NA,NA,NA,NA,NA,NA,,,NA,NA,NA,NA,NA,NA,NA,NA,NA,NA,NA,NA,NA,NA,NA,NA,NA,NA,NA,NA,NA,NA,NA,NA,NA,NA,NA,NA,NA,NA,NA,NA,NA,NA,NA,NA,NA,NA,0,NA,NA,NA,NA,NA,NA,NA,NA,NA,NA,NA
3687360700-61101-013_3687360700-61101-014,Rooming,NA,NA,NA,NA,NA,NA,NA,NA,NA,NA,NA,,,NA,NA,NA,NA,NA,NA,NA,NA,NA,NA,NA,NA,NA,NA,NA,NA,NA,NA,NA,NA,NA,NA,NA,NA,NA,NA,NA,NA,NA,NA,NA,NA,NA,NA,NA,NA,NA,NA,0,NA,NA,NA,NA,NA,NA,NA,NA,NA,NA,NA
3687360700-61101-015_3687360700-61101-016,Rooming,NA,NA,NA,NA,NA,NA,NA,NA,NA,NA,NA,,,NA,NA,NA,NA,NA,NA,NA,NA,NA,NA,NA,NA,NA,NA,NA,NA,NA,NA,NA,NA,NA,NA,NA,NA,NA,NA,NA,NA,NA,NA,NA,NA,NA,NA,NA,NA,NA,NA,0,NA,NA,NA,NA,NA,NA,NA,NA,NA,NA,NA
3687360700-61101-017_3687360700-61101-018,Rooming,NA,NA,NA,NA,NA,NA,NA,NA,NA,NA,NA,,,NA,NA,NA,NA,NA,NA,NA,NA,NA,NA,NA,NA,NA,NA,NA,NA,NA,NA,NA,NA,NA,NA,NA,NA,NA,NA,NA,NA,NA,NA,NA,NA,NA,NA,NA,NA,NA,NA,0,NA,NA,NA,NA,NA,NA,NA,NA,NA,NA,NA
3687360700-61101-019_3687360700-61101-020,Rooming,NA,NA,NA,NA,NA,NA,NA,NA,NA,NA,NA,,,NA,NA,NA,NA,NA,NA,NA,NA,NA,NA,NA,NA,NA,NA,NA,NA,NA,NA,NA,NA,NA,NA,NA,NA,NA,NA,NA,NA,NA,NA,NA,NA,NA,NA,NA,NA,NA,NA,0,NA,NA,NA,NA,NA,NA,NA,NA,NA,NA,NA
3687360700-61101-021_3687360700-61101-022,Rooming,NA,NA,NA,NA,NA,NA,NA,NA,NA,NA,NA,,,NA,NA,NA,NA,NA,NA,NA,NA,NA,NA,NA,NA,NA,NA,NA,NA,NA,NA,NA,NA,NA,NA,NA,NA,NA,NA,NA,NA,NA,NA,NA,NA,NA,NA,NA,NA,NA,NA,0,NA,NA,NA,NA,NA,NA,NA,NA,NA,NA,NA
3687360700-61101-023_3687360700-61101-024,Rooming,NA,NA,NA,NA,NA,NA,NA,NA,NA,NA,NA,,,NA,NA,NA,NA,NA,NA,NA,NA,NA,NA,NA,NA,NA,NA,NA,NA,NA,NA,NA,NA,NA,NA,NA,NA,NA,NA,NA,NA,NA,NA,NA,NA,NA,NA,NA,NA,NA,NA,0,NA,NA,NA,NA,NA,NA,NA,NA,NA,NA,NA
3687360700-61101-025_3687360700-61101-026,Rooming,NA,NA,NA,NA,NA,NA,NA,NA,NA,NA,NA,,,NA,NA,NA,NA,NA,NA,NA,NA,NA,NA,NA,NA,NA,NA,NA,NA,NA,NA,NA,NA,NA,NA,NA,NA,NA,NA,NA,NA,NA,NA,NA,NA,NA,NA,NA,NA,NA,NA,0,NA,NA,NA,NA,NA,NA,NA,NA,NA,NA,NA
3687360700-61101-027_3687360700-61101-028,Rooming,NA,NA,NA,NA,NA,NA,NA,NA,NA,NA,NA,,,NA,NA,NA,NA,NA,NA,NA,NA,NA,NA,NA,NA,NA,NA,NA,NA,NA,NA,NA,NA,NA,NA,NA,NA,NA,NA,NA,NA,NA,NA,NA,NA,NA,NA,NA,NA,NA,NA,0,NA,NA,NA,NA,NA,NA,NA,NA,NA,NA,NA
3687360700-61101-029_3687360700-61101-030,Rooming,NA,NA,NA,NA,NA,NA,NA,NA,NA,NA,NA,,,NA,NA,NA,NA,NA,NA,NA,NA,NA,NA,NA,NA,NA,NA,NA,NA,NA,NA,NA,NA,NA,NA,NA,NA,NA,NA,NA,NA,NA,NA,NA,NA,NA,NA,NA,NA,NA,NA,0,NA,NA,NA,NA,NA,NA,NA,NA,NA,NA,NA
3687360700-61101-031_3687360700-61101-032,Rooming,NA,NA,NA,NA,NA,NA,NA,NA,NA,NA,NA,,,NA,NA,NA,NA,NA,NA,NA,NA,NA,NA,NA,NA,NA,NA,NA,NA,NA,NA,NA,NA,NA,NA,NA,NA,NA,NA,NA,NA,NA,NA,NA,NA,NA,NA,NA,NA,NA,NA,0,NA,NA,NA,NA,NA,NA,NA,NA,NA,NA,NA
3687360700-61101-033_3687360700-61101-034,Rooming,NA,NA,NA,NA,NA,NA,NA,NA,NA,NA,NA,,,NA,NA,NA,NA,NA,NA,NA,NA,NA,NA,NA,NA,NA,NA,NA,NA,NA,NA,NA,NA,NA,NA,NA,NA,NA,NA,NA,NA,NA,NA,NA,NA,NA,NA,NA,NA,NA,NA,0,NA,NA,NA,NA,NA,NA,NA,NA,NA,NA,NA
3687360700-61101-035_3687360700-61101-036,Rooming,NA,NA,NA,NA,NA,NA,NA,NA,NA,NA,NA,,,NA,NA,NA,NA,NA,NA,NA,NA,NA,NA,NA,NA,NA,NA,NA,NA,NA,NA,NA,NA,NA,NA,NA,NA,NA,NA,NA,NA,NA,NA,NA,NA,NA,NA,NA,NA,NA,NA,0,NA,NA,NA,NA,NA,NA,NA,NA,NA,NA,NA
3687360700-61101-037_3687360700-61101-038,Rooming,NA,NA,NA,NA,NA,NA,NA,NA,NA,NA,NA,,,NA,NA,NA,NA,NA,NA,NA,NA,NA,NA,NA,NA,NA,NA,NA,NA,NA,NA,NA,NA,NA,NA,NA,NA,NA,NA,NA,NA,NA,NA,NA,NA,NA,NA,NA,NA,NA,NA,0,NA,NA,NA,NA,NA,NA,NA,NA,NA,NA,NA
3687360700-61101-039_3687360700-61101-040,Rooming,NA,NA,NA,NA,NA,NA,NA,NA,NA,NA,NA,,,NA,NA,NA,NA,NA,NA,NA,NA,NA,NA,NA,NA,NA,NA,NA,NA,NA,NA,NA,NA,NA,NA,NA,NA,NA,NA,NA,NA,NA,NA,NA,NA,NA,NA,NA,NA,NA,NA,0,NA,NA,NA,NA,NA,NA,NA,NA,NA,NA,NA
3687360700-61101-041_3687360700-61101-042,Rooming,1,NA,NA,NA,NA,NA,NA,NA,NA,NA,NA,,,NA,NA,NA,NA,NA,NA,NA,NA,NA,NA,NA,NA,NA,NA,NA,NA,NA,NA,NA,NA,NA,NA,NA,NA,NA,NA,NA,NA,NA,NA,NA,NA,NA,NA,NA,NA,NA,NA,0,NA,NA,NA,NA,NA,NA,NA,NA,NA,NA,NA
3687360700-61101-043_3687360700-61101-044,Rooming,1,NA,NA,NA,NA,NA,NA,NA,NA,NA,NA,,,NA,NA,NA,NA,NA,NA,NA,NA,NA,NA,NA,NA,NA,NA,NA,NA,NA,NA,NA,NA,NA,NA,NA,NA,NA,NA,NA,NA,NA,NA,NA,NA,NA,NA,NA,NA,NA,NA,0,NA,NA,NA,NA,NA,NA,NA,NA,NA,NA,NA
3687361245-61102-001_3687361245-61102-002,Apartment,3,Greece,USA,USA,NA,NA,NA,NA,NA,NA,NA,,,Europe,USA,USA,NA,NA,NA,NA,NA,NA,NA,NA,NA,Head,Wife,Son,NA,NA,NA,NA,NA,NA,NA,NA,NA,25,20,2,NA,NA,NA,NA,NA,NA,NA,NA,NA,3,White,0,0,3,NA,674.4,2400,854.4,28.1,35.6,3,1,1.00 or less
3687361245-61102-003_3687361245-61102-004,Apartment,2,USA,Hungary,NA,NA,NA,NA,NA,NA,NA,NA,,,USA,Europe,NA,NA,NA,NA,NA,NA,NA,NA,NA,NA,Husband,Wife,NA,NA,NA,NA,NA,NA,NA,NA,NA,NA,63,47,NA,NA,NA,NA,NA,NA,NA,NA,NA,NA,2,White,0,0,NA,62,480,NA,552,NA,NA,2,1,1.00 or less
3687361245-61102-005_3687361245-61102-006,Apartment,2,USA,Hungary,NA,NA,NA,NA,NA,NA,NA,NA,,,USA,Europe,NA,NA,NA,NA,NA,NA,NA,NA,NA,NA,Head,Wife,NA,NA,NA,NA,NA,NA,NA,NA,NA,NA,63,47,NA,NA,NA,NA,NA,NA,NA,NA,NA,NA,2,White,0,0,7,NA,480,7020,540,6.837606838,7.692307692,2,1,1.00 or less
3687361245-61102-007_3687361245-61102-008,Apartment,2.5,NA,NA,NA,NA,NA,NA,NA,NA,NA,NA,,,NA,NA,NA,NA,NA,NA,NA,NA,NA,NA,NA,NA,H,Wife,Daughter,Daughter,Son,Daughter,Son,NA,NA,NA,NA,NA,25,38,5,4,2,3,1,NA,NA,NA,NA,NA,7,NA,0,0,0.75,8,480,NA,480,NA,NA,2.5,2.8,1.51 or more
3687361245-61102-009_3687361245-61102-010,Apartment,2,Brazil,PR,NA,NA,NA,NA,NA,NA,NA,NA,,,Lat. Am.,PR,NA,NA,NA,NA,NA,NA,NA,NA,NA,NA,Head,Wife,NA,NA,NA,NA,NA,NA,NA,NA,NA,NA,41,46,NA,NA,NA,NA,NA,NA,NA,NA,NA,NA,2,White,1,2,3,15,576,NA,576,NA,NA,2,1,1.00 or less
3687361245-61102-011_3687361245-61102-012,Apartment,3,Germany,USA,NA,NA,NA,NA,NA,NA,NA,NA,,,Europe,USA,NA,NA,NA,NA,NA,NA,NA,NA,NA,NA,H,R,NA,NA,NA,NA,NA,NA,NA,NA,NA,NA,61,59,NA,NA,NA,NA,NA,NA,NA,NA,NA,NA,2,White,0,0,20,44,696,5200,696,13.38461538,13.38461538,3,0.666666667,1.00 or less
3687361245-61102-013_3687361245-61102-014,Apartment,3,USA,USA,USA,USA,USA,NA,NA,NA,NA,NA,,,USA,USA,USA,USA,USA,NA,NA,NA,NA,NA,NA,NA,Head,Daughter,Son,Son,Daughter,NA,NA,NA,NA,NA,NA,NA,34,8,7,4,3,NA,NA,NA,NA,NA,NA,NA,5,NA,0,0,NA,NA,NA,NA,NA,NA,NA,3,1.666666667,1.51 or more
3687361245-61102-015_3687361245-61102-016,Apartment,1.5,USA,NA,NA,NA,NA,NA,NA,NA,NA,NA,,,USA,NA,NA,NA,NA,NA,NA,NA,NA,NA,NA,NA,Head,NA,NA,NA,NA,NA,NA,NA,NA,NA,NA,NA,71,NA,NA,NA,NA,NA,NA,NA,NA,NA,NA,NA,1,White,0,0,1.5,32,555,463.2,555,119.8186528,119.8186528,1.5,0.666666667,1.00 or less
3687361245-61102-017_3687361245-61102-018,Apartment,NA,NA,NA,NA,NA,NA,NA,NA,NA,NA,NA,,,NA,NA,NA,NA,NA,NA,NA,NA,NA,NA,NA,NA,M,NA,NA,NA,NA,NA,NA,NA,NA,NA,NA,NA,NA,NA,NA,NA,NA,NA,NA,NA,NA,NA,NA,NA,1,NA,0,0,NA,NA,NA,NA,NA,NA,NA,NA,NA,NA
3687361245-61102-019_3687361245-61102-020,Apartment,3,NA,NA,NA,NA,NA,NA,NA,NA,NA,NA,,,NA,NA,NA,NA,NA,NA,NA,NA,NA,NA,NA,NA,NA,NA,NA,NA,NA,NA,NA,NA,NA,NA,NA,NA,NA,NA,NA,NA,NA,NA,NA,NA,NA,NA,NA,NA,NA,NA,0,NA,NA,NA,636,NA,636,NA,NA,NA,NA,NA
3687361245-61102-021_3687361245-61102-022,Apartment,3,PR,USA,PR,NA,NA,NA,NA,NA,NA,NA,,,PR,USA,PR,NA,NA,NA,NA,NA,NA,NA,NA,NA,Mother,Son,Husband,NA,NA,NA,NA,NA,NA,NA,NA,NA,50,32,26,NA,NA,NA,NA,NA,NA,NA,NA,NA,3,Puerto Rican,1,3,1,35,NA,5200,NA,NA,NA,3,1,1.00 or less
3687361245-61102-023_3687361245-61102-024,Apartment,2.5,Canada,NA,NA,NA,NA,NA,NA,NA,NA,NA,,,Nrth. Am.,NA,NA,NA,NA,NA,NA,NA,NA,NA,NA,NA,NA,NA,NA,NA,NA,NA,NA,NA,NA,NA,NA,NA,NA,NA,NA,NA,NA,NA,NA,NA,NA,NA,NA,NA,1,White,0,0,5,32,552,4680,552,11.79487179,11.79487179,2.5,0.4,1.00 or less
3687361245-61102-025_3687361245-61102-026,Apartment,3,USA,USA,USA,NA,NA,NA,NA,NA,NA,NA,,,USA,USA,USA,NA,NA,NA,NA,NA,NA,NA,NA,NA,Head,Wife,Son,NA,NA,NA,NA,NA,NA,NA,NA,NA,26,18,1,NA,NA,NA,NA,NA,NA,NA,NA,NA,3,White,0,0,NA,NA,796.8,2444,976.8,32.60229133,39.96726678,3,1,1.00 or less
3687361245-61102-027_3687361245-61102-028,Apartment,3,Panama,NA,NA,NA,NA,NA,NA,NA,NA,NA,,,Lat. Am.,NA,NA,NA,NA,NA,NA,NA,NA,NA,NA,NA,Head,NA,NA,NA,NA,NA,NA,NA,NA,NA,NA,NA,55,NA,NA,NA,NA,NA,NA,NA,NA,NA,NA,NA,1,White,0,0,0.5,40,636,2500,708,25.44,28.32,3,0.333333333,1.00 or less
3687361245-61102-029_3687361245-61102-030,Apartment,3,USA,USA,NA,NA,NA,NA,NA,NA,NA,NA,,,USA,USA,NA,NA,NA,NA,NA,NA,NA,NA,NA,NA,H,Son,NA,NA,NA,NA,NA,NA,NA,NA,NA,NA,52,18,NA,NA,NA,NA,NA,NA,NA,NA,NA,NA,2,White,0,0,19,26,720,5720,852,12.58741259,14.8951049,3,0.666666667,1.00 or less
3687361245-61102-031_3687361245-61102-032,Apartment,3,USA,USA,NA,NA,NA,NA,NA,NA,NA,NA,,,USA,USA,NA,NA,NA,NA,NA,NA,NA,NA,NA,NA,Head,Son,NA,NA,NA,NA,NA,NA,NA,NA,NA,NA,52,18,NA,NA,NA,NA,NA,NA,NA,NA,NA,NA,2,NA,0,0,18,NA,720,5200,900,13.84615385,17.30769231,3,0.666666667,1.00 or less
3687361245-61102-033_3687361245-61102-034,Apartment,3,Austria,USA,NA,NA,NA,NA,NA,NA,NA,NA,,,Europe,USA,NA,NA,NA,NA,NA,NA,NA,NA,NA,NA,NA,NA,NA,NA,NA,NA,NA,NA,NA,NA,NA,NA,54,45,NA,NA,NA,NA,NA,NA,NA,NA,NA,NA,2,White,0,0,13,35,696,4316,696,16.12604263,16.12604263,3,0.666666667,1.00 or less
3687361245-61102-035_3687361245-61102-036,Apartment,1.5,USA,NA,NA,NA,NA,NA,NA,NA,NA,NA,,,USA,NA,NA,NA,NA,NA,NA,NA,NA,NA,NA,NA,Head,NA,NA,NA,NA,NA,NA,NA,NA,NA,NA,NA,67,NA,NA,NA,NA,NA,NA,NA,NA,NA,NA,NA,1,White,0,0,16,74,441.6,3276,501.6,13.47985348,15.31135531,1.5,0.666666667,1.00 or less
3687361245-61102-037_3687361245-61102-038,Apartment,3,NA,NA,NA,NA,NA,NA,NA,NA,NA,NA,,,NA,NA,NA,NA,NA,NA,NA,NA,NA,NA,NA,NA,NA,NA,NA,NA,NA,NA,NA,NA,NA,NA,NA,NA,NA,NA,NA,NA,NA,NA,NA,NA,NA,NA,NA,NA,NA,NA,0,NA,NA,NA,756,NA,756,NA,NA,NA,NA,NA
3687361245-61102-039_3687361245-61102-040,Apartment,3,Cuba,Cuba,NA,NA,NA,NA,NA,NA,NA,NA,,,Caribbean,Caribbean,NA,NA,NA,NA,NA,NA,NA,NA,NA,NA,Head,Mother of 1,NA,NA,NA,NA,NA,NA,NA,NA,NA,NA,46,67,NA,NA,NA,NA,NA,NA,NA,NA,NA,NA,2,NA,0,0,4,14,720,3848,852,18.71101871,22.14137214,3,0.666666667,1.00 or less
3687361245-61102-041_3687361245-61102-042,Apartment,2,Russia,NA,NA,NA,NA,NA,NA,NA,NA,NA,,,Europe,NA,NA,NA,NA,NA,NA,NA,NA,NA,NA,NA,Head,NA,NA,NA,NA,NA,NA,NA,NA,NA,NA,NA,58,NA,NA,NA,NA,NA,NA,NA,NA,NA,NA,NA,1,White,0,0,5,18,479.4,1800,587.4,26.63333333,32.63333333,2,0.5,1.00 or less
3687361245-61102-043_3687361245-61102-044,Apartment,3,USA,NA,NA,NA,NA,NA,NA,NA,NA,NA,,,USA,NA,NA,NA,NA,NA,NA,NA,NA,NA,NA,NA,NA,NA,NA,NA,NA,NA,NA,NA,NA,NA,NA,NA,52,NA,NA,NA,NA,NA,NA,NA,NA,NA,NA,NA,1,White,0,0,19,27,768,4000,768,19.2,19.2,3,0.333333333,1.00 or less
3687361245-61102-045_3687361245-61102-046,Apartment,2,Italy,NA,NA,NA,NA,NA,NA,NA,NA,NA,,,Europe,NA,NA,NA,NA,NA,NA,NA,NA,NA,NA,NA,Head,NA,NA,NA,NA,NA,NA,NA,NA,NA,NA,NA,46,NA,NA,NA,NA,NA,NA,NA,NA,NA,NA,NA,1,White,0,0,2,19,660,2860,720,23.07692308,25.17482517,2,0.5,1.00 or less
3687361245-61102-047_3687361245-61102-048,Apartment,3,USA,USA,USA,USA,NA,NA,NA,NA,NA,NA,,,USA,USA,USA,USA,NA,NA,NA,NA,NA,NA,NA,NA,Head,Son,Son,Son,NA,NA,NA,NA,NA,NA,NA,NA,43,22,20,18,NA,NA,NA,NA,NA,NA,NA,NA,4,White,0,0,3,20,693,6240,921,11.10576923,14.75961538,3,1.333333333,1.01 to 1.50
3687361245-61102-049_3687361245-61102-050,Apartment,2,,NA,NA,NA,NA,NA,NA,NA,NA,NA,,,NA,NA,NA,NA,NA,NA,NA,NA,NA,NA,NA,NA,Head,NA,NA,NA,NA,NA,NA,NA,NA,NA,NA,NA,30,NA,NA,NA,NA,NA,NA,NA,NA,NA,NA,NA,1,NA,0,0,2.5,6,523.2,6240,631.2,8.384615385,10.11538462,2,0.5,1.00 or less
3687361245-61102-051_3687361245-61102-052,Apartment,1.5,Germany,NA,NA,NA,NA,NA,NA,NA,NA,NA,,,Europe,NA,NA,NA,NA,NA,NA,NA,NA,NA,NA,NA,Head,NA,NA,NA,NA,NA,NA,NA,NA,NA,NA,NA,61,NA,NA,NA,NA,NA,NA,NA,NA,NA,NA,NA,1,White,0,0,7,10,558,2600,600,21.46153846,23.07692308,1.5,0.666666667,1.00 or less
3687361245-61102-053_3687361245-61102-054,Apartment,3,PR,USA,USA,USA,NA,NA,NA,NA,NA,NA,,,PR,USA,USA,USA,NA,NA,NA,NA,NA,NA,NA,NA,Head,Son,Daughter,Daughter,NA,NA,NA,NA,NA,NA,NA,NA,31,4,2,1,NA,NA,NA,NA,NA,NA,NA,NA,4,NA,1,4,1.17,6,768,780,768,98.46153846,98.46153846,3,1.333333333,1.01 to 1.50
3687361616-61103-001_3687361616-61103-002,Apartment,4,PR,PR,PR,PR,PR,PR,PR,NA,NA,NA,,,PR,PR,PR,PR,PR,PR,PR,NA,NA,NA,NA,NA,Mother,Son,Daughter,Daughter,Son,Son,Son,NA,NA,NA,NA,NA,47,33,30,14,11,7,6,NA,NA,NA,NA,NA,7,Puerto Rican,1,7,2,3,583.44,6292,685.44,9.272727273,10.89383344,4,1.75,1.51 or more
3687361616-61103-003_3687361616-61103-004,Apartment,4,PR,PR,PR,PR,NA,NA,NA,NA,NA,NA,,,PR,PR,PR,PR,NA,NA,NA,NA,NA,NA,NA,NA,H,Wife,Son,Daughter,NA,NA,NA,NA,NA,NA,NA,NA,38,39,9,7,NA,NA,NA,NA,NA,NA,NA,NA,4,Puerto Rican,1,4,6,9.5,476.16,2860,536.16,16.64895105,18.74685315,4,1,1.00 or less
3687361616-61103-005_3687361616-61103-006,Apartment,3,PR,PR,USA,PR,NA,NA,NA,NA,NA,NA,,,PR,PR,USA,PR,NA,NA,NA,NA,NA,NA,NA,NA,Head,Sister,Husband,Wife of 1,NA,NA,NA,NA,NA,NA,NA,NA,28,21,20,20,NA,NA,NA,NA,NA,NA,NA,NA,4,Puerto Rican mix,1,4,NA,NA,354.6,9170.2,354.6,3.866873133,3.866873133,3,1.333333333,1.01 to 1.50
3687361616-61103-007_3687361616-61103-008,Rooming,2,PR,PR,NA,NA,NA,NA,NA,NA,NA,NA,,,PR,PR,NA,NA,NA,NA,NA,NA,NA,NA,NA,NA,H,Wife,NA,NA,NA,NA,NA,NA,NA,NA,NA,NA,25,20,NA,NA,NA,NA,NA,NA,NA,NA,NA,NA,2,NA,1,2,NA,NA,831.96,4940,831.96,16.84129555,16.84129555,2,1,1.00 or less
3687361616-61103-009_3687361616-61103-010,Apartment,2.5,PR,PR,PR,NA,NA,NA,NA,NA,NA,NA,,,PR,PR,PR,NA,NA,NA,NA,NA,NA,NA,NA,NA,Head,Son,Husband,NA,NA,NA,NA,NA,NA,NA,NA,NA,38,14,60,NA,NA,NA,NA,NA,NA,NA,NA,NA,3,Puerto Rican,1,3,4,5,317.4,5944,317.4,5.339838493,5.339838493,2.5,1.2,1.01 to 1.50
3687361616-61103-011_3687361616-61103-012,Apartment,2,PR,PR,NA,NA,NA,NA,NA,NA,NA,NA,,,PR,PR,NA,NA,NA,NA,NA,NA,NA,NA,NA,NA,Husband,Wife,NA,NA,NA,NA,NA,NA,NA,NA,NA,NA,43,32,NA,NA,NA,NA,NA,NA,NA,NA,NA,NA,2,Puerto Rican,1,2,0.08,6,453,5200,531,8.711538462,10.21153846,2,1,1.00 or less
3687361616-61103-013_3687361616-61103-014,Apartment,3.5,PR,PR,NA,NA,NA,NA,NA,NA,NA,NA,,,PR,PR,NA,NA,NA,NA,NA,NA,NA,NA,NA,NA,Husband,Wife,NA,NA,NA,NA,NA,NA,NA,NA,NA,NA,43,30,NA,NA,NA,NA,NA,NA,NA,NA,NA,NA,2,Puerto Rican,1,2,0.17,3,405.36,NA,405.36,NA,NA,3.5,0.571428571,1.00 or less
3687361616-61103-015_3687361616-61103-016,Apartment,2,NA,PR,NA,NA,NA,NA,NA,NA,NA,NA,,,NA,PR,NA,NA,NA,NA,NA,NA,NA,NA,NA,NA,Head,Mother,NA,NA,NA,NA,NA,NA,NA,NA,NA,NA,7,65,NA,NA,NA,NA,NA,NA,NA,NA,NA,NA,2,NA,1,2,NA,37,327,NA,327,NA,NA,2,1,1.00 or less
3687361616-61103-017_3687361616-61103-018,Apartment,4,Ireland,NA,NA,NA,NA,NA,NA,NA,NA,NA,,,Europe,NA,NA,NA,NA,NA,NA,NA,NA,NA,NA,NA,H,NA,NA,NA,NA,NA,NA,NA,NA,NA,NA,NA,75,NA,NA,NA,NA,NA,NA,NA,NA,NA,NA,NA,1,White,0,0,14,56,414,4540.55,474,9.117838147,10.43926397,4,0.25,1.00 or less
3687361616-61103-019_3687361616-61103-020,Rooming,2,PR,PR,NA,NA,NA,NA,NA,NA,NA,NA,,,PR,PR,NA,NA,NA,NA,NA,NA,NA,NA,NA,NA,Head,Wife,NA,NA,NA,NA,NA,NA,NA,NA,NA,NA,27,23,NA,NA,NA,NA,NA,NA,NA,NA,NA,NA,2,Puerto Rican,1,2,1,5,NA,1352,NA,NA,NA,2,1,1.00 or less
3687361616-61103-021_3687361616-61103-022,Rooming,5,PR,PR,PR,PR,PR,PR,NA,NA,NA,NA,,,PR,PR,PR,PR,PR,PR,NA,NA,NA,NA,NA,NA,H,Wife,Daughter,Daughter,Daughter,Daughter,NA,NA,NA,NA,NA,NA,37,39,15,13,11,10,NA,NA,NA,NA,NA,NA,6,Puerto Rican,1,6,5,10,547.44,NA,637.44,NA,NA,5,1.2,1.01 to 1.50
3687361616-61103-023_3687361616-61103-024,Apartment,4,PR,PR,USA,NA,NA,NA,NA,NA,NA,NA,,,PR,PR,USA,NA,NA,NA,NA,NA,NA,NA,NA,NA,H,Wife,Son,NA,NA,NA,NA,NA,NA,NA,NA,NA,34,31,4,NA,NA,NA,NA,NA,NA,NA,NA,NA,3,Puerto Rican,1,3,3,7,547.44,2600,589.44,21.05538462,22.67076923,4,0.75,1.00 or less
3687361616-61103-025_3687361616-61103-026,Apartment,5,PR,PR,USA,USA,USA,USA,NA,NA,NA,NA,,,PR,PR,USA,USA,USA,USA,NA,NA,NA,NA,NA,NA,Head,Wife,Son,Daughter,Daughter,Daughter,NA,NA,NA,NA,NA,NA,41,36,12,11,9,7,NA,NA,NA,NA,NA,NA,6,Puerto Rican,1,6,15,20,408,2900,510,14.06896552,17.5862069,5,1.2,1.01 to 1.50
3687361616-61103-027_3687361616-61103-028,Apartment,4,PR,PR,PR,PR,PR,PR,NA,NA,NA,NA,,,PR,PR,PR,PR,PR,PR,NA,NA,NA,NA,NA,NA,Husband,Wife,Son,Daughter,Son,Brother in Law,NA,NA,NA,NA,NA,NA,37,40,14,9,5,31,NA,NA,NA,NA,NA,NA,6,Puerto Rican,1,6,2,2,NA,NA,NA,NA,NA,4,1.5,1.01 to 1.50
3687361616-61103-029_3687361616-61103-030,Apartment,5,PR,PR,PR,NA,NA,NA,NA,NA,NA,NA,,,PR,PR,PR,NA,NA,NA,NA,NA,NA,NA,NA,NA,Mother,Son,Daughter,NA,NA,NA,NA,NA,NA,NA,NA,NA,51,22,17,NA,NA,NA,NA,NA,NA,NA,NA,NA,3,Puerto Rican,1,3,NA,NA,476.16,2860,476.16,16.64895105,16.64895105,5,0.6,1.00 or less
3687361616-61103-031_3687361616-61103-032,Apartment,2,PR,PR,NA,NA,NA,NA,NA,NA,NA,NA,,,PR,PR,NA,NA,NA,NA,NA,NA,NA,NA,NA,NA,Mother,Daughter,NA,NA,NA,NA,NA,NA,NA,NA,NA,NA,38,20,NA,NA,NA,NA,NA,NA,NA,NA,NA,NA,2,Puerto Rican,1,2,1.5,9,331.2,2600,403.2,12.73846154,15.50769231,2,1,1.00 or less
3687361616-61103-033_3687361616-61103-034,Apartment,4,Spain,Spain,USA,NA,NA,NA,NA,NA,NA,NA,,,Europe,Europe,USA,NA,NA,NA,NA,NA,NA,NA,NA,NA,H,Wife,Daughter,NA,NA,NA,NA,NA,NA,NA,NA,NA,62,49,18,NA,NA,NA,NA,NA,NA,NA,NA,NA,3,White,0,0,17,30,414,4000,414,10.35,10.35,4,0.75,1.00 or less
3687361616-61103-035_3687361616-61103-036,Apartment,3,PR,PR,PR,USA,USA,NA,NA,NA,NA,NA,,,PR,PR,PR,USA,USA,NA,NA,NA,NA,NA,NA,NA,H,Wife,Son,Son,Son,NA,NA,NA,NA,NA,NA,NA,28,29,6,2,1,NA,NA,NA,NA,NA,NA,NA,5,NA,1,5,NA,NA,385.2,2496,457.2,15.43269231,18.31730769,3,1.666666667,1.51 or more
3687361616-61103-037_3687361616-61103-038,Apartment,2.5,PR,PR,PR,PR,NA,NA,NA,NA,NA,NA,,,PR,PR,PR,PR,NA,NA,NA,NA,NA,NA,NA,NA,Head,Son,Daughter,Son,NA,NA,NA,NA,NA,NA,NA,NA,33,4,3,1,NA,NA,NA,NA,NA,NA,NA,NA,4,Puerto Rican,1,4,0.67,8,349.2,NA,349.2,NA,NA,2.5,1.6,1.51 or more
3687361616-61103-039_3687361616-61103-040,Apartment,2,PR,USA,USA,USA,NA,NA,NA,NA,NA,NA,,,PR,USA,USA,USA,NA,NA,NA,NA,NA,NA,NA,NA,Mother,Son,Daughter,Son,NA,NA,NA,NA,NA,NA,NA,NA,33,4,3,1,NA,NA,NA,NA,NA,NA,NA,NA,4,Puerto Rican,1,4,0.58,7,349.2,NA,445.2,NA,NA,2,2,1.51 or more
3687362121-61104-001_3687362121-61104-002,Rooming,4,USA,NA,NA,NA,NA,NA,NA,NA,NA,NA,,,USA,NA,NA,NA,NA,NA,NA,NA,NA,NA,NA,NA,Head,NA,NA,NA,NA,NA,NA,NA,NA,NA,NA,NA,73,NA,NA,NA,NA,NA,NA,NA,NA,NA,NA,NA,1,White,0,0,10,73,408.6,NA,504.6,NA,NA,4,0.25,1.00 or less
3687362121-61104-003_3687362121-61104-004,Apartment,4,Cuba,PR,USA,USA,USA,USA,NA,NA,NA,NA,,,Caribbean,PR,USA,USA,USA,USA,NA,NA,NA,NA,NA,NA,Husband,Wife,Son,Daughter,Daughter,Son,NA,NA,NA,NA,NA,NA,48,30,10,9,8,1,NA,NA,NA,NA,NA,NA,6,White,1,6,4,21,524.4,3640,644.4,14.40659341,17.7032967,4,1.5,1.01 to 1.50
3687362121-61104-005_3687362121-61104-006,Apartment,4,PR,PR,USA,USA,USA,USA,NA,NA,NA,NA,,,PR,PR,USA,USA,USA,USA,NA,NA,NA,NA,NA,NA,Husband,Wife,Daughter,Daughter,Son,Daughter,NA,NA,NA,NA,NA,NA,27,26,4,1,1,3,NA,NA,NA,NA,NA,NA,6,Puerto Rican,1,6,0.33,6,501.6,2288,501.6,21.92307692,21.92307692,4,1.5,1.01 to 1.50
3687362121-61104-007_3687362121-61104-008,Apartment,4,NA,NA,NA,NA,NA,NA,NA,NA,NA,NA,,,NA,NA,NA,NA,NA,NA,NA,NA,NA,NA,NA,NA,Head,Daughter,Daughter,Daughter,Son,Daughter,NA,NA,NA,NA,NA,NA,29,8,5,3,2,1,NA,NA,NA,NA,NA,NA,6,NA,0,0,NA,NA,416.4,NA,416.4,NA,NA,4,1.5,1.01 to 1.50
3687362121-61104-009_3687362121-61104-010,Apartment,4,USA,NA,NA,NA,NA,NA,NA,NA,NA,NA,,,USA,NA,NA,NA,NA,NA,NA,NA,NA,NA,NA,NA,Head,NA,NA,NA,NA,NA,NA,NA,NA,NA,NA,NA,61,NA,NA,NA,NA,NA,NA,NA,NA,NA,NA,NA,1,White,0,0,18,NA,422.4,NA,542.4,NA,NA,4,0.25,1.00 or less
3687362121-61104-011_3687362121-61104-012,Apartment,4,PR,PR,PR,PR,USA,USA,NA,NA,NA,NA,,,PR,PR,PR,PR,USA,USA,NA,NA,NA,NA,NA,NA,Head,Wife,Son,Daughter,Son,Son,NA,NA,NA,NA,NA,NA,38,34,15,9,6,1,NA,NA,NA,NA,NA,NA,6,NA,1,6,0.42,8,615.48,NA,735.48,NA,NA,4,1.5,1.01 to 1.50
3687362121-61104-013_3687362121-61104-014,Apartment,4,PR,PR,PR,PR,PR,PR,NA,NA,NA,NA,,,PR,PR,PR,PR,PR,PR,NA,NA,NA,NA,NA,NA,Head,Wife,Son,Son,Daughter,Daughter,NA,NA,NA,NA,NA,NA,43,44,22,20,18,14,NA,NA,NA,NA,NA,NA,6,Puerto Rican,1,6,9,9,474,7176,654,6.605351171,9.113712375,4,1.5,1.01 to 1.50
3687362121-61104-015_3687362121-61104-016,Apartment,4,USA,NA,NA,NA,NA,NA,NA,NA,NA,NA,,,USA,NA,NA,NA,NA,NA,NA,NA,NA,NA,NA,NA,Head,NA,NA,NA,NA,NA,NA,NA,NA,NA,NA,NA,56,NA,NA,NA,NA,NA,NA,NA,NA,NA,NA,NA,1,White,0,0,48,55,483.6,4888,591.6,9.893617021,12.10310966,4,0.25,1.00 or less
3687362121-61104-017_3687362121-61104-018,Apartment,4,PR,USA,USA,USA,USA,PR,NA,NA,NA,NA,,,PR,USA,USA,USA,USA,PR,NA,NA,NA,NA,NA,NA,Head,Son,Son,Son,Daughter,Mother of 1,NA,NA,NA,NA,NA,NA,32,7,6,5,4,67,NA,NA,NA,NA,NA,NA,6,NA,1,6,1.5,NA,562.32,NA,562.32,NA,NA,4,1.5,1.01 to 1.50
3687362121-61104-019_3687362121-61104-020,Rooming,2,PR,USA,USA,PR,USA,NA,NA,NA,NA,NA,,,PR,USA,USA,PR,USA,NA,NA,NA,NA,NA,NA,NA,Wife,Son,Son,Son,Daughter,Mother of 1,NA,NA,NA,NA,NA,NA,32,7,6,5,4,67,NA,NA,NA,NA,NA,NA,6,Puerto Rican,1,6,0.75,8,NA,NA,NA,NA,NA,2,3,1.51 or more
3687362121-61104-021_3687362121-61104-022,Apartment,4,PR,PR,USA,USA,NA,NA,NA,NA,NA,NA,,,PR,PR,USA,USA,NA,NA,NA,NA,NA,NA,NA,NA,H,Wife,Daughter,Son,NA,NA,NA,NA,NA,NA,NA,NA,29,29,5,1,NA,NA,NA,NA,NA,NA,NA,NA,4,Puerto Rican,1,4,2,4,633,3120,729,20.28846154,23.36538462,4,1,1.00 or less
3687362121-61104-023_3687362121-61104-024,Apartment,4,USA,USA,NA,NA,NA,NA,NA,NA,NA,NA,,,USA,USA,NA,NA,NA,NA,NA,NA,NA,NA,NA,NA,Husband,Wife,NA,NA,NA,NA,NA,NA,NA,NA,NA,NA,50,50,NA,NA,NA,NA,NA,NA,NA,NA,NA,NA,3,White,0,0,14,45,432,3900,594,11.07692308,15.23076923,4,0.75,1.00 or less
3687362121-61104-025_3687362121-61104-026,Apartment,4,PR,PR,PR,PR,USA,NA,NA,NA,NA,NA,,,PR,PR,PR,PR,USA,NA,NA,NA,NA,NA,NA,NA,Husband,NA,Niece,Daughter,Daughter,NA,NA,NA,NA,NA,NA,NA,53,48,18,15,5,NA,NA,NA,NA,NA,NA,NA,5,Puerto Rican,1,5,4,7,507,1560,585,32.5,37.5,4,1.25,1.01 to 1.50
3687362121-61104-027_3687362121-61104-028,Apartment,4,PR,PR,NA,NA,NA,NA,NA,NA,NA,NA,,,PR,PR,NA,NA,NA,NA,NA,NA,NA,NA,NA,NA,Head,Wife,NA,NA,NA,NA,NA,NA,NA,NA,NA,NA,33,33,NA,NA,NA,NA,NA,NA,NA,NA,NA,NA,2,Puerto Rican,1,2,10,12,562.32,4680,646.32,12.01538462,13.81025641,4,0.5,1.00 or less
3687362121-61104-029_3687362121-61104-030,Apartment,4,Spain,USA,NA,NA,NA,NA,NA,NA,NA,NA,,,Europe,USA,NA,NA,NA,NA,NA,NA,NA,NA,NA,NA,Husband,Wife,NA,NA,NA,NA,NA,NA,NA,NA,NA,NA,8,53,NA,NA,NA,NA,NA,NA,NA,NA,NA,NA,2,Puerto Rican,1,2,24,35,474,4472,474,10.59928444,10.59928444,4,0.5,1.00 or less
3687362121-61104-031_3687362121-61104-032,Apartment,4,Cuba,Cuba,USA,USA,NA,NA,NA,NA,NA,NA,,,Caribbean,Caribbean,USA,USA,NA,NA,NA,NA,NA,NA,NA,NA,Head,Wife,Son,Son,NA,NA,NA,NA,NA,NA,NA,NA,31,34,7,3,NA,NA,NA,NA,NA,NA,NA,NA,4,White,0,0,7,9,438,3640,618,12.03296703,16.97802198,4,1,1.00 or less
3687362121-61104-033_3687362121-61104-034,Apartment,4,PR,PR,USA,USA,USA,USA,NA,NA,NA,NA,,,PR,PR,USA,USA,USA,USA,NA,NA,NA,NA,NA,NA,Head,Wife,Daughter,Son,Son,Son,NA,NA,NA,NA,NA,NA,45,27,7,4,4,2,NA,NA,NA,NA,NA,NA,6,Puerto Rican,1,6,5,10,517.2,3068,697.2,16.85788787,22.72490222,4,1.5,1.01 to 1.50
3687362121-61104-035_3687362121-61104-036,Apartment,4,PR,PR,USA,USA,PR,NA,NA,NA,NA,NA,,,PR,PR,USA,USA,PR,NA,NA,NA,NA,NA,NA,NA,Head,Wife,Son,Daughter,Sister in Law of 1,NA,NA,NA,NA,NA,NA,NA,55,40,12,6,15,NA,NA,NA,NA,NA,NA,NA,5,Puerto Rican,1,5,5,30,663.12,2886,831.12,22.97713098,28.7983368,4,1.25,1.01 to 1.50
3687362121-61104-037_3687362121-61104-038,Apartment,4,USA,USA,USA,USA,NA,NA,NA,NA,NA,NA,,,USA,USA,USA,USA,NA,NA,NA,NA,NA,NA,NA,NA,Husband,Wife,Daughter,Son,NA,NA,NA,NA,NA,NA,NA,NA,55,46,14,10,NA,NA,NA,NA,NA,NA,NA,NA,4,White,0,0,20,55,529.2,7280,637.2,7.269230769,8.752747253,4,1,1.00 or less
3687362500-61105-001_3687362500-61105-002,Apartment,4,Mexico,NA,NA,NA,NA,NA,NA,NA,NA,NA,,,Nrth. Am.,NA,NA,NA,NA,NA,NA,NA,NA,NA,NA,NA,Daughter,NA,NA,NA,NA,NA,NA,NA,NA,NA,NA,NA,20,NA,NA,NA,NA,NA,NA,NA,NA,NA,NA,NA,1,White,0,0,4.5,30,432,NA,520.8,NA,NA,4,0.25,1.00 or less
3687362500-61105-003_3687362500-61105-004,Apartment,3,Greece,NA,NA,NA,NA,NA,NA,NA,NA,NA,,,Europe,NA,NA,NA,NA,NA,NA,NA,NA,NA,NA,NA,H,NA,NA,NA,NA,NA,NA,NA,NA,NA,NA,NA,62,NA,NA,NA,NA,NA,NA,NA,NA,NA,NA,NA,1,White,0,0,13,37,414.6,2600,475.8,15.94615385,18.3,3,0.333333333,1.00 or less
3687362500-61105-005_3687362500-61105-006,Apartment,3.5,Italy,NA,NA,NA,NA,NA,NA,NA,NA,NA,,,Europe,NA,NA,NA,NA,NA,NA,NA,NA,NA,NA,NA,Head,NA,NA,NA,NA,NA,NA,NA,NA,NA,NA,NA,59,NA,NA,NA,NA,NA,NA,NA,NA,NA,NA,NA,1,White,0,0,18,32,400.8,4000,400.8,10.02,10.02,3.5,0.285714286,1.00 or less
3687362500-61105-007_3687362500-61105-008,Apartment,3,Greece,PR,USA,USA,USA,NA,NA,NA,NA,NA,,,Europe,PR,USA,USA,USA,NA,NA,NA,NA,NA,NA,NA,H,Wife,Son,Daughter,Son,NA,NA,NA,NA,NA,NA,NA,25,26,4,3,1,NA,NA,NA,NA,NA,NA,NA,5,NA,1,5,3,11,475.32,3120,475.32,15.23461538,15.23461538,3,1.666666667,1.51 or more
3687362500-61105-009_3687362500-61105-010,Apartment,4,Greece,Greece,Greece,Greece,NA,NA,NA,NA,NA,NA,,,Europe,Europe,Europe,Europe,NA,NA,NA,NA,NA,NA,NA,NA,H,Wife,Son,Sister of 2,NA,NA,NA,NA,NA,NA,NA,NA,54,48,20,34,NA,NA,NA,NA,NA,NA,NA,NA,4,White,0,0,9,9,456,7592,456,6.006322445,6.006322445,4,1,1.00 or less
3687362500-61105-011_3687362500-61105-012,Apartment,2.5,Germany,USA,NA,NA,NA,NA,NA,NA,NA,NA,,,Europe,USA,NA,NA,NA,NA,NA,NA,NA,NA,NA,NA,Head,Son,NA,NA,NA,NA,NA,NA,NA,NA,NA,NA,53,13,NA,NA,NA,NA,NA,NA,NA,NA,NA,NA,2,White,0,0,17,34,NA,1200,NA,NA,NA,2.5,0.8,1.00 or less
3687362500-61105-013_3687362500-61105-014,Apartment,4,PR,PR,PR,USA,USA,USA,USA,USA,NA,NA,,,PR,PR,PR,USA,USA,USA,USA,USA,NA,NA,NA,NA,H,Wife,Son,Daughter,Son,Son,Son,Daughter,NA,NA,NA,NA,36,33,12,9,7,5,3,1,NA,NA,NA,NA,8,NA,1,8,6,9,405,3588,521.4,11.28762542,14.53177258,4,2,1.51 or more
3687362500-61105-015_3687362500-61105-016,Apartment,4,PR,PR,USA,USA,USA,NA,NA,NA,NA,NA,,,PR,PR,USA,USA,USA,NA,NA,NA,NA,NA,NA,NA,H,Wife,Son,Son,Daughter,NA,NA,NA,NA,NA,NA,NA,25,23,4,3,2,NA,NA,NA,NA,NA,NA,NA,5,Puerto Rican,1,5,0.5,6,520.32,2392,592.32,21.75250836,24.76254181,4,1.25,1.01 to 1.50
3687362500-61105-017_3687362500-61105-018,Apartment,3,Cuba,Cuba,Cuba,Cuba,Cuba,USA,NA,NA,NA,NA,,,Caribbean,Caribbean,Caribbean,Caribbean,Caribbean,USA,NA,NA,NA,NA,NA,NA,Head,Wife,Son,Son,Son,Daughter,NA,NA,NA,NA,NA,NA,39,41,10,5,4,2,NA,NA,NA,NA,NA,NA,6,other,0,0,1.5,1.5,497.64,3380,575.64,14.72307692,17.03076923,3,2,1.51 or more
3687362500-61105-019_3687362500-61105-020,Apartment,3,PR,PR,NA,NA,NA,NA,NA,NA,NA,NA,,,PR,PR,NA,NA,NA,NA,NA,NA,NA,NA,NA,NA,Head,Wife,NA,NA,NA,NA,NA,NA,NA,NA,NA,NA,36,25,NA,NA,NA,NA,NA,NA,NA,NA,NA,NA,2,Puerto Rican,1,2,15,20,433.32,6360,601.32,6.813207547,9.454716981,3,0.666666667,1.00 or less
3687362500-61105-021_3687362500-61105-022,Apartment,4,PR,PR,PR,PR,NA,NA,NA,NA,NA,NA,,,PR,PR,PR,PR,NA,NA,NA,NA,NA,NA,NA,NA,H,Wife,Daughter,Son,NA,NA,NA,NA,NA,NA,NA,NA,25,33,10,9,NA,NA,NA,NA,NA,NA,NA,NA,4,Puerto Rican,1,4,1,7,521.52,2600,665.52,20.05846154,25.59692308,4,1,1.00 or less
3687362500-61105-023_3687362500-61105-024,Apartment,3,USA,PR,USA,USA,USA,NA,NA,NA,NA,NA,,,USA,PR,USA,USA,USA,NA,NA,NA,NA,NA,NA,NA,H,Wife,Son,Daughter,Daughter,NA,NA,NA,NA,NA,NA,NA,46,30,6,5,3,NA,NA,NA,NA,NA,NA,NA,5,NA,1,5,3,25,435.36,3589.04,513.36,12.13026325,14.30354635,3,1.666666667,1.51 or more
3687362500-61105-025_3687362500-61105-026,Apartment,3,Cuba,NA,NA,NA,NA,NA,NA,NA,NA,NA,,,Caribbean,NA,NA,NA,NA,NA,NA,NA,NA,NA,NA,NA,NA,NA,NA,NA,NA,NA,NA,NA,NA,NA,NA,NA,NA,NA,NA,NA,NA,NA,NA,NA,NA,NA,NA,NA,1,NA,0,0,10,12,418.08,2080,418.08,20.1,20.1,3,0.333333333,1.00 or less
3687362500-61105-027_3687362500-61105-028,Apartment,4,PR,PR,PR,NA,NA,NA,NA,NA,NA,NA,,,PR,PR,PR,NA,NA,NA,NA,NA,NA,NA,NA,NA,Head,Wife,Son,NA,NA,NA,NA,NA,NA,NA,NA,NA,31,26,8,NA,NA,NA,NA,NA,NA,NA,NA,NA,3,Puerto Rican,1,3,9,9,492,2184,660,22.52747253,30.21978022,4,0.75,1.00 or less
3687362500-61105-029_3687362500-61105-030,Apartment,4,PR,PR,PR,NA,NA,NA,NA,NA,NA,NA,,,PR,PR,PR,NA,NA,NA,NA,NA,NA,NA,NA,NA,H,Wife,Son,NA,NA,NA,NA,NA,NA,NA,NA,NA,31,26,8,NA,NA,NA,NA,NA,NA,NA,NA,NA,3,Puerto Rican,1,3,0.5,8,491.4,1248,558,39.375,44.71153846,4,0.75,1.00 or less
3687362500-61105-031_3687362500-61105-032,Apartment,3,PR,PR,PR,PR,NA,NA,NA,NA,NA,NA,,,PR,PR,PR,PR,NA,NA,NA,NA,NA,NA,NA,NA,Head,Daughter,Son,Brother,NA,NA,NA,NA,NA,NA,NA,NA,28,8,3,28,NA,NA,NA,NA,NA,NA,NA,NA,4,NA,1,4,NA,NA,428.4,NA,428.4,NA,NA,3,1.333333333,1.01 to 1.50
3687362500-61105-033_3687362500-61105-034,Apartment,4,USA,Ireland,NA,NA,NA,NA,NA,NA,NA,NA,,,USA,Europe,NA,NA,NA,NA,NA,NA,NA,NA,NA,NA,Son,Mother,NA,NA,NA,NA,NA,NA,NA,NA,NA,NA,26,68,NA,NA,NA,NA,NA,NA,NA,NA,NA,NA,2,White,0,0,23,44,428.4,4420,428.4,9.692307692,9.692307692,4,0.5,1.00 or less
3687362500-61105-035_3687362500-61105-036,Apartment,4,Italy,USA,NA,NA,NA,NA,NA,NA,NA,NA,,,Europe,USA,NA,NA,NA,NA,NA,NA,NA,NA,NA,NA,Father,Son,NA,NA,NA,NA,NA,NA,NA,NA,NA,NA,67,40,NA,NA,NA,NA,NA,NA,NA,NA,NA,NA,2,White,0,0,13,31,464.4,8125.2,506.4,5.715551617,6.23246197,4,0.5,1.00 or less
3687362500-61105-037_3687362500-61105-038,Apartment,3,USA,USA,USA,NA,NA,NA,NA,NA,NA,NA,,,USA,USA,USA,NA,NA,NA,NA,NA,NA,NA,NA,NA,NA,NA,NA,NA,NA,NA,NA,NA,NA,NA,NA,NA,46,22,18,NA,NA,NA,NA,NA,NA,NA,NA,NA,3,NA,0,0,NA,NA,428.4,7956,428.4,5.384615385,5.384615385,3,1,1.00 or less
3687364249-61106-001_3687364249-61106-002,Apartment,4,USA,NA,NA,NA,NA,NA,NA,NA,NA,NA,,,USA,NA,NA,NA,NA,NA,NA,NA,NA,NA,NA,NA,Head,NA,NA,NA,NA,NA,NA,NA,NA,NA,NA,NA,49,NA,NA,NA,NA,NA,NA,NA,NA,NA,NA,NA,1,White,0,0,19,49,350.4,3120,437.4,11.23076923,14.01923077,4,0.25,1.00 or less
3687364249-61106-003_3687364249-61106-004,Apartment,4,USA,NA,NA,NA,NA,NA,NA,NA,NA,NA,,,USA,NA,NA,NA,NA,NA,NA,NA,NA,NA,NA,NA,NA,NA,NA,NA,NA,NA,NA,NA,NA,NA,NA,NA,49,NA,NA,NA,NA,NA,NA,NA,NA,NA,NA,NA,1,NA,0,0,21,49,350.4,3120,350.4,11.23076923,11.23076923,4,0.25,1.00 or less
3687364249-61106-005_3687364249-61106-006,Apartment,8,Germany,USA,USA,USA,USA,USA,NA,NA,NA,NA,,,Europe,USA,USA,USA,USA,USA,NA,NA,NA,NA,NA,NA,H,Wife,Daughter,Daughter,Daughter,Son,NA,NA,NA,NA,NA,NA,52,47,19,14,12,11,NA,NA,NA,NA,NA,NA,6,White,0,0,12,34,700.8,7683,797.4,9.121436939,10.3787583,8,0.75,1.00 or less
3687364249-61106-007_3687364249-61106-008,Apartment,4,USA,NA,NA,NA,NA,NA,NA,NA,NA,NA,,,USA,NA,NA,NA,NA,NA,NA,NA,NA,NA,NA,NA,Sister,NA,NA,NA,NA,NA,NA,NA,NA,NA,NA,NA,66,NA,NA,NA,NA,NA,NA,NA,NA,NA,NA,NA,1,White,0,0,17,65,350.4,2340,389.4,14.97435897,16.64102564,4,0.25,1.00 or less
3687364249-61106-009_3687364249-61106-010,Apartment,3,PR,PR,PR,PR,USA,USA,NA,NA,NA,NA,,,PR,PR,PR,PR,USA,USA,NA,NA,NA,NA,NA,NA,H,Wife,Daughter of 2,Daughter,Son,Son,NA,NA,NA,NA,NA,NA,41,35,17,7,5,3,NA,NA,NA,NA,NA,NA,6,Puerto Rican,1,6,1,14,395.04,NA,526.44,NA,NA,3,2,1.51 or more
3687364249-61106-011_3687364249-61106-012,Apartment,6,USA,USA,USA,USA,NA,NA,NA,NA,NA,NA,,,USA,USA,USA,USA,NA,NA,NA,NA,NA,NA,NA,NA,H,Daughter,Grand Son,Grand Son,NA,NA,NA,NA,NA,NA,NA,NA,65,43,16,13,NA,NA,NA,NA,NA,NA,NA,NA,4,White,0,0,65,65,570,2470,570,23.07692308,23.07692308,6,0.666666667,1.00 or less
3687364249-61106-013_3687364249-61106-014,Apartment,3,PR,USA,USA,NA,NA,NA,NA,NA,NA,NA,,,PR,USA,USA,NA,NA,NA,NA,NA,NA,NA,NA,NA,Head,Daughter,Daughter,NA,NA,NA,NA,NA,NA,NA,NA,NA,23,5,4,NA,NA,NA,NA,NA,NA,NA,NA,NA,3,Puerto Rican,1,3,3,10,359.4,NA,419.4,NA,NA,3,1,1.00 or less
3687364249-61106-015_3687364249-61106-016,Apartment,4,Ireland,NA,NA,NA,NA,NA,NA,NA,NA,NA,,,Europe,NA,NA,NA,NA,NA,NA,NA,NA,NA,NA,NA,NA,NA,NA,NA,NA,NA,NA,NA,NA,NA,NA,NA,67,NA,NA,NA,NA,NA,NA,NA,NA,NA,NA,NA,1,White,0,0,40,47,350.4,3900,411.6,8.984615385,10.55384615,4,0.25,1.00 or less
3687364249-61106-017_3687364249-61106-018,Apartment,3,PR,PR,USA,USA,NA,NA,NA,NA,NA,NA,,,PR,PR,USA,USA,NA,NA,NA,NA,NA,NA,NA,NA,H,Wife,Daughter,Son,NA,NA,NA,NA,NA,NA,NA,NA,24,26,4,3,NA,NA,NA,NA,NA,NA,NA,NA,4,Puerto Rican,1,4,3,9,432.72,2496,504.72,17.33653846,20.22115385,3,1.333333333,1.01 to 1.50
3687364249-61106-019_3687364249-61106-020,Apartment,3,DR,DR,NA,NA,NA,NA,NA,NA,NA,NA,,,Caribbean,Caribbean,NA,NA,NA,NA,NA,NA,NA,NA,NA,NA,Mother,Son,NA,NA,NA,NA,NA,NA,NA,NA,NA,NA,33,15,NA,NA,NA,NA,NA,NA,NA,NA,NA,NA,2,other,0,0,2,5,413.4,2340,473.4,17.66666667,20.23076923,3,0.666666667,1.00 or less
3687364249-61106-021_3687364249-61106-022,Apartment,4,PR,USA,USA,NA,NA,NA,NA,NA,NA,NA,,,PR,USA,USA,NA,NA,NA,NA,NA,NA,NA,NA,NA,M,Son,Son,NA,NA,NA,NA,NA,NA,NA,NA,NA,33,9,7,NA,NA,NA,NA,NA,NA,NA,NA,NA,3,Puerto Rican,1,3,1,10,387,NA,447,NA,NA,4,0.75,1.00 or less
3687364249-61106-023_3687364249-61106-024,Apartment,8,PR,PR,PR,PR,NA,NA,NA,NA,NA,NA,,,PR,PR,PR,PR,NA,NA,NA,NA,NA,NA,NA,NA,Aunt,mother of 1,Nephew,Nephew,NA,NA,NA,NA,NA,NA,NA,NA,53,72,28,20,NA,NA,NA,NA,NA,NA,NA,NA,4,Puerto Rican,1,4,13,13,441.6,8840,441.6,4.995475113,4.995475113,8,0.5,1.00 or less
3687364249-61106-025_3687364249-61106-026,Apartment,3,PR,PR,PR,PR,PR,NA,NA,NA,NA,NA,,,PR,PR,PR,PR,PR,NA,NA,NA,NA,NA,NA,NA,H,Wife,Son,Grand Son,Daughter,NA,NA,NA,NA,NA,NA,NA,46,54,18,7,28,NA,NA,NA,NA,NA,NA,NA,5,Puerto Rican,1,5,1,2,506.04,NA,620.04,NA,NA,3,1.666666667,1.51 or more
3687364249-61106-027_3687364249-61106-028,Apartment,3,PR,PR,PR,NA,NA,NA,NA,NA,NA,NA,,,PR,PR,PR,NA,NA,NA,NA,NA,NA,NA,NA,NA,H,Daughter,Wife,NA,NA,NA,NA,NA,NA,NA,NA,NA,21,26,46,NA,NA,NA,NA,NA,NA,NA,NA,NA,3,Puerto Rican,1,3,1,2,509.52,4992,632.52,10.20673077,12.67067308,3,1,1.00 or less
3687364685-61107-001_3687364685-61107-002,Apartment,4,PR,PR,PR,PR,USA,USA,NA,NA,NA,NA,,,PR,PR,PR,PR,USA,USA,NA,NA,NA,NA,NA,NA,H,Wife,Daughter,Son,Daughter,Son,NA,NA,NA,NA,NA,NA,34,23,15,14,3,1,NA,NA,NA,NA,NA,NA,6,Puerto Rican,1,6,2,13,458.16,3380,566.16,13.55502959,16.75029586,4,1.5,1.01 to 1.50
3687364685-61107-003_3687364685-61107-004,Apartment,4,PR,PR,USA,PR,PR,NA,NA,NA,NA,NA,,,PR,PR,USA,PR,PR,NA,NA,NA,NA,NA,NA,NA,Head,Wife,Son,Son,Daughter,NA,NA,NA,NA,NA,NA,NA,42,35,5,12,8,NA,NA,NA,NA,NA,NA,NA,5,Puerto Rican,1,5,4,5,426.6,2704,510.6,15.77662722,18.88313609,4,1.25,1.01 to 1.50
3687364685-61107-005_3687364685-61107-006,Apartment,4,USA,USA,NA,NA,NA,NA,NA,NA,NA,NA,,,USA,USA,NA,NA,NA,NA,NA,NA,NA,NA,NA,NA,H,Wife,NA,NA,NA,NA,NA,NA,NA,NA,NA,NA,62,56,NA,NA,NA,NA,NA,NA,NA,NA,NA,NA,2,White,0,0,2,32,350.4,2925.52,425.4,11.97735787,14.54100468,4,0.5,1.00 or less
3687364685-61107-007_3687364685-61107-008,Apartment,4,USA,USA,NA,NA,NA,NA,NA,NA,NA,NA,,,USA,USA,NA,NA,NA,NA,NA,NA,NA,NA,NA,NA,H,Wife,NA,NA,NA,NA,NA,NA,NA,NA,NA,NA,40,40,NA,NA,NA,NA,NA,NA,NA,NA,NA,NA,2,White,0,0,4.5,40,528.96,1000,629.76,52.896,62.976,4,0.5,1.00 or less
3687364685-61107-009_3687364685-61107-010,Apartment,4,PR,PR,PR,PR,PR,NA,NA,NA,NA,NA,,,PR,PR,PR,PR,PR,NA,NA,NA,NA,NA,NA,NA,Mother,Daughter,Daughter,Daughter,Daughter,NA,NA,NA,NA,NA,NA,NA,34,18,17,15,13,NA,NA,NA,NA,NA,NA,NA,5,Puerto Rican,1,5,0.58,4,669.72,3432,779.52,19.51398601,22.71328671,4,1.25,1.01 to 1.50
3687364685-61107-011_3687364685-61107-012,Apartment,3,PR,PR,PR,PR,USA,NA,NA,NA,NA,NA,,,PR,PR,PR,PR,USA,NA,NA,NA,NA,NA,NA,NA,Head,Wife,Son,Son,Son,NA,NA,NA,NA,NA,NA,NA,27,26,6,4,3,NA,NA,NA,NA,NA,NA,NA,5,NA,1,5,7,7,720,2860,804,25.17482517,28.11188811,3,1.666666667,1.51 or more
3687364685-61107-013_3687364685-61107-014,Apartment,3,PR,PR,PR,PR,NA,NA,NA,NA,NA,NA,,,PR,PR,PR,PR,NA,NA,NA,NA,NA,NA,NA,NA,H,Wife,Son,Son,NA,NA,NA,NA,NA,NA,NA,NA,27,27,5,3,NA,NA,NA,NA,NA,NA,NA,NA,4,Puerto Rican,1,4,0.67,6,720,2600,720,27.69230769,27.69230769,3,1.333333333,1.01 to 1.50
3687364685-61107-015_3687364685-61107-016,Apartment,4,PR,PR,USA,USA,PR,NA,NA,NA,NA,NA,,,PR,PR,USA,USA,PR,NA,NA,NA,NA,NA,NA,NA,Head,Wife,Son,Son,Mother of 2,NA,NA,NA,NA,NA,NA,NA,40,36,13,7,63,NA,NA,NA,NA,NA,NA,NA,5,Puerto Rican,1,5,7,7,510.96,5148,726.96,9.925407925,14.12121212,4,1.25,1.01 to 1.50
3687364685-61107-017_3687364685-61107-018,Rooming,3,PR,PR,PR,PR,PR,USA,NA,NA,NA,NA,,,PR,PR,PR,PR,PR,USA,NA,NA,NA,NA,NA,NA,H,Wife,Son,Daughter,Son,Daughter,NA,NA,NA,NA,NA,NA,36,36,9,6,4,3,NA,NA,NA,NA,NA,NA,6,Puerto Rican,1,6,0.08,2.5,634.8,2080,694.8,30.51923077,33.40384615,3,2,1.51 or more
3687364685-61107-019_3687364685-61107-020,Apartment,3,PR,PR,PR,PR,PR,USA,NA,NA,NA,NA,,,PR,PR,PR,PR,PR,USA,NA,NA,NA,NA,NA,NA,H,Wife,Son,Daughter,Son,Daughter,NA,NA,NA,NA,NA,NA,36,35,9,6,4,3,NA,NA,NA,NA,NA,NA,6,Puerto Rican,1,6,NA,3,634.8,1560,634.8,40.69230769,40.69230769,3,2,1.51 or more
3687364685-61107-021_3687364685-61107-022,Apartment,3,France,USA,USA,NA,NA,NA,NA,NA,NA,NA,,,Europe,USA,USA,NA,NA,NA,NA,NA,NA,NA,NA,NA,H,Wife,Son,NA,NA,NA,NA,NA,NA,NA,NA,NA,50,33,10,NA,NA,NA,NA,NA,NA,NA,NA,NA,3,NA,0,0,10,28,324,3380,436.8,9.585798817,12.92307692,3,1,1.00 or less
3687364685-61107-023_3687364685-61107-024,NA,3,PR,NA,NA,NA,NA,NA,NA,NA,NA,NA,,,PR,NA,NA,NA,NA,NA,NA,NA,NA,NA,NA,NA,Head,NA,NA,NA,NA,NA,NA,NA,NA,NA,NA,NA,48,NA,NA,NA,NA,NA,NA,NA,NA,NA,NA,NA,1,Puerto Rican,1,1,5,5,400.2,NA,436.2,NA,NA,3,0.333333333,1.00 or less
3687364685-61107-025_3687364685-61107-026,Apartment,3,Cyprus,NA,NA,NA,NA,NA,NA,NA,NA,NA,,,Europe,NA,NA,NA,NA,NA,NA,NA,NA,NA,NA,NA,H,NA,NA,NA,NA,NA,NA,NA,NA,NA,NA,NA,46,NA,NA,NA,NA,NA,NA,NA,NA,NA,NA,NA,1,NA,0,0,15,28,285,6500,315,4.384615385,4.846153846,3,0.333333333,1.00 or less
3687364685-61107-027_3687364685-61107-028,Apartment,4,PR,PR,PR,USA,NA,NA,NA,NA,NA,NA,,,PR,PR,PR,USA,NA,NA,NA,NA,NA,NA,NA,NA,H,Wife,Daughter,Son,NA,NA,NA,NA,NA,NA,NA,NA,49,38,16,50,NA,NA,NA,NA,NA,NA,NA,NA,4,Puerto Rican,1,4,3.5,25,462.96,3000,553.56,15.432,18.452,4,1,1.00 or less
3687364685-61107-029_3687364685-61107-030,Apartment,3,PR,PR,USA,NA,NA,NA,NA,NA,NA,NA,,,PR,PR,USA,NA,NA,NA,NA,NA,NA,NA,NA,NA,H,Wife,Son,NA,NA,NA,NA,NA,NA,NA,NA,NA,26,24,1,NA,NA,NA,NA,NA,NA,NA,NA,NA,3,NA,1,3,0.17,5,480,2080,480,23.07692308,23.07692308,3,1,1.00 or less
3687364685-61107-031_3687364685-61107-032,Apartment,3,PR,PR,PR,NA,NA,NA,NA,NA,NA,NA,,,PR,PR,PR,NA,NA,NA,NA,NA,NA,NA,NA,NA,Husband,Wife,Son,NA,NA,NA,NA,NA,NA,NA,NA,NA,25,21,2,NA,NA,NA,NA,NA,NA,NA,NA,NA,3,NA,1,3,NA,NA,483,2600,483,18.57692308,18.57692308,3,1,1.00 or less
3687364685-61107-033_3687364685-61107-034,Apartment,3,PR,PR,USA,USA,NA,NA,NA,NA,NA,NA,,,PR,PR,USA,USA,NA,NA,NA,NA,NA,NA,NA,NA,H,Wife,Son,Daughter,NA,NA,NA,NA,NA,NA,NA,NA,23,22,2,0,NA,NA,NA,NA,NA,NA,NA,NA,4,NA,1,4,1,8,383.4,2340,468.6,16.38461538,20.02564103,3,1.333333333,1.01 to 1.50
3687364685-61107-035_3687364685-61107-036,Apartment,3,PR,PR,USA,NA,NA,NA,NA,NA,NA,NA,,,PR,PR,USA,NA,NA,NA,NA,NA,NA,NA,NA,NA,Head,Wife,Son,NA,NA,NA,NA,NA,NA,NA,NA,NA,24,22,2,NA,NA,NA,NA,NA,NA,NA,NA,NA,3,Puerto Rican,1,3,1,8,383.4,2340,527.4,16.38461538,22.53846154,3,1,1.00 or less
3687364685-61107-037_3687364685-61107-038,Apartment,4,Ireland,NA,NA,NA,NA,NA,NA,NA,NA,NA,,,Europe,NA,NA,NA,NA,NA,NA,NA,NA,NA,NA,NA,H,NA,NA,NA,NA,NA,NA,NA,NA,NA,NA,NA,60,NA,NA,NA,NA,NA,NA,NA,NA,NA,NA,NA,1,White,0,0,16,52,378,3250,378,11.63076923,11.63076923,4,0.25,1.00 or less
3687364685-61107-039_3687364685-61107-040,Apartment,3,USA,PR,USA,USA,NA,NA,NA,NA,NA,NA,,,USA,PR,USA,USA,NA,NA,NA,NA,NA,NA,NA,NA,H,Wife,Son,Daughter,NA,NA,NA,NA,NA,NA,NA,NA,28,33,7,2,NA,NA,NA,NA,NA,NA,NA,NA,4,White,1,4,0.75,17,367.68,4680,367.68,7.856410256,7.856410256,3,1.333333333,1.01 to 1.50
3687364685-61107-041_3687364685-61107-042,Apartment,3,USA,PR,USA,USA,NA,NA,NA,NA,NA,NA,,,USA,PR,USA,USA,NA,NA,NA,NA,NA,NA,NA,NA,Head,Wife,Son,Daughter,NA,NA,NA,NA,NA,NA,NA,NA,28,31,7,2,NA,NA,NA,NA,NA,NA,NA,NA,4,White,1,4,4,1,367.68,1872,415.68,19.64102564,22.20512821,3,1.333333333,1.01 to 1.50
3687364685-61107-043_3687364685-61107-044,Apartment,3,PR,PR,PR,NA,NA,NA,NA,NA,NA,NA,,,PR,PR,PR,NA,NA,NA,NA,NA,NA,NA,NA,NA,Mother,Son,Son,NA,NA,NA,NA,NA,NA,NA,NA,NA,42,12,9,NA,NA,NA,NA,NA,NA,NA,NA,NA,3,NA,1,3,NA,NA,367.68,NA,428.88,NA,NA,3,1,1.00 or less
3687367261-61109-001_3687367261-61109-002,Apartment,7,USA,USA,USA,USA,USA,NA,NA,NA,NA,NA,,,USA,USA,USA,USA,USA,NA,NA,NA,NA,NA,NA,NA,H,Wife,Daughter,Son,Son,NA,NA,NA,NA,NA,NA,NA,61,63,35,26,19,NA,NA,NA,NA,NA,NA,NA,5,NA,0,0,14,33,607.2,6200,607.2,9.793548387,9.793548387,7,0.714285714,1.00 or less
3687367261-61109-003_3687367261-61109-004,Apartment,7,PR,PR,PR,PR,PR,PR,PR,USA,USA,NA,,,PR,PR,PR,PR,PR,PR,PR,USA,USA,NA,NA,NA,H,Wife,Daughter,Son,Daughter,Daughter,Daughter,Son,Son,NA,NA,NA,34,30,10,8,7,7,5,4,2,NA,NA,NA,9,NA,1,9,1.5,4,841.2,5408,841.2,15.55473373,15.55473373,7,1.285714286,1.01 to 1.50
3687367261-61109-005_3687367261-61109-006,Apartment,7,Italy,Italy,USA,USA,NA,NA,NA,NA,NA,NA,,,Europe,Europe,USA,USA,NA,NA,NA,NA,NA,NA,NA,NA,H,Wife,Son,Son,NA,NA,NA,NA,NA,NA,NA,NA,62,56,31,29,NA,NA,NA,NA,NA,NA,NA,NA,4,NA,0,0,16,46,621,3380,765,18.37278107,22.63313609,7,0.571428571,1.00 or less
3687367261-61109-007_3687367261-61109-008,Apartment,7,Spain,Spain,Spain,Spain,Spain,NA,NA,NA,NA,NA,,,Europe,Europe,Europe,Europe,Europe,NA,NA,NA,NA,NA,NA,NA,Head,Sister,Cousin,Cousin,Nephew,NA,NA,NA,NA,NA,NA,NA,65,70,69,64,64,NA,NA,NA,NA,NA,NA,NA,5,NA,0,0,22,36,593.4,2600,713.4,22.82307692,27.43846154,7,0.714285714,1.00 or less
3687367261-61109-009_3687367261-61109-010,Apartment,7,Hungary,Switzerland,USA,NA,NA,NA,NA,NA,NA,NA,,,Europe,Europe,USA,NA,NA,NA,NA,NA,NA,NA,NA,NA,Head,Friend,Daughter,Sister of 2,Friend,NA,NA,NA,NA,NA,NA,NA,56,NA,21,NA,NA,NA,NA,NA,NA,NA,NA,NA,5,NA,0,0,14,38,746.28,5040,746.28,14.80714286,14.80714286,7,0.714285714,1.00 or less
3687367261-61109-011_3687367261-61109-012,Apartment,5,Cuba,PR,USA,USA,NA,NA,NA,NA,NA,NA,,,Caribbean,PR,USA,USA,NA,NA,NA,NA,NA,NA,NA,NA,H,Wife,Son,Daughter,NA,NA,NA,NA,NA,NA,NA,NA,30,30,6,5,NA,NA,NA,NA,NA,NA,NA,NA,4,NA,1,4,2,18,420,5000,420,8.4,8.4,5,0.8,1.00 or less
3687368625-61110-001_3687368625-61110-002,Apartment,7,PR,PR,PR,USA,USA,USA,NA,NA,NA,NA,,,PR,PR,PR,USA,USA,USA,NA,NA,NA,NA,NA,NA,H,Wife,Son,Daughter,Daughter,Daughter,NA,NA,NA,NA,NA,NA,36,30,11,9,8,4,NA,NA,NA,NA,NA,NA,6,NA,1,6,6,10,690,2600,690,26.53846154,26.53846154,7,0.857142857,1.00 or less
3687368625-61110-003_3687368625-61110-004,Apartment,7,PR,PR,PR,PR,PR,PR,PR,USA,PR,NA,,,PR,PR,PR,PR,PR,PR,PR,USA,PR,NA,NA,NA,H,Mother,Sister,Son,Wife,Sister,Brother,Son,Uncle,NA,NA,NA,46,71,48,20,21,13,12,0,70,NA,NA,NA,9,NA,1,9,6,NA,690,5928,690,11.63967611,11.63967611,7,1.285714286,1.01 to 1.50
3687368625-61110-005_3687368625-61110-006,Apartment,6,Spain,PR,PR,USA,USA,PR,NA,NA,NA,NA,,,Europe,PR,PR,USA,USA,PR,NA,NA,NA,NA,NA,NA,H,Wife,Son,Son,Daughter,Mother of 1,NA,NA,NA,NA,NA,NA,45,43,14,9,6,64,NA,NA,NA,NA,NA,NA,6,NA,1,6,2,14,603.12,4420,603.12,13.64524887,13.64524887,6,1,1.00 or less
3687368625-61110-007_3687368625-61110-008,Apartment,4,USA,USA,USA,USA,USA,NA,NA,NA,NA,NA,,,USA,USA,USA,USA,USA,NA,NA,NA,NA,NA,NA,NA,Wife of H,Husband,Sister,Son of 1 + 2,Son of 1 + 2,NA,NA,NA,NA,NA,NA,NA,47,NA,22,12,7,NA,NA,NA,NA,NA,NA,NA,5,NA,0,0,15,23,459.84,6920,459.84,6.645086705,6.645086705,4,1.25,1.01 to 1.50
3687368625-61110-009_3687368625-61110-010,Apartment,7,PR,PR,PR,PR,PR,PR,PR,NA,NA,NA,,,PR,PR,PR,PR,PR,PR,PR,NA,NA,NA,NA,NA,H,Wife,Daughter,Son,Daughter,Daughter,Daughter,NA,NA,NA,NA,NA,42,37,18,16,14,13,9,NA,NA,NA,NA,NA,7,NA,1,7,2,7,603.12,2600,603.12,23.19692308,23.19692308,7,1,1.00 or less
3687368625-61110-011_3687368625-61110-012,Apartment,7,PR,PR,USA,USA,USA,NA,NA,NA,NA,NA,,,PR,PR,USA,USA,USA,NA,NA,NA,NA,NA,NA,NA,H,Wife,Son,Daughter,Son,NA,NA,NA,NA,NA,NA,NA,35,35,10,9,8,NA,NA,NA,NA,NA,NA,NA,5,NA,1,5,6,12,690,4368,690,15.7967033,15.7967033,7,0.714285714,1.00 or less
3687368625-61110-013_3687368625-61110-014,Apartment,7,PR,NA,NA,NA,NA,NA,NA,NA,NA,NA,,,PR,NA,NA,NA,NA,NA,NA,NA,NA,NA,NA,NA,H,NA,NA,NA,NA,NA,NA,NA,NA,NA,NA,NA,42,NA,NA,NA,NA,NA,NA,NA,NA,NA,NA,NA,1,NA,1,1,4,19,793.44,NA,793.44,NA,NA,7,0.142857143,1.00 or less
3687370077-61111-001_3687370077-61111-002,Apartment,6,USA,USA,USA,USA,USA,USA,USA,USA,NA,NA,,,USA,USA,USA,USA,USA,USA,USA,USA,NA,NA,NA,NA,H,Wife,Daughter,Son,Son,Daughter,Son,Daughter,NA,NA,NA,NA,42,37,13,12,9,8,6,1,NA,NA,NA,NA,8,NA,0,0,NA,NA,570.36,NA,570.36,NA,NA,6,1.333333333,1.01 to 1.50
3687370077-61111-003_3687370077-61111-004,Apartment,6,Greece,USA,USA,Greece,Greece,Greece,NA,NA,NA,NA,,,Europe,USA,USA,Europe,Europe,Europe,NA,NA,NA,NA,NA,NA,H,Wife,Daughter,Son,father of 2,Mother of 2,NA,NA,NA,NA,NA,NA,NA,NA,NA,NA,NA,NA,NA,NA,NA,NA,NA,NA,6,NA,0,0,3.5,12,645.84,6864,645.84,9.409090909,9.409090909,6,1,1.00 or less
3687370077-61111-005_3687370077-61111-006,Apartment,6,Greece,Greece,USA,USA,Greece,NA,NA,NA,NA,NA,,,Europe,Europe,USA,USA,Europe,NA,NA,NA,NA,NA,NA,NA,H,Wife,Son,Son,Brother of 1,NA,NA,NA,NA,NA,NA,NA,40,35,8,2,28,NA,NA,NA,NA,NA,NA,NA,5,NA,0,0,4,30,715.44,3840,715.44,18.63125,18.63125,6,0.833333333,1.00 or less
3687370077-61111-007_3687370077-61111-008,Apartment,6,PR,PR,USA,NA,NA,NA,NA,NA,NA,NA,,,PR,PR,USA,NA,NA,NA,NA,NA,NA,NA,NA,NA,Head,Wife,Son,NA,NA,NA,NA,NA,NA,NA,NA,NA,37,35,7,NA,NA,NA,NA,NA,NA,NA,NA,NA,3,NA,1,3,9,9,698.28,5044,818.28,13.84377478,16.22283902,6,0.5,1.00 or less
3687370077-61111-009_3687370077-61111-010,Apartment,6,NA,NA,NA,NA,NA,NA,NA,NA,NA,NA,,,NA,NA,NA,NA,NA,NA,NA,NA,NA,NA,NA,NA,NA,NA,NA,NA,NA,NA,NA,NA,NA,NA,NA,NA,NA,NA,NA,NA,NA,NA,NA,NA,NA,NA,NA,NA,NA,NA,0,NA,NA,NA,NA,NA,NA,NA,NA,NA,NA,NA
3687370077-61111-011_3687370077-61111-012,Apartment,6,DR,DR,DR,DR,NA,NA,NA,NA,NA,NA,,,Caribbean,Caribbean,Caribbean,Caribbean,NA,NA,NA,NA,NA,NA,NA,NA,H,Daughter,Sister in Law,niece of 1,NA,NA,NA,NA,NA,NA,NA,NA,47,21,22,23,NA,NA,NA,NA,NA,NA,NA,NA,4,NA,0,0,8,11,554.4,8944,554.4,6.198568873,6.198568873,6,0.666666667,1.00 or less
3687370077-61111-013_3687370077-61111-014,Apartment,6,PR,PR,PR,PR,PR,NA,NA,NA,NA,NA,,,PR,PR,PR,PR,PR,NA,NA,NA,NA,NA,NA,NA,Head,Son,Daughter,Daughter,Daughter,NA,NA,NA,NA,NA,NA,NA,36,17,13,12,10,NA,NA,NA,NA,NA,NA,NA,5,NA,1,5,8,8,609.84,2600,729.84,23.45538462,28.07076923,6,0.833333333,1.00 or less
3687370077-61111-015_3687370077-61111-016,NA,NA,NA,USA,USA,USA,NA,NA,NA,NA,NA,NA,,,NA,USA,USA,USA,NA,NA,NA,NA,NA,NA,NA,NA,Head,Wife,Daughter,Daughter,NA,NA,NA,NA,NA,NA,NA,NA,NA,NA,NA,NA,NA,NA,NA,NA,NA,NA,NA,NA,4,NA,0,0,NA,NA,534,NA,534,NA,NA,NA,NA,NA
3687370077-61111-017_3687370077-61111-018,NA,6,NA,NA,NA,NA,NA,NA,NA,NA,NA,NA,,,NA,NA,NA,NA,NA,NA,NA,NA,NA,NA,NA,NA,H,Wife,Step Daughter,Step Sister,Step Sister,Son,Son,Son,Son,NA,NA,NA,43,27,7,6,4,4,2,1,21,NA,NA,NA,9,NA,0,0,NA,NA,645.84,NA,645.84,NA,NA,6,1.5,1.01 to 1.50
3687370077-61111-019_3687370077-61111-020,Apartment,6,USA,NA,NA,NA,NA,NA,NA,NA,NA,NA,,,USA,NA,NA,NA,NA,NA,NA,NA,NA,NA,NA,NA,H,Cousin,rommie,rommie,NA,NA,NA,NA,NA,NA,NA,NA,21,45,57,45,NA,NA,NA,NA,NA,NA,NA,NA,4,NA,0,0,18,33,587.4,NA,587.4,NA,NA,6,0.666666667,1.00 or less
3687370077-61111-021_3687370077-61111-022,NA,6,Phillipines,USA,USA,USA,NA,NA,NA,NA,NA,NA,,,Asia,USA,USA,USA,NA,NA,NA,NA,NA,NA,NA,NA,Husband,Wife,Son,Daughter,NA,NA,NA,NA,NA,NA,NA,NA,NA,39,6,16,NA,NA,NA,NA,NA,NA,NA,NA,4,NA,0,0,6.5,20,553.32,5200,553.32,10.64076923,10.64076923,6,0.666666667,1.00 or less
3687370077-61111-023_3687370077-61111-024,Apartment,6,USA,USA,Cuba,Cuba,Cuba,NA,NA,NA,NA,NA,,,USA,USA,Caribbean,Caribbean,Caribbean,NA,NA,NA,NA,NA,NA,NA,Head,Sister,brother of 1+2,Wife of 3,Daughter,NA,NA,NA,NA,NA,NA,NA,54,46,56,46,18,NA,NA,NA,NA,NA,NA,NA,5,NA,0,0,1.5,23,570.36,9600,570.36,5.94125,5.94125,6,0.833333333,1.00 or less
3687370077-61111-025_3687370077-61111-026,Apartment,6,Canada,Canada,USA,USA,USA,NA,NA,NA,NA,NA,,,Nrth. Am.,Nrth. Am.,USA,USA,USA,NA,NA,NA,NA,NA,NA,NA,H,Wife,Daughter,Daughter,Daughter,NA,NA,NA,NA,NA,NA,NA,57,58,35,21,17,NA,NA,NA,NA,NA,NA,NA,5,NA,0,0,16,36,534,5200,534,10.26923077,10.26923077,6,0.833333333,1.00 or less
3687370077-61111-027_3687370077-61111-028,Apartment,6,USA,USA,USA,USA,USA,USA,USA,USA,NA,NA,,,USA,USA,USA,USA,USA,USA,USA,USA,NA,NA,NA,NA,Husband,Wife,Daughter,Son,Son,Daughter,Daughter,Daughter,NA,NA,NA,NA,42,36,13,12,9,8,6,1,NA,NA,NA,NA,8,White,0,0,0.25,21,NA,4000,NA,NA,NA,6,1.333333333,1.01 to 1.50
3687370077-61111-029_3687370077-61111-030,NA,6,PR,USA,USA,USA,USA,USA,USA,USA,PR,NA,,,PR,USA,USA,USA,USA,USA,USA,USA,PR,NA,NA,NA,H,Wife,Daughter,Son,Son,Son,Son,Son,Brother in Law,Son,NA,NA,NA,NA,9,8,5,5,3,2,NA,0,NA,NA,10,NA,1,10,NA,NA,645.84,NA,645.84,NA,NA,6,1.666666667,1.51 or more
3687370077-61111-031_3687370077-61111-032,Apartment,6,Phillipines,USA,USA,USA,NA,NA,NA,NA,NA,NA,,,Asia,USA,USA,USA,NA,NA,NA,NA,NA,NA,NA,NA,H,Wife,Daughter,Son,NA,NA,NA,NA,NA,NA,NA,NA,52,39,14,5,NA,NA,NA,NA,NA,NA,NA,NA,4,NA,0,0,6,30,553.32,1664,553.32,33.25240385,33.25240385,6,0.666666667,1.00 or less
3687371744-61112-001_3687371744-61112-002,Apartment,6,Spain,PR,PR,USA,USA,PR,NA,NA,NA,NA,,,Europe,PR,PR,USA,USA,PR,NA,NA,NA,NA,NA,NA,H,Wife,Son,Son,Daughter,mother of 1,NA,NA,NA,NA,NA,NA,45,43,14,9,6,64,NA,NA,NA,NA,NA,NA,6,NA,1,6,2,14,603.12,4420,603.12,13.64524887,13.64524887,6,1,1.00 or less
3687371744-61112-003_3687371744-61112-004,NA,2,PR,PR,NA,NA,NA,NA,NA,NA,NA,NA,,,PR,PR,NA,NA,NA,NA,NA,NA,NA,NA,NA,NA,H,Wife,NA,NA,NA,NA,NA,NA,NA,NA,NA,NA,41,38,NA,NA,NA,NA,NA,NA,NA,NA,NA,NA,2,NA,1,2,NA,NA,720,2236,720,32.20035778,32.20035778,2,1,1.00 or less
3687371744-61112-005_3687371744-61112-006,NA,3,PR,PR,PR,PR,NA,NA,NA,NA,NA,NA,,,PR,PR,PR,PR,NA,NA,NA,NA,NA,NA,NA,NA,Mother,Daughter,Daughter,Daughter,NA,NA,NA,NA,NA,NA,NA,NA,27,10,8,7,NA,NA,NA,NA,NA,NA,NA,NA,4,NA,1,4,NA,NA,NA,NA,NA,NA,NA,3,1.333333333,1.01 to 1.50
3687371744-61112-007_3687371744-61112-008,Apartment,6,PR,PR,PR,PR,PR,PR,PR,NA,NA,NA,,,PR,PR,PR,PR,PR,PR,PR,NA,NA,NA,NA,NA,H,Wife,Daughter,Son,Daughter,Daughter,Daughter,NA,NA,NA,NA,NA,42,37,18,16,14,13,9,NA,NA,NA,NA,NA,7,NA,1,7,2,7,603.12,2600,603.12,23.19692308,23.19692308,6,1.166666667,1.01 to 1.50
3687371744-61112-009_3687371744-61112-010,Apartment,6,PR,PR,PR,PR,PR,NA,NA,NA,NA,NA,,,PR,PR,PR,PR,PR,NA,NA,NA,NA,NA,NA,NA,H,Wife,Daughter,Daughter,Daughter,NA,NA,NA,NA,NA,NA,NA,46,35,15,13,12,NA,NA,NA,NA,NA,NA,NA,5,NA,1,5,1.5,3,524.4,2535,524.4,20.68639053,20.68639053,6,0.833333333,1.00 or less
3687371744-61112-011_3687371744-61112-012,Apartment,6,PR,PR,USA,USA,PR,NA,NA,NA,NA,NA,,,PR,PR,USA,USA,PR,NA,NA,NA,NA,NA,NA,NA,H,Wife,Daughter,Son,Niece,NA,NA,NA,NA,NA,NA,NA,40,35,16,13,18,NA,NA,NA,NA,NA,NA,NA,5,NA,1,5,1,8,634.8,6059.56,724.8,10.47600816,11.96126451,6,0.833333333,1.00 or less
3687371744-61112-013_3687371744-61112-014,Apartment,6,PR,PR,PR,PR,NA,NA,NA,NA,NA,NA,,,PR,PR,PR,PR,NA,NA,NA,NA,NA,NA,NA,NA,H,Brother,nephew of 1,Son of 1,NA,NA,NA,NA,NA,NA,NA,NA,65,57,24,26,NA,NA,NA,NA,NA,NA,NA,NA,4,NA,1,4,12,12,524.4,3340,524.4,15.7005988,15.7005988,6,0.666666667,1.00 or less
3687371744-61112-015_3687371744-61112-016,Apartment,6,USA,USA,Canada,USA,USA,NA,NA,NA,NA,NA,,,USA,USA,Nrth. Am.,USA,USA,NA,NA,NA,NA,NA,NA,NA,H,Son,wife of 2,Brother of 1,roommate,NA,NA,NA,NA,NA,NA,NA,NA,NA,NA,NA,NA,NA,NA,NA,NA,NA,NA,NA,5,NA,0,0,NA,NA,524.4,NA,524.4,NA,NA,6,0.833333333,1.00 or less
3687371744-61112-017_3687371744-61112-018,Apartment,6,DR,DR,USA,USA,USA,USA,NA,NA,NA,NA,,,Caribbean,Caribbean,USA,USA,USA,USA,NA,NA,NA,NA,NA,NA,Head,Wife,Daughter,Son,Son,Daughter,NA,NA,NA,NA,NA,NA,30,29,8,6,5,0,NA,NA,NA,NA,NA,NA,6,NA,0,0,8,10,603,4680,603,12.88461538,12.88461538,6,1,1.00 or less
3687371744-61112-019_3687371744-61112-020,Apartment,6,PR,PR,PR,NA,NA,NA,NA,NA,NA,NA,,,PR,PR,PR,NA,NA,NA,NA,NA,NA,NA,NA,NA,H,Wife,Son,NA,NA,NA,NA,NA,NA,NA,NA,NA,33,36,17,NA,NA,NA,NA,NA,NA,NA,NA,NA,3,NA,1,3,12,12,683.16,3328,683.16,20.52764423,20.52764423,6,0.5,1.00 or less
3687371744-61112-021_3687371744-61112-022,Apartment,6,PR,DR,USA,USA,USA,NA,NA,NA,NA,NA,,,PR,Caribbean,USA,USA,USA,NA,NA,NA,NA,NA,NA,NA,H,Wife,Son,Son,Daughter,NA,NA,NA,NA,NA,NA,NA,32,28,5,3,1,NA,NA,NA,NA,NA,NA,NA,5,NA,1,5,11,11,729.96,3120,729.96,23.39615385,23.39615385,6,0.833333333,1.00 or less
3687371744-61112-023_3687371744-61112-024,Apartment,6,USA,PR,PR,PR,USA,USA,USA,USA,NA,NA,,,USA,PR,PR,PR,USA,USA,USA,USA,NA,NA,NA,NA,H,Wife,Husband,Wife of 3,head - wife,Daughter of 5,Daughter of 5,Daughter of 5,NA,NA,NA,NA,48,41,40,35,27,9,8,7,NA,NA,NA,NA,8,NA,1,8,2,25,571.32,4160,571.32,13.73365385,13.73365385,6,1.333333333,1.01 to 1.50
3687372978-61113-001_3687372978-61113-002,Apartment,6,Cuba,Cuba,Cuba,Cuba,NA,NA,NA,NA,NA,NA,,,Caribbean,Caribbean,Caribbean,Caribbean,NA,NA,NA,NA,NA,NA,NA,NA,H,Wife,Daughter,Son,NA,NA,NA,NA,NA,NA,NA,NA,41,41,9,8,NA,NA,NA,NA,NA,NA,NA,NA,4,NA,0,0,2,2,634.8,5434,634.8,11.68200221,11.68200221,6,0.666666667,1.00 or less
3687372978-61113-003_3687372978-61113-004,Apartment,6,PR,PR,PR,PR,NA,NA,NA,NA,NA,NA,,,PR,PR,PR,PR,NA,NA,NA,NA,NA,NA,NA,NA,Head,Wife,Son,Daughter,NA,NA,NA,NA,NA,NA,NA,NA,33,29,7,8,NA,NA,NA,NA,NA,NA,NA,NA,4,NA,1,4,1,1,634.8,4784,706.8,13.26923077,14.77424749,6,0.666666667,1.00 or less
3687372978-61113-005_3687372978-61113-006,Apartment,6,PR,PR,PR,PR,NA,NA,NA,NA,NA,NA,,,PR,PR,PR,PR,NA,NA,NA,NA,NA,NA,NA,NA,Head,Wife,Son,Daughter,NA,NA,NA,NA,NA,NA,NA,NA,51,44,18,16,NA,NA,NA,NA,NA,NA,NA,NA,4,NA,1,4,7,11,496.8,2600,568.8,19.10769231,21.87692308,6,0.666666667,1.00 or less
3687372978-61113-007_3687372978-61113-008,Apartment,6,PR,PR,PR,PR,NA,NA,NA,NA,NA,NA,,,PR,PR,PR,PR,NA,NA,NA,NA,NA,NA,NA,NA,Head,Son,Mother of 1,Brother of 1,NA,NA,NA,NA,NA,NA,NA,NA,40,14,73,38,NA,NA,NA,NA,NA,NA,NA,NA,4,NA,1,4,5,14,571.32,5980,643.32,9.553846154,10.75785953,6,0.666666667,1.00 or less
3687372978-61113-009_3687372978-61113-010,Apartment,6,Cuba,NA,NA,NA,NA,NA,NA,NA,NA,NA,,,Caribbean,NA,NA,NA,NA,NA,NA,NA,NA,NA,NA,NA,Head,Son,Son,NA,NA,NA,NA,NA,NA,NA,NA,NA,58,NA,NA,NA,NA,NA,NA,NA,NA,NA,NA,NA,3,NA,0,0,2,6,571.32,NA,655.32,NA,NA,6,0.5,1.00 or less
3687372978-61113-011_3687372978-61113-012,Apartment,6,PR,PR,PR,PR,PR,NA,NA,NA,NA,NA,,,PR,PR,PR,PR,PR,NA,NA,NA,NA,NA,NA,NA,H,Wife,Son,Son,Son,NA,NA,NA,NA,NA,NA,NA,60,56,22,30,18,NA,NA,NA,NA,NA,NA,NA,5,NA,1,5,13,15,496.8,2964,496.8,16.7611336,16.7611336,6,0.833333333,1.00 or less
3687372978-61113-013_3687372978-61113-014,Apartment,6,PR,PR,PR,PR,PR,NA,NA,NA,NA,NA,,,PR,PR,PR,PR,PR,NA,NA,NA,NA,NA,NA,NA,H,Wife,Son,Son,Son,NA,NA,NA,NA,NA,NA,NA,NA,NA,15,14,11,NA,NA,NA,NA,NA,NA,NA,5,NA,1,5,NA,9,571.32,2340,571.32,24.41538462,24.41538462,6,0.833333333,1.00 or less
3687372978-61113-015_3687372978-61113-016,Apartment,6,USA,USA,Germany,NA,NA,NA,NA,NA,NA,NA,,,USA,USA,Europe,NA,NA,NA,NA,NA,NA,NA,NA,NA,H,Daughter,Roommate,NA,NA,NA,NA,NA,NA,NA,NA,NA,69,40,59,NA,NA,NA,NA,NA,NA,NA,NA,NA,3,NA,0,0,24,21,552,6032,552,9.151193634,9.151193634,6,0.5,1.00 or less
3687372978-61113-017_3687372978-61113-018,Apartment,6,Italy,USA,NA,NA,NA,NA,NA,NA,NA,NA,,,Europe,USA,NA,NA,NA,NA,NA,NA,NA,NA,NA,NA,H,Wife,NA,NA,NA,NA,NA,NA,NA,NA,NA,NA,69,51,NA,NA,NA,NA,NA,NA,NA,NA,NA,NA,2,NA,0,0,12,35,524.4,3280,524.4,15.98780488,15.98780488,6,0.333333333,1.00 or less
3687372978-61113-019_3687372978-61113-020,Apartment,6,NA,NA,NA,NA,NA,NA,NA,NA,NA,NA,,,NA,NA,NA,NA,NA,NA,NA,NA,NA,NA,NA,NA,H,NA,NA,NA,NA,NA,NA,NA,NA,NA,NA,NA,NA,NA,NA,NA,NA,NA,NA,NA,NA,NA,NA,NA,1,NA,0,0,NA,NA,603.12,NA,603.12,NA,NA,6,0.166666667,1.00 or less
458103019-61041-009-_3458103019-61041-010,NA,1.5,PR,USA,USA,USA,NA,NA,NA,NA,NA,NA,,,PR,USA,USA,USA,NA,NA,NA,NA,NA,NA,NA,NA,NA,NA,NA,NA,NA,NA,NA,NA,NA,NA,NA,NA,34,3,4,2,NA,NA,NA,NA,NA,NA,NA,NA,4,NA,1,4,0.666666667,9,832,NA,832,NA,NA,1.5,2.666666667,1.51 or more
95374663-61114-005-F_3195374663-61114-006,Apartment,6,NA,NA,NA,NA,NA,NA,NA,NA,NA,NA,,,NA,NA,NA,NA,NA,NA,NA,NA,NA,NA,NA,NA,Head,NA,NA,NA,NA,NA,NA,NA,NA,NA,NA,NA,NA,NA,NA,NA,NA,NA,NA,NA,NA,NA,NA,NA,1,NA,0,0,15,15,600.36,NA,600.36,NA,NA,6,0.166666667,1.00 or less
